323.0,124.50,124.54,120.80,121.33,27765072
322.0,136.89,137.45,135.33,135.96,5700001
321.0,138.80,139.40,136.52,137.17,3263662
320.0,137.83,139.72,137.23,138.86,4306128
319.0,136.50,138.20,136.01,136.71,4175750
316.0,138.47,138.47,135.54,136.46,5151061
315.0,139.87,139.91,137.55,138.50,4254177
314.0,138.66,140.20,138.61,139.56,3780329
313.0,139.27,140.03,139.11,139.69,4611562
312.0,139.72,139.90,138.36,139.27,3445662
309.0,140.48,141.20,138.24,139.21,5915561
308.0,142.94,142.99,137.91,140.01,13293876
307.0,146.20,146.89,145.69,146.52,2124834
306.0,146.47,146.64,145.12,146.08,2097807
305.0,146.20,147.17,144.42,146.04,4652489
302.0,143.00,146.00,142.16,145.82,4324637
301.0,142.50,143.97,142.07,142.76,2091460
300.0,144.12,144.62,142.13,142.97,2613997
299.0,145.03,146.00,143.47,143.63,3271426
298.0,143.89,146.13,143.70,144.94,4713525
295.0,143.31,144.19,141.75,143.89,3549466
294.0,143.84,144.59,143.02,143.78,2662231
293.0,143.27,144.45,142.80,144.24,3865741
292.0,142.93,144.00,142.33,143.47,3102753
291.0,142.55,142.89,141.26,142.84,2684133
288.0,141.50,142.69,140.36,142.04,5983997
287.0,140.66,142.30,139.60,140.61,3074739
286.0,141.67,142.30,140.57,141.26,2608434
285.0,140.89,142.07,140.05,142.07,2236582
284.0,140.56,141.28,139.00,140.92,2950213
281.0,141.33,142.09,139.86,140.50,3675872
280.0,139.50,142.64,139.23,141.76,4968659
279.0,139.91,140.53,139.11,140.16,3485477
278.0,138.35,140.31,137.99,139.35,4310122
274.0,139.00,140.25,137.75,139.38,3901207
273.0,135.46,139.00,135.08,138.93,6387501
272.0,132.42,135.88,132.30,134.34,3569380
271.0,130.74,133.30,130.51,132.44,2197476
270.0,130.65,132.89,130.12,131.65,3266645
267.0,130.70,131.58,129.62,129.68,2313034
266.0,129.50,130.32,128.39,130.05,2511527
265.0,129.55,130.25,129.02,129.19,1996262
264.0,128.14,130.73,128.14,130.29,2797496
263.0,127.45,128.35,126.86,127.43,2912503
260.0,127.43,129.01,127.27,127.65,4270548
259.0,130.57,131.17,127.42,127.58,4462431
258.0,131.77,132.12,130.38,131.26,2219882
257.0,133.62,133.62,131.26,131.37,2455846
256.0,132.05,133.31,131.62,132.96,2930429
253.0,130.30,131.39,129.91,130.61,2735623
252.0,135.05,135.40,129.83,130.37,4220980
251.0,133.76,135.76,133.61,135.57,3085703
250.0,136.67,136.81,134.70,135.27,2836612
249.0,136.20,137.83,136.18,137.06,2874377
246.0,136.00,136.81,135.02,136.70,3197673
245.0,135.50,136.85,134.57,135.90,2838895
244.0,135.11,135.51,133.46,134.85,3052935
243.0,135.63,136.58,134.48,135.18,3019268
243.0,134.75,136.55,134.24,135.41,4266890
240.0,133.95,135.13,133.19,134.10,3794219
239.0,138.48,139.00,133.00,134.15,6048153
238.0,136.57,137.81,135.78,137.75,3281447
237.0,138.70,138.90,135.86,136.44,3645465
236.0,138.00,138.93,137.10,137.84,4526707
233.0,136.23,138.17,135.72,137.74,3651611
232.0,135.15,137.45,134.60,136.31,3856925
231.0,134.95,135.97,134.20,135.00,3132525
230.0,134.80,134.80,132.90,134.27,2109506
229.0,134.31,136.12,133.81,134.87,2783098
226.0,134.98,135.27,133.38,134.57,3344309
225.0,133.68,135.99,131.59,134.47,4994288
224.0,133.25,133.78,132.51,133.56,2364464
223.0,132.48,133.35,131.57,132.25,2778672
222.0,132.61,133.22,131.37,131.93,2439544
219.0,132.25,133.84,131.78,132.56,2942725
218.0,132.18,133.19,131.23,131.95,3330920
217.0,130.98,133.25,130.21,133.20,3660142
215.0,130.61,131.35,130.14,130.18,1761176
211.0,131.81,131.81,128.82,129.87,3946514
210.0,133.53,133.97,130.46,131.70,4074960
209.0,131.41,134.66,130.39,134.23,5245131
208.0,133.72,133.85,130.78,130.85,4481903
207.0,134.23,134.44,132.56,133.85,3883232
204.0,133.50,134.56,131.72,134.31,4757377
203.0,133.00,135.18,132.83,133.68,8887659
202.0,126.96,133.71,126.40,132.83,13817243
201.0,124.75,127.36,123.62,126.22,6245139
200.0,122.88,125.76,122.41,125.16,5971963
197.0,120.67,122.72,120.66,122.36,7424941
196.0,120.63,120.91,119.26,120.61,3376183
195.0,119.80,122.38,119.13,121.04,4724452
194.0,119.45,119.98,119.12,119.62,2962667
193.0,117.94,119.93,117.75,119.35,3488340
190.0,117.02,119.94,116.66,118.19,4568597
189.0,117.70,117.95,116.05,117.06,3934092
188.0,116.91,118.23,116.88,117.57,2720844
187.0,117.73,118.08,116.43,116.88,3224614
186.0,119.51,119.59,117.42,118.10,2970832
183.0,116.71,119.05,116.47,118.73,4382276
182.0,114.51,116.78,114.08,116.41,4273328
181.0,115.01,115.10,113.63,114.41,4736322
180.0,116.46,116.81,115.06,115.13,3473293
176.0,116.93,117.18,116.34,116.78,2557459
175.0,117.94,118.08,116.57,116.74,3777102
174.0,117.73,117.93,116.97,117.75,2692435
173.0,115.90,117.95,115.50,117.31,4396879
172.0,116.50,116.69,113.63,115.71,5685232
169.0,117.73,118.42,116.88,116.93,3093067
168.0,117.07,119.09,117.07,117.40,3645022
167.0,118.45,118.80,117.00,117.10,3672459
166.0,119.17,119.84,118.55,119.36,3003719
165.0,119.33,119.54,118.68,119.04,2979980
162.0,119.85,120.20,118.90,119.32,2649654
161.0,119.07,119.58,118.26,119.52,2592064
160.0,120.04,120.47,118.92,119.68,3207906
159.0,118.81,120.21,118.59,120.10,4317810
158.0,122.09,122.52,117.31,118.36,6154257
155.0,123.97,124.15,121.70,122.41,3910441
154.0,123.69,124.73,123.63,124.46,2460075
153.0,123.87,124.13,122.95,123.43,2433478
152.0,123.96,124.37,123.09,123.82,3282926
151.0,124.09,124.70,123.78,124.06,3518702
148.0,124.21,124.33,123.20,124.05,3544305
147.0,122.48,124.98,122.12,123.97,4638696
146.0,126.26,126.53,125.06,125.20,3625449
145.0,124.00,126.22,123.74,125.52,3986050
144.0,123.63,123.90,122.98,123.15,3269846
141.0,123.55,123.78,121.71,122.26,2913961
140.0,123.35,123.80,122.33,123.27,2972267
139.0,123.53,123.70,122.76,122.92,3265194
138.0,124.48,125.00,122.25,123.01,3064526
137.0,124.50,125.16,124.19,125.07,1883724
133.0,125.25,125.82,124.42,124.45,2623661
132.0,125.18,125.54,124.48,125.15,3249154
131.0,125.69,126.45,124.11,125.06,3095371
130.0,125.81,126.40,125.07,125.92,3279121
127.0,124.46,126.32,124.00,125.58,2675200
126.0,124.10,124.74,123.65,124.30,2883292
125.0,125.28,126.66,123.91,124.18,3406185
124.0,123.64,124.85,123.54,124.77,2293700
123.0,124.92,125.69,123.70,124.05,3728614
120.0,124.03,124.85,123.63,124.43,2866309
119.0,123.93,124.49,123.37,124.34,1908686
118.0,124.28,125.06,123.96,124.09,2055284
117.0,124.61,125.45,123.76,124.43,3059647
116.0,122.25,125.99,122.15,124.86,4370158
113.0,123.72,124.13,122.95,123.38,2845493
112.0,123.19,124.13,122.47,123.22,2785755
111.0,124.05,124.60,122.17,123.37,3991773
110.0,126.67,127.04,123.44,123.82,4435918
109.0,125.57,127.15,125.34,126.51,2878400
106.0,126.73,127.64,125.51,125.77,6142409
105.0,127.05,127.25,124.82,126.62,4110071
104.0,124.95,127.44,124.65,126.88,4879019
103.0,124.40,125.33,124.03,124.68,2955071
102.0,124.18,124.57,123.01,124.43,2833523
99.0,126.50,126.50,123.24,124.00,5096906
98.0,123.30,126.16,123.10,125.13,5599524
97.0,122.01,123.30,121.56,123.04,3529555
96.0,122.17,122.72,121.21,122.08,3590991
95.0,123.45,124.02,122.50,123.52,2809430
92.0,122.08,123.89,121.31,123.66,3229181
91.0,123.64,124.20,121.72,122.24,3782542
90.0,124.79,124.79,122.70,123.70,4528950
87.0,121.86,124.56,121.70,123.51,6513617
86.0,118.30,122.00,118.01,121.78,4220447
83.0,118.50,119.31,117.28,118.23,4485995
82.0,119.86,119.95,117.70,119.46,4410062
81.0,119.48,120.50,118.84,119.27,3834874
80.0,121.39,122.22,119.12,119.44,4641754
76.0,119.13,121.19,118.80,121.16,4858957
75.0,120.16,120.77,118.25,118.66,3384330
74.0,117.13,120.63,117.03,120.47,5229593
73.0,116.13,117.21,115.09,117.02,3536621
72.0,116.02,116.85,115.70,116.42,2350847
69.0,116.70,117.00,115.25,115.61,3102837
68.0,116.48,116.92,115.02,116.74,3409345
67.0,115.71,116.19,114.74,115.35,3285859
66.0,116.34,117.36,115.85,116.26,2605288
65.0,115.69,116.53,115.04,116.09,3526910
62.0,116.03,116.32,114.51,115.64,2571146
61.0,116.34,117.00,114.68,115.54,4244553
60.0,116.11,117.68,115.26,117.41,4674361
59.0,112.03,116.32,111.90,116.15,5976809
58.0,113.48,114.00,111.90,113.18,4290322
55.0,112.01,113.84,111.46,113.62,4069884
54.0,114.58,115.00,111.06,111.53,7107318
53.0,113.36,114.27,112.86,113.98,5333010
52.0,112.75,113.00,111.26,112.45,3251341
51.0,112.73,113.36,111.63,112.31,3577137
48.0,114.28,114.75,112.42,112.66,5288587
47.0,115.07,115.29,113.15,113.62,4701297
46.0,115.10,115.26,114.29,115.22,4041063
45.0,116.36,116.42,113.15,114.95,5371436
41.0,117.15,118.70,116.82,117.48,3548478
40.0,117.11,117.65,115.31,117.08,3977966
39.0,120.00,120.81,115.26,117.24,7612374
38.0,120.41,121.59,119.58,119.98,4688116
37.0,120.05,122.39,117.60,120.21,7734824
34.0,119.56,121.00,118.77,119.64,5301916
33.0,118.49,119.07,117.56,118.76,3913088
32.0,119.24,119.28,117.45,118.55,4014479
31.0,116.50,118.76,116.31,118.75,4051809
364.0,117.20,117.55,115.12,115.75,2988222
363.0,117.17,117.66,116.17,116.93,1665253
362.0,117.86,118.47,116.94,117.29,1889158
361.0,119.11,119.95,117.83,117.92,2176239
357.0,117.95,119.35,117.54,118.93,2577735
356.0,116.14,117.95,114.91,117.87,3453548
355.0,118.03,118.42,115.39,115.85,4451826
354.0,117.30,118.60,117.00,118.52,3560644
353.0,116.70,118.44,115.41,115.73,2971241
350.0,117.33,118.75,116.32,116.62,7040540
349.0,116.39,118.47,115.70,117.18,4581284
348.0,115.00,116.51,114.79,115.83,3380960
347.0,113.40,115.87,112.95,115.09,3969328
346.0,112.90,113.60,111.52,113.22,3701876
343.0,113.68,115.14,112.74,113.47,3587123
342.0,112.58,113.31,110.91,113.06,5101587
341.0,114.88,114.91,110.05,112.66,10177928
340.0,117.34,118.53,116.09,117.39,4459478
339.0,118.20,118.30,115.92,116.56,5112500
336.0,118.62,119.39,117.23,117.63,3866633
335.0,119.74,119.94,118.00,118.87,4297427
364.0,122.96,122.96,118.33,118.51,5514032
363.0,120.91,123.20,120.50,122.13,4450672
362.0,120.31,121.22,119.11,120.30,3357961
359.0,121.00,121.32,119.83,121.06,1792549
357.0,118.43,121.02,117.75,120.85,4840886
356.0,124.79,124.79,120.01,120.97,6606086
355.0,122.18,124.84,121.84,124.16,6876528
352.0,121.87,122.50,121.06,121.97,5048365
351.0,119.64,122.34,119.25,122.08,3990315
350.0,120.08,121.22,119.16,119.69,2626848
349.0,120.08,121.19,118.42,120.91,3508337
348.0,119.34,121.65,118.17,120.68,4695178
345.0,119.30,120.60,116.85,119.45,5731512
344.0,119.97,122.34,118.09,121.06,12026664
343.0,115.75,127.00,114.70,120.07,22699805
342.0,106.58,109.30,106.49,108.45,4289002
341.0,104.86,108.00,104.72,107.49,6445842
338.0,100.97,104.29,100.92,103.44,3733229
337.0,102.61,103.53,102.15,102.35,4476487
336.0,103.90,104.89,102.80,102.85,3428042
335.0,102.00,104.11,101.30,104.09,4473848
334.0,103.96,104.56,102.08,102.18,4787494
331.0,104.02,105.19,102.61,103.90,6962527
330.0,101.81,106.13,101.67,104.72,11213821
329.0,97.77,99.22,97.33,98.41,5016849
328.0,98.10,98.43,96.93,97.63,4768930
327.0,99.65,99.69,97.97,98.07,4154623
324.0,99.53,99.75,98.12,98.91,4660808
323.0,100.13,101.00,99.67,100.02,3628814
322.0,99.86,101.10,99.86,100.02,2934111
321.0,100.35,101.27,100.02,100.06,2878140
320.0,98.99,100.51,97.85,99.64,4505285
317.0,101.25,101.39,98.48,98.50,4317515
316.0,99.55,101.38,99.50,100.63,3779786
315.0,101.78,102.40,99.89,100.10,3215886
314.0,103.60,103.88,101.02,101.64,3428438
313.0,104.43,105.06,104.15,104.27,2074445
310.0,104.46,104.73,103.14,104.07,1871956
309.0,104.84,105.35,103.58,104.03,3189995
308.0,104.82,106.36,104.70,105.29,2600009
307.0,104.38,105.46,104.27,104.67,2681343
306.0,104.15,104.48,103.01,104.27,2592304
303.0,103.42,105.24,102.70,104.53,4666676
302.0,105.83,106.30,102.28,102.77,5545237
301.0,107.62,107.62,105.45,105.83,4713821
300.0,106.38,107.50,105.69,107.40,3273022
299.0,109.00,109.42,105.97,106.31,4134051
296.0,110.87,111.14,109.29,109.43,3071064
295.0,110.00,110.85,108.54,110.57,4458373
294.0,109.00,109.91,107.57,109.58,3122472
293.0,108.42,109.20,108.10,108.42,2615950
292.0,108.67,109.16,107.59,107.73,2705194
289.0,107.13,108.88,106.70,108.54,5923959
288.0,106.13,107.71,105.44,107.35,3487408
287.0,104.77,106.56,104.65,106.06,3998008
286.0,105.68,106.35,103.50,104.53,3632060
285.0,104.49,107.15,104.18,106.85,5557016
282.0,106.80,106.97,104.42,104.47,4339122
281.0,106.50,107.89,106.29,107.65,2819391
280.0,106.73,107.91,106.30,106.96,3095699
279.0,105.78,107.20,105.30,106.71,3544722
275.0,107.00,107.00,105.26,105.49,3274753
274.0,107.04,107.30,105.38,106.37,3487171
273.0,107.17,107.79,106.30,106.74,3087710
272.0,107.89,108.51,106.74,107.02,3196596
271.0,109.08,109.44,107.68,107.95,2607239
268.0,107.93,110.13,107.50,108.79,4728358
267.0,110.77,111.00,106.65,107.91,5627823
266.0,113.86,115.50,110.07,110.60,4764025
265.0,114.49,115.52,113.92,114.01,2303075
264.0,112.82,114.47,112.53,114.20,2672799
261.0,111.83,112.93,111.60,112.16,2916819
260.0,112.47,112.95,111.95,112.13,2158276
259.0,112.17,112.84,111.67,112.55,3733670
258.0,114.08,114.65,112.10,112.17,4254094
257.0,113.84,114.80,113.31,114.62,2978509
254.0,113.17,113.86,112.51,113.39,3374086
253.0,112.81,113.94,112.27,113.81,2766176
252.0,113.75,114.20,111.94,112.53,2695130
251.0,114.02,114.56,113.45,113.80,2436647
250.0,115.49,115.53,112.75,113.63,5853745
247.0,116.77,117.90,115.36,115.53,4972905
246.0,116.61,117.45,115.54,116.27,7376899
245.0,114.16,117.61,113.86,116.14,6370194
244.0,114.64,115.40,112.83,114.29,5055779
243.0,111.69,115.02,111.61,114.69,6629510
241.0,110.66,112.43,110.50,112.19,5486248
240.0,109.91,112.25,109.80,111.26,8339155
239.0,106.02,108.84,105.56,108.11,6045856
238.0,105.99,108.03,105.49,106.18,6512818
237.0,107.44,108.14,106.73,107.93,3424515
234.0,107.98,108.40,106.75,107.52,3480242
233.0,105.60,107.48,105.46,107.45,5231573
232.0,102.93,105.60,102.50,104.62,5657943
231.0,102.41,103.14,101.83,102.26,2713762
230.0,102.85,103.38,102.01,102.70,2530186
227.0,102.37,104.56,102.17,102.85,5423844
226.0,102.95,103.14,100.86,101.42,5392013
225.0,104.07,104.23,101.63,101.76,4163585
224.0,104.05,104.91,103.26,103.41,3851896
223.0,105.67,105.79,103.41,103.41,3596789
220.0,103.79,105.67,103.33,105.03,3369942
219.0,104.30,104.95,103.05,104.41,4136820
218.0,100.25,104.94,100.13,104.60,7347983
217.0,100.94,100.98,99.45,100.25,2901168
213.0,98.53,101.39,98.25,100.70,3410807
211.0,98.81,98.99,97.19,98.63,4843295
210.0,97.80,99.42,97.12,98.81,5295411
209.0,96.26,97.75,96.06,97.28,5482299
208.0,95.56,96.78,94.42,94.85,6589851
205.0,97.20,98.65,96.26,96.29,7136674
204.0,100.26,100.76,99.25,100.66,3831469
203.0,97.43,100.70,96.33,99.23,9035333
202.0,99.54,99.80,96.31,96.86,8436974
201.0,100.24,101.10,99.14,99.29,4892848
198.0,100.43,100.43,98.22,98.74,5976683
197.0,99.53,100.47,98.73,100.23,3164470
196.0,101.43,102.19,99.83,99.98,3811334
195.0,100.80,101.69,99.49,101.03,4747544
194.0,102.84,104.37,101.54,101.61,3194453
191.0,104.90,105.47,102.51,102.91,4953696
190.0,106.07,107.74,105.75,106.13,3436392
189.0,107.42,107.49,106.20,106.78,3505319
188.0,106.77,107.80,105.65,107.40,3978351
187.0,107.60,108.50,106.52,107.65,2767840
184.0,108.10,108.32,106.11,107.59,3080697
183.0,106.02,108.24,105.88,108.24,4032416
182.0,104.48,106.44,104.42,106.02,2851558
181.0,107.25,107.44,105.42,105.52,5944032
177.0,106.29,106.74,105.30,106.43,2511685
176.0,104.80,107.40,104.24,105.78,4781069
175.0,104.24,105.87,104.02,105.11,3654926
174.0,101.62,103.87,101.32,103.70,3461885
173.0,101.31,102.25,100.80,101.02,2744267
170.0,100.12,102.41,100.04,101.46,3707797
169.0,100.30,100.92,99.03,99.94,3632991
168.0,100.36,102.04,100.06,101.08,3353701
167.0,101.03,101.84,100.12,100.68,3272972
166.0,99.99,101.80,99.76,101.57,2416613
163.0,99.92,101.91,99.57,100.16,3194996
162.0,100.89,100.99,99.24,100.30,3973576
161.0,103.21,103.23,100.13,100.25,3299502
160.0,102.80,103.48,101.75,103.25,2911690
159.0,100.61,103.05,100.59,102.41,3492969
156.0,100.72,102.11,99.27,100.25,3727368
155.0,100.82,101.83,99.98,101.71,3406278
154.0,102.84,102.84,100.22,100.90,4359489
153.0,103.49,104.65,102.54,103.22,3605615
152.0,103.25,105.02,102.72,104.97,4915743
149.0,106.06,108.34,102.39,103.41,6930455
148.0,105.08,110.20,103.36,108.03,8598507
147.0,107.90,108.11,105.82,106.15,5844393
146.0,110.70,110.77,107.21,107.55,5468497
145.0,110.43,111.90,109.83,110.57,3047817
142.0,110.34,111.50,109.65,110.52,4838599
141.0,106.51,110.07,106.31,109.92,3969761
140.0,106.50,107.35,105.86,106.73,2729938
139.0,108.19,108.72,106.36,106.53,3896614
138.0,107.15,108.73,106.51,107.84,3473988
135.0,106.84,107.42,105.08,107.34,5189671
134.0,107.82,107.94,106.07,106.99,3173281
133.0,106.44,107.79,105.28,107.60,4344853
132.0,103.33,105.80,103.14,105.26,3996582
131.0,106.52,107.06,103.29,103.81,4832660
128.0,109.11,109.20,105.39,106.26,4043505
127.0,108.20,109.76,106.61,107.11,6161328
126.0,102.55,108.50,102.48,108.22,8344771
125.0,99.96,102.70,99.86,102.12,4733984
124.0,101.91,102.39,100.90,101.05,4432426
121.0,99.59,101.36,98.81,101.19,4381742
120.0,99.11,100.93,98.65,100.09,4038488
119.0,100.44,102.27,98.78,98.80,4157770
118.0,98.99,100.24,97.09,100.15,5512070
117.0,100.50,100.99,98.99,99.22,3045970
113.0,99.21,101.98,98.10,100.54,3760679
112.0,102.70,102.87,99.48,99.92,4988992
111.0,100.34,103.74,100.25,102.73,6880925
110.0,98.24,101.74,98.22,101.14,5666630
107.0,96.89,99.26,96.10,98.76,9569550
106.0,97.04,97.63,94.39,96.69,9016921
105.0,97.35,98.62,96.66,97.53,5261494
104.0,99.41,99.62,97.63,97.98,7131305
103.0,101.60,101.64,99.92,99.99,5217548
100.0,101.26,102.03,99.12,101.85,7278237
99.0,101.44,102.32,99.10,100.06,5855356
98.0,102.87,103.25,99.64,101.04,6808542
97.0,103.46,104.95,102.44,102.62,5327945
96.0,101.69,104.99,101.56,104.25,4073511
93.0,102.77,103.67,101.21,102.51,5120692
92.0,104.08,104.35,102.48,102.73,4097483
91.0,103.89,106.14,103.44,104.73,4692749
90.0,101.83,105.00,100.72,105.00,5241324
88.0,102.87,103.31,100.80,100.83,5599851
85.0,103.10,104.35,102.54,103.37,3831703
84.0,103.05,103.27,101.16,102.35,4942829
83.0,100.69,102.59,99.92,102.08,5363243
82.0,104.43,105.73,101.88,102.04,5772853
81.0,104.12,104.60,102.40,104.58,4490692
78.0,103.06,103.77,102.11,102.61,4851368
77.0,105.50,106.00,103.22,103.52,4453458
76.0,105.84,106.42,104.00,105.31,5449103
75.0,104.20,105.18,103.09,104.49,5324116
71.0,100.99,102.77,97.45,102.45,5978937
70.0,100.21,102.15,98.36,99.59,7488644
69.0,101.84,105.98,101.17,103.16,8014883
68.0,96.73,102.96,95.75,100.50,7264378
67.0,96.44,100.70,95.51,99.18,9392383
64.0,101.72,101.94,96.40,97.89,7732834
63.0,99.43,103.69,98.75,101.93,7865175
62.0,97.80,99.95,93.05,99.49,9720433
61.0,99.04,100.63,96.22,96.85,7521875
60.0,99.69,101.83,96.90,100.80,10649868
57.0,97.27,100.42,95.56,100.32,9799736
56.0,101.51,102.35,95.10,97.21,13823720
55.0,107.78,108.33,101.20,102.31,7109935
54.0,107.06,107.58,104.00,105.99,4499820
53.0,109.24,109.91,106.55,106.70,5337708
50.0,108.09,109.70,106.47,108.81,5652081
49.0,108.22,109.41,105.40,105.46,8623950
48.0,101.67,109.56,101.22,107.49,11005330
47.0,104.59,105.63,101.38,102.99,7286022
43.0,101.95,104.84,100.82,103.06,9017776
42.0,101.34,107.18,99.44,105.62,8378346
41.0,106.98,108.63,100.30,100.67,7663339
40.0,104.00,107.92,102.86,106.85,8480678
39.0,109.55,109.96,99.33,103.03,15845760
36.0,112.82,114.73,108.79,108.98,7410949
35.0,114.21,115.47,111.60,111.89,5530297
34.0,116.22,117.86,115.59,116.71,3890237
33.0,117.71,119.59,116.68,117.96,3960370
32.0,116.77,118.43,116.10,117.62,5117940
365.0,119.89,121.83,119.59,119.76,3550976
364.0,120.99,121.90,120.24,120.68,2684377
363.0,119.68,121.66,119.61,121.27,3406381
362.0,120.51,121.65,118.47,119.10,4127055
358.0,121.21,122.97,120.50,122.14,2382297
357.0,120.20,123.22,118.00,122.07,14055636
356.0,111.32,111.57,109.84,111.14,3376844
355.0,111.13,111.74,109.73,110.84,3320185
352.0,111.47,112.68,110.04,110.14,5809477
351.0,116.00,116.29,112.07,112.17,3606078
350.0,114.00,116.10,112.72,115.72,4244736
349.0,111.27,114.24,110.84,113.14,4658616
348.0,109.36,110.39,107.50,110.26,4079114
345.0,110.50,112.08,108.27,108.36,4613567
344.0,111.22,113.50,110.59,112.42,3023543
343.0,110.69,112.48,110.21,110.94,4362368
342.0,107.79,112.53,107.76,112.05,3876392
341.0,110.30,110.93,108.20,109.05,4055437
338.0,107.40,110.43,107.00,110.36,4963484
337.0,111.65,111.80,106.00,106.55,6339702
336.0,110.50,113.45,109.75,111.43,4854063
335.0,110.27,111.39,109.03,110.56,4315178
364.0,112.85,113.05,109.37,109.45,4490804
361.0,112.66,113.05,112.02,112.69,1310275
359.0,112.68,113.70,112.26,112.35,2304468
358.0,113.07,113.65,111.46,112.67,3412144
357.0,114.04,115.50,113.13,113.60,3718337
354.0,115.12,115.55,113.24,113.51,3566757
353.0,115.99,116.24,113.57,114.15,3679941
352.0,111.36,115.93,110.78,115.78,5373938
351.0,110.19,112.59,109.58,111.11,5060821
350.0,107.68,110.62,105.67,110.14,7878169
347.0,109.02,111.38,107.33,107.49,6173281
346.0,111.99,112.00,108.98,109.02,5350065
345.0,114.10,114.28,112.15,112.21,3524388
344.0,114.32,114.72,113.15,113.77,4500139
343.0,115.85,116.00,113.26,114.08,5909675
340.0,118.53,118.99,113.99,116.74,8283613
339.0,122.50,122.50,118.61,120.46,8611555
338.0,126.62,127.97,124.18,127.17,4095702
337.0,127.20,127.51,125.19,126.52,3102870
336.0,123.94,127.55,123.25,127.20,3936061
333.0,124.80,125.99,122.10,122.71,5246584
332.0,127.63,128.39,124.17,124.93,3657173
331.0,125.88,127.15,123.75,127.14,3666363
330.0,123.86,125.91,121.41,125.79,5320795
329.0,120.31,124.86,118.94,123.65,5007061
326.0,118.39,120.90,117.35,120.08,4855143
325.0,116.52,118.05,114.23,117.26,4462355
324.0,117.93,118.04,113.07,115.92,4965401
323.0,119.32,120.51,115.91,116.24,4245660
322.0,117.46,120.27,116.66,119.41,4711461
319.0,118.18,118.64,115.98,117.88,4362782
318.0,113.21,117.60,112.25,117.53,4526313
317.0,114.69,116.44,112.64,113.73,4150357
316.0,116.58,118.27,113.60,113.77,4325388
315.0,118.56,118.88,116.09,117.60,3270829
312.0,117.62,118.50,115.80,117.38,5043543
311.0,116.36,118.65,113.10,117.97,4591629
310.0,112.81,118.50,110.88,116.98,8125151
309.0,115.87,115.93,108.66,112.19,8376898
308.0,117.90,118.41,114.73,116.62,6387499
305.0,110.61,116.50,109.80,116.44,8395949
304.0,110.43,113.08,107.51,112.86,9390815
303.0,107.73,109.51,105.80,108.17,8743327
302.0,104.41,108.31,103.27,105.34,9364263
301.0,107.39,108.63,103.36,104.79,11675499
298.0,115.68,115.68,106.93,108.39,10015760
297.0,116.83,116.92,112.37,113.88,7304119
296.0,117.86,119.29,113.50,117.04,3521868
295.0,117.10,118.00,114.68,117.61,8029191
294.0,123.28,123.97,117.22,119.14,7089193
291.0,124.29,124.70,122.16,122.62,7611240
290.0,124.00,126.98,122.70,125.73,4212613
289.0,124.13,125.35,122.41,123.78,3022543
288.0,122.65,125.10,121.65,124.35,3671102
287.0,123.98,124.00,121.03,122.21,3198943
284.0,122.59,123.97,121.36,123.97,3161945
283.0,120.67,123.99,120.34,122.97,3788478
282.0,125.00,125.70,120.67,121.06,4642937
281.0,120.00,123.15,118.86,123.02,4546188
277.0,115.88,118.26,115.48,117.39,3691624
276.0,120.08,121.14,117.09,117.65,3690126
275.0,117.27,119.60,115.71,119.58,5500490
274.0,114.62,118.40,114.62,115.46,6262431
273.0,122.85,123.60,117.32,118.08,7086989
270.0,122.38,124.44,121.87,124.04,4593956
269.0,120.97,123.33,119.25,123.04,5763737
268.0,116.50,119.32,112.84,119.23,6538782
267.0,118.64,119.50,112.66,112.70,8276869
266.0,104.28,120.20,92.98,113.38,11346950
263.0,122.81,124.91,118.92,119.05,7881633
262.0,127.42,128.49,124.82,124.96,5081660
261.0,129.46,129.92,127.50,129.06,3218705
260.0,131.50,132.00,129.63,130.20,2645122
259.0,128.60,131.31,128.00,131.21,2651702
256.0,129.57,130.10,127.58,129.24,3402198
255.0,131.45,132.60,130.10,130.30,3252543
254.0,129.73,131.54,127.34,131.03,3482289
253.0,130.44,131.91,129.17,130.66,3267093
252.0,129.85,131.96,129.56,131.23,4122280
249.0,127.99,128.79,125.00,128.60,5627273
248.0,133.00,133.50,127.82,128.05,4657674
247.0,132.49,133.59,132.28,132.72,3094650
246.0,131.64,132.00,130.03,131.08,2587133
245.0,131.85,132.41,129.85,131.47,3064984
243.0,132.83,133.00,130.77,131.25,3546702
242.0,132.31,132.55,128.81,131.88,5039550
241.0,136.33,136.40,132.07,132.14,4866107
240.0,134.00,136.08,132.46,135.42,4553161
239.0,133.45,133.45,131.11,132.56,6791345
236.0,134.28,137.54,133.95,134.90,7031389
235.0,137.77,140.72,136.50,139.01,5594033
234.0,135.51,139.12,135.19,138.26,6155719
233.0,135.22,137.99,133.75,136.24,5546466
232.0,135.03,135.50,133.85,135.23,3401979
229.0,134.41,134.71,132.73,134.52,4638797
228.0,132.10,135.55,131.50,134.72,8411356
227.0,132.58,135.98,130.53,131.39,21162561
226.0,121.31,123.27,120.84,122.85,4558015
225.0,120.00,121.68,119.58,120.89,3117008
222.0,118.19,119.35,117.79,118.84,3099685
221.0,117.45,117.78,116.37,116.87,3205198
220.0,118.64,118.77,115.42,115.91,3825501
219.0,119.68,119.68,116.87,119.28,3509411
218.0,118.42,120.34,117.90,118.82,3535556
214.0,118.56,119.89,118.52,119.52,4288088
213.0,117.04,118.25,116.71,118.22,4342682
211.0,115.30,116.49,114.10,115.74,4960954
210.0,116.12,117.79,114.79,114.91,4020278
207.0,119.00,119.49,116.80,117.92,3266847
206.0,119.80,120.45,118.57,118.81,2955057
205.0,120.07,120.84,118.49,119.10,3770015
204.0,119.49,121.47,119.47,120.34,4159878
203.0,118.50,120.24,118.36,119.53,4653251
200.0,117.20,118.09,116.15,117.22,7197285
199.0,112.46,117.08,112.25,116.92,6933969
198.0,112.62,113.06,111.25,112.16,3596146
197.0,111.04,111.75,110.39,111.11,2276674
196.0,110.42,111.35,109.34,111.00,2899507
193.0,112.32,112.97,110.88,111.32,2968220
192.0,112.36,113.30,112.25,112.97,3199212
191.0,110.75,112.89,109.76,112.06,4202866
190.0,110.24,111.00,109.04,110.72,3562773
189.0,111.01,113.09,110.67,110.81,5271959
186.0,110.92,111.00,109.53,110.72,4776389
185.0,112.24,112.80,109.92,110.92,5450362
184.0,114.01,114.46,112.32,112.68,4306464
183.0,113.86,114.92,113.13,113.88,2997189
182.0,115.01,116.02,112.75,114.45,4550089
179.0,114.87,116.00,114.00,114.44,4350904
178.0,115.84,116.23,114.35,114.93,2811742
177.0,114.65,116.29,113.96,116.02,3005558
176.0,115.56,115.87,113.82,114.46,2733808
172.0,115.50,116.54,114.92,116.09,2651131
171.0,116.40,117.48,115.95,116.20,3926877
170.0,117.03,117.72,115.55,116.86,3111682
169.0,116.39,117.65,116.31,116.85,3302011
168.0,114.76,117.00,114.66,116.37,3629869
165.0,115.20,115.95,114.76,115.53,3306631
164.0,114.26,115.40,112.67,115.08,3821327
163.0,114.11,115.10,112.61,113.40,4322496
162.0,112.27,114.25,110.83,113.58,4837809
161.0,113.93,114.44,113.02,113.40,2885203
158.0,113.66,114.66,111.73,113.21,6087315
157.0,109.59,114.29,109.25,112.01,9130253
156.0,108.49,108.99,106.45,108.65,5566751
155.0,109.37,109.77,107.09,107.54,5024454
154.0,111.08,112.60,109.80,109.90,4877752
151.0,108.06,112.00,108.02,110.55,6594911
150.0,109.50,110.94,107.02,108.06,12995517
149.0,112.94,114.40,111.83,113.20,6086021
148.0,115.01,115.64,111.81,113.52,5615399
147.0,119.20,119.38,114.31,114.72,6847790
144.0,115.94,120.72,115.27,118.71,7681168
143.0,115.00,116.56,114.68,116.09,3251041
142.0,115.60,116.05,114.30,115.54,3134987
141.0,115.32,116.25,114.52,114.82,3680454
140.0,114.40,114.77,113.03,114.75,4487201
137.0,115.01,115.61,113.10,113.47,6409704
136.0,117.62,118.45,115.89,116.36,4344624
135.0,115.93,118.61,115.84,118.23,5963171
134.0,116.52,117.28,115.06,115.78,4232478
133.0,116.99,118.22,116.37,116.44,3011827
130.0,116.08,117.50,115.50,117.07,4505775
129.0,115.37,116.60,114.33,115.58,4039244
128.0,113.05,116.59,113.01,115.15,6259978
127.0,113.09,115.49,112.50,112.72,5831896
126.0,113.64,115.14,112.76,112.97,4769978
122.0,115.00,115.56,113.75,114.31,4852469
121.0,114.88,115.65,111.70,114.57,10650799
120.0,118.88,119.28,114.97,115.28,11331811
119.0,119.64,120.50,118.96,120.02,5209247
116.0,118.11,120.00,118.02,118.68,5510401
115.0,115.28,119.39,114.02,117.66,8126950
114.0,122.13,123.37,116.77,116.99,8417915
113.0,123.23,124.50,121.78,122.15,4828819
112.0,126.45,126.50,122.62,122.94,10004095
109.0,127.81,129.06,124.51,128.50,14850559
108.0,123.80,125.58,123.65,125.33,6037591
107.0,121.17,123.69,120.21,122.68,4444689
106.0,120.05,121.33,119.67,121.03,3026830
105.0,118.80,120.98,118.77,120.84,5017309
102.0,118.29,120.37,116.90,117.73,3520191
101.0,118.18,119.07,117.52,118.82,3086669
100.0,119.01,119.06,115.27,117.58,3729826
99.0,117.50,119.90,117.35,118.33,4874775
98.0,118.12,118.96,117.18,118.41,3449001
95.0,120.03,120.29,117.92,118.03,4009504
94.0,120.48,121.76,119.76,120.71,3583196
93.0,117.41,120.46,116.53,119.57,3888092
92.0,120.00,120.19,116.34,118.47,6360692
91.0,122.59,122.78,120.20,120.31,5197903
86.0,122.81,123.14,120.77,121.53,4288968
85.0,123.28,123.82,121.70,123.35,3336100
84.0,123.46,123.98,122.02,123.10,3307813
83.0,124.17,124.38,121.80,123.18,3045739
82.0,124.00,125.45,123.30,123.82,5034730
79.0,121.31,124.00,121.00,123.43,7864976
78.0,118.33,120.94,118.33,120.21,4691025
77.0,116.78,118.50,116.69,118.41,5466727
76.0,115.76,117.00,115.50,116.32,4903983
72.0,116.32,116.45,113.52,115.88,7604752
71.0,119.20,119.22,114.75,115.72,9808819
70.0,119.83,120.73,117.28,118.38,6553520
69.0,119.03,120.79,118.63,120.16,3930246
68.0,118.46,119.48,117.49,118.12,3578046
65.0,120.04,121.75,118.22,118.75,4260598
64.0,117.05,120.58,117.05,120.02,4595071
63.0,115.65,117.55,112.78,116.57,7048177
62.0,119.64,119.75,114.46,117.60,7146661
61.0,119.57,120.35,116.50,118.57,5053996
58.0,119.49,124.29,118.89,119.16,8129114
57.0,119.58,121.09,116.55,120.87,4927992
56.0,122.53,123.94,118.86,118.97,6685198
55.0,123.01,124.57,122.04,122.36,3476422
54.0,123.55,124.60,122.54,124.12,3789927
51.0,124.00,124.38,122.36,123.89,3510145
50.0,122.65,123.87,120.50,123.71,4217703
49.0,121.76,123.38,120.95,122.22,4195660
48.0,122.75,123.54,120.54,123.25,4716759
44.0,118.62,122.00,118.32,121.81,5314463
43.0,122.17,122.55,117.62,118.27,5813932
42.0,118.25,121.98,118.10,121.10,5806472
41.0,118.55,123.81,118.18,119.98,11187136
40.0,115.07,118.34,114.03,117.00,9371635
37.0,115.28,115.50,111.93,113.67,5111004
36.0,116.67,117.45,114.59,115.05,5978322
35.0,111.52,114.91,111.30,114.55,4506671
34.0,112.49,113.50,109.46,110.51,5638477
33.0,113.10,114.00,111.66,111.93,4499914
30.0,112.88,114.57,112.54,113.52,3825667
365.0,114.49,114.81,111.51,111.86,3434034
364.0,114.19,114.34,112.76,113.54,3481140
363.0,113.61,114.65,112.50,114.47,3592814
360.0,111.16,113.91,110.56,113.35,4670519
358.0,105.63,111.51,105.42,109.60,6565505
357.0,112.94,113.11,103.69,106.12,17806683
356.0,112.65,116.23,110.39,113.50,7889443
353.0,117.74,118.73,115.46,117.18,11294289
352.0,115.20,116.50,114.56,116.48,6100915
351.0,110.21,113.11,109.16,112.82,4870086
350.0,110.00,113.59,108.26,110.09,7035886
349.0,116.00,116.00,110.78,111.88,6268026
346.0,114.09,117.06,114.02,114.49,4389082
345.0,116.61,118.61,116.33,116.74,4103764
344.0,117.98,118.68,115.10,115.64,5267588
343.0,116.37,119.17,115.65,118.68,5002732
342.0,116.76,119.84,115.46,118.19,8278928
339.0,113.99,114.51,113.50,114.13,2521148
338.0,113.79,114.63,112.93,113.63,3102947
337.0,115.92,116.22,113.76,114.23,3572307
336.0,114.00,116.65,113.69,115.20,4977372
335.0,113.71,114.84,112.50,113.43,4438093
362.0,113.45,114.50,112.80,113.69,2543978
360.0,111.46,112.82,109.20,112.61,3269769
359.0,111.31,111.97,110.09,111.07,4006238
358.0,108.89,111.00,108.50,110.98,4126346
355.0,108.25,109.21,107.89,108.20,3973277
354.0,105.76,107.92,105.60,107.35,3863228
353.0,106.42,107.71,105.50,106.98,2915100
352.0,104.68,107.03,104.28,106.78,3255060
351.0,103.27,105.64,103.26,104.36,3243980
348.0,107.65,107.65,102.13,104.05,7861144
347.0,108.28,109.17,106.54,107.43,3268300
346.0,108.01,108.50,106.73,108.25,3441425
345.0,108.00,108.78,107.40,107.85,3361760
344.0,106.78,108.25,106.00,108.01,3502633
341.0,107.44,107.50,105.31,106.45,4714342
340.0,105.70,107.22,105.23,107.14,4077783
339.0,107.20,107.74,104.50,105.15,4487467
338.0,106.65,107.00,105.04,105.75,5134787
337.0,106.53,107.57,106.05,107.41,5247227
334.0,108.74,109.25,106.67,107.09,5798073
333.0,104.70,107.35,104.18,106.94,5770721
332.0,105.32,106.28,104.02,105.14,5589088
331.0,104.11,106.07,104.06,105.70,6601609
330.0,102.90,103.91,101.99,103.10,6127845
327.0,99.55,103.31,99.21,103.24,9131573
326.0,95.98,100.91,95.60,100.40,9678166
325.0,94.93,96.85,93.82,94.76,8717401
324.0,93.49,95.90,93.22,94.97,9990097
323.0,88.84,92.55,88.57,92.00,7980702
320.0,87.66,89.53,87.12,88.12,6413799
319.0,84.54,87.57,84.01,86.38,5616278
318.0,84.67,86.67,83.16,86.55,8137091
317.0,88.01,88.99,85.62,86.48,6495341
316.0,90.73,90.89,86.55,87.48,6677641
313.0,92.06,93.85,90.87,90.92,4813455
312.0,94.77,94.81,91.85,92.38,5174434
311.0,92.37,95.24,91.54,94.89,4715877
310.0,94.16,94.45,92.17,92.44,3559161
309.0,95.85,95.85,93.64,94.50,2998614
306.0,93.50,95.61,93.37,95.21,4485494
305.0,92.93,93.64,91.50,92.81,4077126
304.0,95.24,95.39,92.79,93.43,4333159
303.0,95.39,96.00,93.73,94.78,4362781
302.0,93.47,95.74,93.05,95.64,4876727
299.0,93.97,94.66,92.80,94.46,4642223
298.0,96.21,96.50,92.91,93.16,6367786
297.0,94.12,96.30,93.88,96.21,5863642
296.0,91.80,93.60,91.62,93.12,4186036
295.0,93.26,93.45,91.37,92.19,3590039
292.0,94.45,94.96,93.34,93.85,6051273
291.0,92.98,93.33,92.17,93.27,2720478
290.0,92.81,93.33,91.36,92.26,4752483
289.0,89.65,92.80,89.01,92.57,5012686
288.0,91.00,91.05,88.22,89.46,4920864
285.0,92.20,92.65,90.72,91.52,3449459
284.0,93.68,93.95,90.90,91.96,5857799
283.0,92.56,94.21,92.52,94.09,2671366
282.0,93.72,94.00,92.55,92.93,3599524
281.0,93.55,94.26,92.75,94.03,3258655
278.0,94.48,94.48,91.75,93.79,4117082
277.0,95.23,95.39,93.70,93.93,3321840
276.0,95.89,95.89,94.50,94.94,2615767
275.0,95.50,96.44,94.70,95.09,3487053
271.0,95.28,95.29,94.26,95.02,2784988
270.0,94.00,95.25,93.75,94.70,2732983
269.0,95.91,96.15,94.52,94.74,5650329
268.0,94.86,95.84,93.67,95.66,5680656
267.0,92.49,93.86,92.12,93.40,3589339
264.0,91.49,91.99,90.93,91.62,2631363
263.0,92.02,92.64,91.46,91.66,3175026
262.0,91.33,93.35,91.11,92.00,4509826
261.0,92.19,92.28,91.30,91.36,4053911
260.0,90.12,92.07,90.05,91.31,5322174
257.0,89.59,90.20,88.57,89.60,4369031
256.0,88.46,89.66,88.11,88.46,4140220
255.0,86.63,88.76,86.56,88.41,3776609
254.0,86.55,86.87,85.71,86.44,2945662
253.0,86.57,87.51,86.13,86.88,2657953
250.0,85.21,86.68,85.15,86.51,2991938
249.0,85.74,86.48,84.85,85.22,3829686
248.0,85.99,87.24,85.14,86.13,2713557
247.0,87.46,87.70,85.97,86.57,3903086
246.0,87.19,88.40,86.72,87.46,3812912
243.0,86.61,87.85,86.20,86.65,5098292
243.0,87.87,88.41,86.85,87.15,5050758
242.0,88.57,89.76,88.27,88.34,4821417
241.0,87.72,88.52,87.15,87.73,3846044
240.0,86.93,88.09,86.14,87.64,3577657
237.0,86.26,87.46,85.88,87.16,3544302
236.0,87.26,87.76,84.25,86.19,8675092
235.0,88.50,89.17,87.80,89.12,5268731
234.0,86.18,87.12,85.87,86.66,3518508
233.0,84.81,85.59,84.48,85.31,2925496
230.0,83.81,85.52,83.13,85.06,4877661
229.0,85.45,86.19,82.90,83.13,5367951
228.0,87.43,87.43,85.60,86.05,4445773
227.0,88.08,88.98,86.60,86.78,4684313
226.0,89.68,89.68,88.11,88.37,5184981
223.0,88.20,89.30,87.10,89.19,3704767
222.0,86.02,88.80,85.85,87.83,3813979
221.0,84.39,87.91,83.98,87.52,7598665
220.0,88.44,88.59,85.25,85.72,7949119
219.0,89.77,90.38,88.64,88.86,3941715
215.0,90.18,90.50,88.97,90.19,4353960
214.0,88.88,90.13,88.50,90.07,5941527
213.0,86.45,88.67,86.30,88.50,4904713
211.0,86.13,86.67,85.69,85.88,4201508
208.0,86.90,86.90,85.82,86.80,5492023
207.0,86.69,86.93,84.57,86.62,3183732
206.0,85.62,87.37,85.21,86.46,5991786
205.0,85.76,86.36,85.18,85.71,4980018
204.0,85.56,86.99,85.12,85.50,4795348
201.0,84.85,86.20,83.16,85.73,11724860
200.0,81.60,84.24,81.60,84.15,8676154
199.0,80.24,80.60,79.42,80.54,3318944
198.0,80.26,81.00,79.80,79.94,3219958
197.0,80.06,81.00,79.75,80.54,3377658
194.0,80.38,80.50,79.60,80.00,2918166
193.0,80.59,80.66,79.77,80.11,3338102
192.0,80.70,81.37,79.96,80.56,3818700
191.0,80.36,81.75,80.36,81.32,4274004
190.0,80.96,81.33,80.48,80.87,3483680
187.0,81.50,81.50,80.00,80.66,4047002
186.0,80.00,81.04,79.06,80.86,6811066
185.0,77.66,79.62,77.11,79.41,5528244
184.0,76.95,77.85,76.90,77.76,3730026
183.0,76.28,77.46,76.03,77.44,3744974
180.0,76.85,76.96,75.88,76.52,4309058
179.0,76.00,76.78,75.62,76.63,5047326
178.0,77.72,77.94,77.00,77.15,5161020
177.0,75.50,77.62,75.00,77.56,8550886
173.0,75.58,75.60,74.52,75.06,3127822
172.0,74.00,75.89,74.00,75.23,4008938
171.0,74.01,74.80,73.60,74.07,3169740
170.0,73.88,74.75,73.40,73.82,4291136
169.0,73.04,74.18,72.85,73.69,4053130
166.0,74.48,75.10,72.65,73.66,5726238
165.0,75.94,76.39,74.00,74.42,5968550
164.0,74.75,76.44,74.12,75.88,5279452
163.0,75.41,76.10,74.84,74.94,4885264
162.0,73.56,75.50,72.85,75.26,6371786
159.0,72.10,73.42,71.32,73.34,4271374
158.0,72.48,73.88,71.97,72.06,5211074
157.0,73.14,74.00,71.82,72.62,5403992
156.0,73.96,74.28,73.26,73.35,4815794
155.0,73.20,74.36,71.92,74.18,4490254
152.0,74.78,74.78,73.12,73.70,5285282
151.0,73.62,74.95,72.92,74.40,5051908
150.0,73.00,73.60,72.02,73.50,5291864
149.0,71.70,74.00,71.05,73.35,7654028
148.0,71.56,72.48,69.88,71.38,6708962
145.0,70.63,72.36,70.55,71.03,8325096
144.0,71.00,71.24,68.38,70.62,8831118
143.0,74.04,74.04,72.04,72.41,6819028
142.0,72.35,73.75,72.05,73.32,6405750
141.0,71.12,72.00,70.38,71.92,4281766
137.0,70.99,72.04,70.14,70.76,5949532
136.0,70.68,71.86,69.72,70.93,7641252
135.0,69.52,70.48,66.85,69.92,8428928
134.0,69.23,70.60,67.65,69.03,6213116
131.0,68.46,71.35,67.80,68.45,9330992
130.0,73.86,73.96,69.22,69.99,11942572
129.0,70.00,73.80,69.84,73.66,11922390
128.0,69.61,70.10,68.00,69.11,8231614
127.0,68.30,70.34,67.75,69.58,13589400
124.0,72.00,72.44,68.32,68.69,10006844
123.0,73.76,73.86,71.06,71.80,8237664
122.0,73.76,74.84,72.66,73.71,9010446
121.0,71.00,73.58,71.00,73.30,9888636
120.0,70.10,70.84,69.62,69.80,8215980
117.0,70.99,72.09,69.52,69.64,7555060
116.0,71.00,71.84,69.85,71.11,8530696
115.0,72.86,73.38,71.29,71.30,8887044
114.0,71.20,73.32,71.04,72.25,8576550
113.0,72.60,72.81,69.50,70.74,12714314
110.0,75.64,75.74,71.55,72.20,18996884
109.0,75.84,76.17,74.68,75.00,5379888
108.0,78.00,78.00,75.06,75.42,5718088
107.0,74.97,77.00,74.95,76.84,5602492
106.0,75.41,76.84,74.92,75.12,6411202
103.0,77.14,77.64,73.82,74.70,16805022
102.0,79.04,79.98,77.38,78.00,5820686
101.0,78.51,79.94,78.38,78.96,5408788
100.0,79.62,80.56,78.82,79.20,5873806
99.0,77.73,79.28,77.18,79.21,5421024
96.0,79.06,79.25,75.79,78.28,11707872
95.0,82.14,82.60,77.89,78.30,10894616
94.0,81.28,81.88,80.65,81.62,5620920
93.0,80.95,81.42,80.82,80.92,4226550
92.0,79.52,80.78,79.32,80.14,4379758
87.0,81.28,82.22,79.50,80.38,6546820
86.0,80.18,81.03,79.32,80.84,5432980
85.0,81.98,82.50,79.68,79.99,6912182
84.0,82.00,82.88,81.49,82.17,4183586
83.0,80.80,82.50,80.69,82.04,5748442
80.0,81.96,82.37,80.11,80.48,7120526
79.0,81.72,81.90,80.30,81.79,4716856
78.0,82.55,83.22,81.33,81.50,4791520
77.0,81.91,83.00,81.91,82.92,4465242
73.0,82.71,83.63,81.62,81.96,5551278
72.0,80.00,82.80,80.00,82.37,7245110
71.0,80.25,81.57,79.93,80.27,5913868
70.0,78.52,80.20,78.13,79.96,7320988
69.0,78.50,78.92,77.82,78.31,4792704
66.0,75.32,78.59,75.00,78.44,7796916
65.0,75.60,76.40,74.52,74.96,7370266
64.0,75.46,76.44,74.09,75.42,8126710
63.0,74.54,76.60,74.43,75.76,7336674
62.0,75.90,77.18,73.88,74.30,9421972
59.0,75.40,76.89,73.92,75.96,10441332
58.0,80.08,80.42,75.06,76.99,13675864
57.0,79.20,80.60,78.14,79.23,5538660
56.0,78.50,80.28,78.50,79.99,7351602
55.0,80.36,80.50,77.09,78.14,10707866
52.0,83.50,83.69,80.56,80.61,7958266
51.0,84.47,84.90,83.39,84.28,5648070
50.0,84.60,85.44,83.92,84.99,5323206
49.0,84.04,84.37,82.85,84.28,4817054
45.0,82.63,84.20,82.63,83.52,6706230
44.0,82.52,83.80,82.50,83.80,4547658
43.0,83.90,84.00,82.48,82.68,5627680
42.0,82.67,83.82,81.35,83.52,7791060
41.0,85.24,87.33,81.52,82.45,15716584
38.0,84.38,84.93,82.27,84.90,5587818
37.0,84.34,85.50,83.65,84.35,3594432
36.0,82.45,84.28,82.02,83.73,5318252
35.0,82.47,83.41,82.16,82.30,5673376
34.0,82.94,83.42,80.25,81.31,9243442
31.0,85.74,85.90,84.65,84.90,3180758
30.0,84.50,86.17,84.08,85.97,4759036
365.0,84.39,85.04,83.91,84.48,2980706
364.0,84.44,84.98,84.00,84.49,2481906
361.0,84.60,85.24,84.15,84.46,2516134
360.0,83.70,84.92,83.69,84.57,2439356
358.0,83.84,84.17,83.02,83.71,1640460
357.0,84.38,84.85,83.50,84.18,3498008
354.0,82.36,84.00,82.31,83.74,7287872
353.0,81.15,82.15,81.00,82.01,4334062
352.0,80.52,81.24,78.59,81.24,7033650
351.0,82.08,82.08,80.00,80.40,5260484
350.0,83.14,83.90,81.64,81.69,4915812
347.0,83.06,83.42,82.00,82.45,5409826
346.0,82.68,84.16,82.50,82.76,4248898
345.0,84.84,85.24,82.86,83.02,6152858
344.0,85.26,86.48,84.12,85.38,6804200
343.0,85.12,86.90,84.28,85.00,10049436
340.0,83.59,83.62,81.97,83.22,5096568
339.0,81.66,83.00,81.13,82.26,6562744
338.0,79.75,80.72,79.02,80.04,3588190
337.0,80.85,81.34,79.80,79.96,4824992
336.0,80.94,81.59,80.16,81.56,3662918
363.0,80.92,81.28,80.79,80.88,2157822
361.0,81.86,81.98,80.36,80.76,3968162
360.0,82.34,82.46,81.08,81.72,5218062
359.0,82.36,82.87,81.32,81.98,6611832
356.0,80.50,82.00,80.23,81.66,7253426
355.0,78.09,79.72,78.00,79.31,5387234
354.0,77.32,78.54,77.07,77.76,4676718
353.0,76.72,77.30,76.09,77.22,6310538
352.0,75.74,77.62,75.60,76.49,6503040
349.0,74.95,75.72,74.04,75.56,5087802
348.0,74.64,75.37,74.27,75.00,4821808
347.0,73.68,74.97,73.56,74.64,6966268
346.0,73.87,74.75,73.26,74.70,5173444
345.0,74.50,74.98,73.70,74.24,3641130
342.0,72.94,74.98,72.62,74.46,6421534
341.0,73.54,74.84,71.05,72.50,11361332
340.0,75.52,76.00,72.18,72.24,10130312
339.0,74.82,76.09,74.30,75.37,4743404
338.0,75.97,76.44,75.13,75.36,4761056
335.0,74.64,75.72,74.53,75.65,4730466
334.0,75.90,76.46,73.62,74.24,6583828
333.0,77.95,78.50,75.16,75.66,6494476
332.0,78.38,78.60,77.08,77.66,4969914
331.0,78.00,78.78,77.58,78.12,5067286
328.0,78.84,79.64,77.30,77.87,6468370
327.0,79.44,80.00,78.02,78.98,7671696
326.0,79.73,80.34,78.58,80.00,4764736
325.0,80.00,80.62,78.72,80.42,4636016
324.0,80.74,80.82,79.12,79.62,3898352
321.0,79.32,80.29,79.16,80.28,7098856
320.0,79.00,80.00,78.56,80.00,4446974
319.0,78.03,79.22,78.00,79.16,4974240
318.0,76.82,78.50,76.81,77.62,5010356
317.0,75.84,77.22,75.26,77.17,3720512
314.0,76.20,77.39,75.78,76.58,4113528
313.0,75.08,76.52,74.96,76.28,5912062
312.0,74.46,75.16,71.56,73.44,10726440
311.0,77.24,77.62,74.12,74.26,7740188
310.0,77.62,78.56,76.87,76.94,5740816
307.0,76.44,78.98,76.44,78.64,5451002
306.0,77.75,77.98,75.23,76.31,5605092
305.0,77.88,78.75,77.50,77.96,3603612
304.0,77.35,78.60,76.80,78.60,5332492
303.0,76.18,78.02,75.88,77.07,7229802
300.0,74.17,77.50,73.98,77.30,8389724
299.0,73.07,75.02,73.01,74.94,5930132
298.0,73.62,74.01,72.78,72.78,3908670
297.0,73.32,73.84,72.00,73.22,5924086
296.0,74.67,74.92,72.72,73.39,4840902
293.0,74.50,75.98,74.06,74.93,12968896
292.0,74.75,74.90,73.38,74.26,4687594
291.0,73.46,75.07,72.88,74.34,6866360
290.0,74.08,74.27,72.75,73.52,5305944
289.0,75.40,75.60,73.68,74.02,5302876
286.0,74.80,74.88,73.79,74.74,2972098
285.0,74.50,75.46,74.00,74.82,3396850
284.0,74.70,74.78,73.45,74.78,3630308
283.0,75.14,75.50,73.91,74.37,3923338
282.0,73.53,74.36,73.53,74.24,4870760
279.0,73.12,74.20,71.64,73.48,6444298
278.0,73.12,73.88,72.50,72.80,4321344
277.0,71.68,73.10,71.08,73.04,5378860
276.0,70.88,72.36,70.71,71.50,4798638
272.0,71.50,71.50,69.64,69.99,4339886
271.0,69.28,71.50,69.00,71.29,4882690
270.0,68.40,69.91,67.76,69.55,5306918
269.0,69.68,69.96,68.30,68.48,5301852
268.0,69.36,71.48,68.83,70.58,5151164
265.0,69.31,69.70,68.56,69.14,3370976
264.0,68.98,69.50,68.32,68.96,2544498
263.0,67.52,69.88,67.37,68.78,5340630
262.0,66.48,68.42,66.28,67.87,4353658
261.0,66.06,67.88,66.06,66.22,3530118
258.0,66.44,67.22,65.76,66.24,4989972
257.0,67.81,68.02,66.38,66.76,4826396
256.0,69.22,69.84,68.62,68.69,2724310
255.0,70.52,70.60,68.37,68.82,5839722
254.0,70.72,71.04,69.83,70.42,2440346
251.0,70.86,72.10,70.70,71.04,2267264
250.0,72.00,72.15,70.91,71.00,3665004
249.0,70.92,72.06,69.72,71.32,5626088
248.0,73.06,73.24,70.50,70.87,6438654
247.0,73.44,74.14,73.00,73.42,3094744
244.0,74.44,74.50,72.79,73.68,4669490
243.0,74.09,74.96,73.60,74.40,4910724
243.0,73.55,74.49,72.82,73.43,6119074
242.0,71.86,73.11,71.74,72.68,5733430
241.0,71.00,71.90,70.81,71.33,3949808
238.0,69.35,72.08,69.12,71.97,7829360
237.0,69.51,70.40,67.90,70.32,6111044
236.0,67.70,68.24,67.15,68.00,4335000
235.0,69.25,69.38,67.53,67.54,4026936
234.0,69.10,69.34,68.22,69.04,4467132
231.0,66.50,68.22,65.96,67.94,7003212
230.0,66.52,66.97,65.11,66.52,11156602
229.0,67.99,68.90,67.51,68.30,4321972
228.0,67.68,67.75,66.38,67.53,5160994
227.0,67.60,67.77,66.76,67.47,4152088
224.0,67.36,68.18,66.33,67.28,8025898
223.0,66.55,68.18,65.84,67.46,12048422
222.0,62.34,62.64,61.60,62.54,3725998
221.0,61.59,62.44,60.78,62.32,4385636
220.0,61.50,62.34,60.65,60.97,3987830
217.0,60.80,61.38,60.50,61.24,2706104
215.0,59.74,61.00,59.52,60.46,2466876
214.0,59.50,60.56,59.46,60.13,4747094
213.0,59.65,60.38,59.08,59.46,4654610
209.0,58.73,59.74,58.36,58.49,5437310
208.0,59.71,59.95,58.82,59.20,4130128
207.0,57.92,59.44,57.50,59.06,5327786
206.0,57.20,57.50,56.55,57.28,4212970
205.0,56.26,57.42,55.26,56.50,6669818
202.0,57.11,57.90,55.86,56.94,10233274
201.0,57.93,58.16,56.54,56.76,6500534
200.0,60.00,60.12,58.42,58.44,3592344
199.0,59.14,60.22,58.86,60.12,3655850
198.0,60.22,60.64,58.68,58.85,4440102
195.0,60.10,60.66,59.24,59.68,3695602
194.0,59.49,60.26,58.54,60.13,4610618
193.0,61.40,61.72,59.00,59.06,7596780
192.0,58.26,59.94,58.01,59.38,4660472
191.0,60.46,60.50,58.86,58.92,4792394
188.0,58.46,60.29,58.46,60.20,7100026
187.0,56.00,57.83,55.75,57.78,8443340
186.0,58.52,59.08,55.89,56.10,10641910
185.0,60.46,60.72,58.38,58.88,7382318
184.0,62.06,62.36,58.54,60.44,9431250
181.0,62.26,63.62,61.76,61.82,10479542
180.0,61.44,62.71,61.32,62.28,5101090
179.0,61.80,62.14,60.78,61.54,4293234
178.0,62.26,63.08,61.93,62.30,4854878
174.0,61.30,61.86,60.83,61.29,4573040
173.0,60.75,62.48,60.28,61.82,4741492
172.0,62.06,64.18,61.28,61.72,8399654
171.0,61.62,62.18,61.20,61.75,4803732
170.0,62.30,62.58,61.28,61.56,4486732
167.0,62.28,62.52,60.18,62.46,8244456
166.0,64.14,64.41,61.30,61.74,9907234
165.0,64.72,65.71,64.18,64.82,4864740
164.0,64.83,65.91,64.66,65.08,7575306
163.0,63.42,65.56,62.78,64.83,6847816
160.0,61.72,63.74,61.62,63.73,6714732
159.0,61.14,61.90,60.80,61.36,4812778
158.0,60.88,62.05,60.76,61.37,5723462
157.0,60.96,61.65,60.68,60.83,6656112
156.0,60.53,61.56,60.52,60.61,5274476
153.0,60.11,60.95,59.90,60.82,5768994
152.0,58.12,59.78,57.02,59.63,6690476
151.0,58.96,59.38,58.14,58.33,6135516
150.0,59.73,59.73,58.42,59.04,7734276
149.0,60.14,60.46,59.16,59.24,7043474
146.0,59.04,60.50,58.98,60.17,6498916
145.0,60.25,60.52,58.12,58.98,10312614
144.0,62.24,62.34,58.40,59.14,13611442
143.0,63.90,64.26,62.69,63.00,6479174
142.0,62.08,63.78,61.78,63.42,7525146
139.0,59.28,61.44,59.25,61.18,6727718
138.0,60.52,60.67,59.04,59.54,4385536
137.0,60.72,61.28,59.94,60.67,6025078
136.0,61.00,61.50,60.20,61.25,4945114
135.0,61.25,61.50,60.12,60.18,6714642
132.0,61.49,62.05,61.16,61.50,5576688
131.0,60.88,61.90,60.80,61.50,6650110
130.0,58.32,60.42,58.30,60.40,5174740
129.0,58.44,58.66,57.86,58.30,3269198
128.0,58.34,58.39,57.63,58.36,4437578
125.0,58.05,58.90,57.50,58.22,7115558
124.0,58.06,58.48,57.38,57.98,3770078
123.0,58.94,59.15,57.26,57.78,6895380
122.0,59.16,59.39,58.67,58.90,5818236
121.0,58.26,58.97,58.14,58.52,5073414
117.0,56.72,58.48,56.57,57.96,6724746
116.0,55.76,56.73,55.62,56.62,4295486
115.0,56.25,56.70,56.03,56.24,4730212
114.0,56.44,56.86,55.54,55.90,5214110
111.0,56.25,56.58,55.90,56.56,3309774
110.0,55.95,56.44,55.64,56.02,3788540
109.0,56.11,56.36,55.74,56.16,4759714
108.0,56.19,56.28,55.14,55.52,5474616
107.0,55.62,56.74,54.00,55.95,6453866
104.0,57.12,57.14,56.14,56.20,9938680
103.0,56.66,57.72,56.66,57.14,6025306
102.0,56.75,57.00,56.31,56.54,6577090
101.0,56.00,56.94,55.74,56.86,7281134
100.0,55.74,56.04,55.34,55.96,6725202
97.0,55.36,55.90,54.98,55.68,5473756
96.0,55.18,55.18,54.49,55.09,5220148
95.0,54.30,55.40,54.30,55.02,9501458
94.0,52.62,54.26,52.59,54.18,8085426
93.0,51.58,52.83,51.25,52.78,9731378
90.0,51.62,52.91,51.26,52.81,7980434
87.0,50.52,52.57,50.42,51.64,12040458
86.0,49.54,50.82,49.31,50.52,4923766
85.0,49.38,50.25,49.38,49.72,4743164
84.0,50.92,51.00,49.45,49.50,6489766
81.0,49.80,51.14,49.72,50.82,6837696
80.0,50.14,50.14,48.92,49.72,7427924
79.0,51.00,51.84,50.20,50.20,12259622
78.0,49.38,50.28,49.31,50.23,4742648
74.0,49.72,49.85,49.27,49.38,5272966
73.0,49.58,50.10,49.28,49.76,4828280
72.0,49.54,49.70,48.95,49.54,4530200
71.0,50.00,50.21,49.44,49.48,4430198
70.0,50.44,50.78,49.68,49.97,6359528
67.0,49.42,50.43,48.96,50.06,7222702
66.0,49.20,49.60,48.39,48.92,5854610
65.0,49.77,49.84,48.62,48.94,6554072
64.0,49.54,50.05,49.22,49.88,5449142
63.0,50.02,50.66,48.99,49.30,7308994
60.0,49.97,51.14,49.59,50.72,10386114
59.0,49.08,49.78,48.96,49.48,5816914
58.0,49.50,49.86,48.92,49.24,6847114
57.0,49.56,49.80,49.10,49.60,4952060
56.0,49.50,49.72,49.05,49.48,6261896
53.0,48.21,49.95,48.15,49.88,10363544
52.0,48.96,49.38,48.52,48.74,6836820
51.0,48.96,49.66,48.33,49.11,8301412
50.0,49.99,50.02,49.22,49.66,8811616
46.0,49.14,50.06,49.06,50.02,7560976
45.0,49.45,49.88,48.94,49.10,7671634
44.0,49.60,49.62,49.10,49.43,6883356
43.0,48.95,49.76,48.61,49.70,13216838
42.0,48.10,48.86,47.68,48.84,8444918
39.0,47.89,48.16,47.22,48.15,10397022
38.0,46.28,47.76,46.12,47.74,12994964
37.0,45.52,46.56,45.20,46.17,12545390
36.0,43.82,45.76,43.60,45.70,22887854
35.0,41.05,42.97,40.66,42.86,17562118
32.0,41.02,41.58,40.80,41.04,5976220
31.0,40.69,41.20,40.55,40.84,5349248
30.0,40.06,40.55,39.88,40.55,8016030
365.0,38.90,39.41,38.61,39.24,4876186
362.0,39.00,39.36,38.85,38.86,3038420
361.0,39.26,39.76,38.81,39.29,4438480
360.0,39.58,39.77,39.14,39.36,3252236
358.0,39.55,39.72,39.52,39.64,2838348
355.0,39.82,39.88,39.15,39.85,12070514
354.0,39.94,40.16,39.73,40.01,4586138
353.0,40.13,40.32,39.73,39.85,5896164
352.0,40.17,40.48,39.98,40.02,6692496
351.0,39.70,40.29,39.32,40.22,5534558
348.0,39.84,40.17,39.50,39.68,4699954
347.0,40.44,40.64,39.65,39.92,5747102
346.0,40.94,41.00,40.58,40.60,6394974
345.0,40.73,41.39,40.36,41.04,12202718
344.0,39.38,40.50,39.34,40.25,9770716
341.0,39.52,39.62,39.13,39.34,4017716
340.0,39.64,39.90,39.42,39.54,3941284
339.0,39.68,39.81,39.20,39.70,4949704
338.0,39.45,39.97,39.41,39.72,7470004
337.0,39.38,39.90,39.20,39.33,6421560
364.0,39.82,39.90,39.19,39.30,6731242
363.0,39.50,39.90,39.43,39.70,4701640
362.0,38.94,39.50,38.49,39.44,5031484
361.0,39.36,39.72,39.03,39.07,5208340
360.0,39.10,39.42,38.84,39.39,4856344
357.0,38.88,39.28,38.86,39.26,1792738
355.0,38.81,39.06,38.78,38.93,4406012
354.0,37.59,38.58,37.25,38.56,5946976
353.0,37.62,38.05,37.13,37.59,7020636
350.0,36.80,37.50,36.64,37.16,8173006
349.0,37.36,37.40,36.67,36.77,7222860
348.0,37.28,37.93,37.18,37.38,7747414
347.0,37.46,38.06,37.19,37.20,6259074
346.0,39.01,39.23,37.15,37.83,15054962
343.0,35.65,36.50,35.62,35.75,5332026
342.0,36.14,36.33,35.62,35.65,3412926
341.0,36.71,36.71,35.90,36.28,4955786
340.0,36.89,37.24,36.62,37.03,3580688
339.0,36.43,36.76,36.28,36.65,4025412
336.0,37.50,37.50,36.48,36.52,4263028
335.0,37.02,37.62,36.97,37.40,4180282
334.0,37.71,37.72,36.60,36.68,5047126
329.0,37.07,37.74,37.07,37.60,4442440
328.0,37.34,37.75,37.03,37.16,3741240
327.0,37.17,37.42,36.94,37.03,4811922
326.0,37.17,37.74,36.92,37.02,5271226
325.0,37.51,37.78,37.28,37.50,4202712
322.0,39.24,39.32,37.55,37.58,7295774
321.0,39.42,39.48,38.88,39.24,3583644
320.0,39.10,39.70,38.92,39.40,3496500
319.0,39.14,39.22,38.77,39.10,3221698
318.0,39.21,39.21,38.62,38.98,3644498
315.0,39.50,39.88,39.12,39.21,5770444
314.0,38.60,39.10,38.55,38.86,4520856
313.0,39.60,39.80,38.03,38.68,11232688
312.0,39.76,40.26,39.66,39.96,4405120
311.0,39.88,40.21,39.70,40.14,3400332
308.0,40.00,40.62,39.90,40.14,5909840
307.0,39.62,40.00,39.51,39.79,4289624
306.0,39.46,39.53,39.11,39.50,4863852
305.0,39.02,39.42,38.86,39.21,6427024
304.0,38.48,38.92,38.24,38.39,3223924
301.0,38.16,38.42,38.00,38.20,4430610
300.0,38.15,38.58,37.98,38.37,3698578
299.0,38.31,38.75,37.96,38.04,4768904
298.0,38.53,38.90,38.04,38.07,4619544
297.0,38.32,38.62,38.15,38.46,3716342
294.0,38.57,38.94,38.52,38.64,6889972
293.0,38.31,38.75,38.20,38.54,3896560
292.0,39.32,39.32,38.07,38.50,5203012
291.0,38.27,38.80,38.25,38.46,4747438
290.0,37.80,38.45,37.64,38.40,5834360
287.0,37.55,38.16,37.20,38.14,7153382
286.0,37.00,37.72,36.80,37.54,5055698
285.0,36.99,37.22,36.80,37.00,2818682
284.0,36.69,36.96,36.62,36.81,3108628
283.0,37.46,37.50,36.62,36.79,5061952
280.0,37.50,37.86,36.98,37.72,5720892
279.0,36.02,37.30,36.02,37.24,9214358
278.0,35.92,36.00,35.33,35.48,4681670
277.0,35.70,36.20,35.40,36.04,3924858
273.0,35.78,36.16,35.50,36.02,3035738
272.0,35.58,35.79,35.21,35.42,2326692
271.0,36.04,36.17,35.69,35.82,2213770
270.0,35.84,36.08,35.59,36.01,4399558
269.0,35.95,36.16,35.51,35.84,3995590
266.0,35.68,36.27,35.68,36.02,4171576
265.0,35.66,35.80,35.33,35.74,3842994
264.0,35.66,35.92,35.51,35.80,3962196
263.0,35.50,35.78,35.18,35.66,5471804
262.0,34.61,35.45,34.53,35.40,5547690
259.0,35.28,35.28,34.50,34.56,8839586
258.0,35.39,35.50,35.00,35.12,9662106
257.0,35.56,35.93,35.44,35.46,7429552
256.0,35.98,35.98,35.46,35.56,7015872
255.0,35.94,35.97,35.38,35.92,3031372
252.0,35.60,36.00,35.49,35.97,3306806
251.0,35.75,35.98,35.42,35.62,3882522
250.0,35.68,35.98,35.40,35.88,5814504
249.0,35.58,35.83,35.40,35.72,5522352
248.0,34.83,35.70,34.69,35.54,6277940
245.0,34.66,34.98,34.34,34.65,5437744
244.0,33.98,34.19,33.44,34.10,8637412
243.0,34.64,34.73,34.06,34.08,6040342
243.0,34.74,35.11,34.18,34.23,6894594
242.0,35.12,35.38,34.68,34.70,7069796
239.0,34.00,35.71,33.84,35.30,9524410
238.0,33.74,34.40,32.76,33.74,10398926
237.0,32.19,32.92,32.02,32.64,7119472
236.0,32.94,33.19,31.94,32.00,7284952
235.0,32.70,33.03,32.24,32.89,5686894
232.0,33.99,34.07,32.98,33.21,7853806
231.0,33.72,34.04,33.46,33.99,5793846
230.0,33.42,33.88,33.18,33.67,4791082
229.0,32.95,33.58,32.95,33.41,7231934
228.0,32.58,33.20,32.50,33.08,6912898
225.0,31.52,32.72,31.48,32.64,7594028
224.0,31.28,31.68,30.94,31.48,9378846
223.0,31.92,32.21,31.44,31.66,4367536
222.0,32.55,32.64,31.94,32.04,4349976
221.0,32.40,32.53,32.22,32.48,3765852
218.0,32.56,32.80,32.20,32.38,3341340
217.0,32.83,33.00,32.34,32.66,4128380
215.0,32.44,32.88,32.11,32.88,3096792
214.0,32.34,32.44,31.98,32.44,4700842
210.0,31.98,32.25,31.63,32.08,8513734
209.0,31.52,31.54,30.68,31.02,7957846
208.0,31.59,31.98,31.44,31.74,8174776
207.0,31.06,31.85,30.90,31.62,13438170
206.0,30.58,30.76,30.45,30.62,10351046
203.0,30.04,30.86,29.75,30.82,15778550
202.0,29.74,30.45,29.26,29.72,46802020
201.0,34.12,34.84,33.34,33.58,5799108
200.0,33.14,33.82,33.00,33.81,7159210
199.0,32.40,33.20,32.38,32.96,5443236
196.0,33.02,33.21,32.60,33.08,8573842
195.0,31.81,33.02,31.80,32.96,7027136
194.0,31.98,32.40,31.71,31.80,11017828
193.0,31.94,32.00,31.38,31.54,8040102
192.0,32.70,32.75,31.83,31.85,7482364
189.0,32.46,32.75,32.40,32.52,4510958
188.0,33.00,33.09,32.48,32.54,4469962
187.0,32.34,32.72,32.30,32.65,5651498
186.0,32.38,32.69,32.08,32.22,5865436
185.0,32.46,32.84,32.23,32.44,9370876
182.0,33.72,33.80,32.49,32.66,9002718
181.0,34.37,34.62,34.06,34.12,6610744
180.0,34.20,34.68,34.14,34.45,5659174
179.0,34.54,34.90,34.29,34.38,5163060
175.0,35.02,35.05,34.36,34.45,5222878
174.0,34.50,34.96,34.15,34.96,6229826
173.0,34.60,34.69,34.20,34.54,5067682
172.0,34.80,35.24,34.56,34.82,4204038
171.0,34.06,34.76,34.05,34.71,4938470
168.0,34.64,34.68,33.78,34.05,9067568
167.0,35.24,35.50,34.54,34.54,6865866
166.0,35.62,35.66,35.29,35.36,5612030
165.0,35.56,35.88,35.39,35.60,4811332
164.0,35.22,35.76,35.00,35.56,4592966
161.0,35.12,35.54,35.10,35.40,4951298
160.0,35.46,35.66,35.22,35.32,5949656
159.0,35.20,35.38,34.94,35.21,6873358
158.0,34.82,35.42,34.59,35.38,5729886
157.0,34.73,35.24,34.54,35.07,8377742
154.0,35.44,35.60,34.78,34.90,7558270
153.0,36.11,36.13,35.54,35.70,6894126
152.0,36.09,36.24,35.93,35.98,10130836
151.0,36.49,36.66,35.94,36.29,9655498
150.0,36.82,36.93,36.38,36.46,6718636
147.0,36.46,36.78,36.16,36.69,12074656
146.0,37.37,37.99,36.18,36.46,21030192
145.0,38.76,39.33,38.40,38.96,6151894
144.0,38.74,39.09,38.58,38.68,5079738
143.0,39.34,39.36,38.52,38.72,5785718
140.0,39.44,39.96,39.20,39.55,5889934
139.0,39.38,40.06,39.14,39.30,5522612
138.0,39.55,39.81,39.44,39.44,4138784
137.0,39.16,39.86,39.16,39.58,4292704
136.0,39.32,39.56,38.86,39.08,3886344
133.0,39.60,39.74,38.94,39.16,5499218
132.0,39.36,39.54,39.18,39.29,3119882
131.0,40.08,40.08,39.26,39.26,5133874
130.0,39.45,39.70,39.12,39.60,8293844
129.0,39.38,39.76,39.14,39.62,4091784
125.0,39.44,39.84,39.26,39.82,5094002
124.0,40.00,40.21,39.50,39.61,7746140
123.0,39.04,40.18,38.94,40.14,8546586
122.0,38.78,39.13,38.49,39.10,4419156
119.0,38.82,38.93,38.52,38.76,4918304
118.0,38.77,39.10,38.61,38.76,4133520
117.0,39.03,39.34,38.63,38.97,6783432
116.0,39.42,39.42,38.95,39.02,4957268
115.0,38.50,39.26,38.25,39.25,6253880
112.0,38.19,38.46,37.84,38.42,4834100
111.0,37.70,38.19,37.52,38.08,4994274
110.0,37.76,38.00,37.64,37.80,4119546
109.0,37.74,38.00,37.62,37.76,3593424
108.0,37.72,37.97,37.54,37.76,5298546
105.0,37.96,38.42,37.76,37.80,7562938
104.0,38.02,38.20,37.76,38.06,4157130
103.0,37.96,38.72,37.64,38.00,5868572
102.0,37.30,38.14,37.22,38.07,6789690
101.0,37.57,37.64,37.14,37.20,4526542
98.0,37.22,37.64,37.12,37.59,5643914
97.0,36.46,37.26,36.36,37.12,4816602
96.0,36.08,36.42,35.98,36.28,3011502
95.0,36.34,36.42,35.65,36.14,5376934
94.0,36.76,36.92,36.08,36.54,4380534
91.0,36.93,36.98,36.70,36.86,4467612
90.0,36.78,37.12,36.65,36.96,4227484
88.0,36.78,37.36,36.62,36.66,7785368
87.0,37.10,37.12,36.68,36.88,5366782
86.0,37.26,37.26,36.76,37.04,5385868
83.0,37.44,37.64,37.33,37.44,3628576
82.0,37.28,37.63,37.04,37.46,4444126
81.0,36.94,37.40,36.72,37.32,4850188
80.0,37.51,37.52,36.86,37.02,6098560
76.0,37.66,37.72,37.22,37.33,5344860
75.0,37.27,37.87,37.23,37.75,5297908
74.0,37.18,38.04,36.92,37.30,10682174
73.0,36.42,37.08,36.38,37.07,6548564
72.0,36.26,36.74,35.96,36.58,4804768
69.0,35.98,36.14,35.76,35.87,5977286
68.0,36.58,36.60,35.96,36.00,8117756
67.0,36.62,36.70,36.00,36.43,4124712
66.0,36.90,36.92,36.35,36.70,4961202
65.0,36.42,36.92,36.40,36.76,4121570
62.0,37.20,37.24,36.38,36.60,6869244
61.0,36.87,37.29,36.76,37.08,4029988
60.0,36.36,37.16,36.35,36.96,7750514
59.0,36.00,36.48,36.00,36.34,5519950
58.0,35.64,36.36,35.62,36.36,6776616
55.0,36.36,36.88,35.74,36.68,6946188
54.0,36.98,37.32,36.17,36.33,7985804
53.0,36.80,37.10,36.52,36.90,7555566
52.0,36.62,37.02,36.44,37.01,5894474
51.0,37.00,37.06,36.48,36.72,5211378
48.0,36.20,37.38,36.10,36.92,9982222
47.0,36.42,36.46,36.00,36.10,6365540
46.0,36.44,36.59,36.24,36.37,7092986
45.0,36.76,37.56,36.33,36.56,5891334
41.0,36.38,36.45,35.94,36.32,5697158
40.0,36.11,36.74,35.61,36.60,10843006
39.0,35.26,36.16,35.10,36.04,8622828
38.0,34.60,35.38,34.44,35.13,10848746
37.0,33.62,34.42,33.44,34.12,13592802
34.0,34.06,34.22,33.14,33.61,11532286
33.0,33.98,34.63,33.84,34.26,6672964
32.0,34.17,34.46,33.84,33.96,5356606
31.0,34.26,34.48,34.04,34.33,6066260
364.0,33.84,34.05,33.68,33.80,3561926
363.0,33.51,33.82,33.42,33.78,3097234
362.0,34.08,34.08,33.36,33.40,3875450
361.0,33.64,34.02,33.52,34.00,2638722
357.0,33.72,33.72,33.30,33.66,2339244
356.0,33.46,33.55,33.23,33.54,3777282
355.0,33.28,33.76,32.86,33.28,6419774
354.0,32.69,33.44,32.68,33.22,10707582
353.0,31.92,32.50,31.80,32.29,6372736
350.0,31.72,32.01,31.44,31.84,11477348
349.0,31.75,31.80,31.49,31.55,6271548
348.0,31.90,32.30,31.42,31.52,7426358
347.0,32.05,32.36,31.85,31.98,8649044
346.0,31.45,32.24,31.28,31.83,10300756
343.0,30.74,31.86,30.58,31.79,7973330
342.0,31.20,31.36,30.57,30.64,4999370
341.0,31.10,31.49,30.94,31.32,4896364
340.0,30.78,31.25,30.69,31.10,7646750
339.0,31.10,31.16,30.44,30.66,8704416
336.0,31.53,31.60,30.54,30.60,8263962
335.0,31.58,31.60,31.06,31.38,6302214
364.0,31.12,31.56,31.00,31.54,7080244
363.0,31.14,31.35,30.54,30.62,6448006
362.0,30.60,31.05,30.26,31.02,5078248
359.0,30.02,30.46,30.00,30.12,3211234
357.0,30.62,30.65,30.21,30.22,5678860
356.0,30.49,31.02,30.36,30.84,6902504
355.0,31.26,31.26,30.26,30.66,9652646
352.0,32.25,32.26,31.50,31.52,6988018
351.0,32.59,32.65,31.47,32.33,8320054
350.0,32.38,32.91,32.16,32.44,6110534
349.0,32.50,32.88,32.38,32.70,4956962
348.0,32.27,32.58,32.15,32.51,4837832
345.0,32.37,32.48,31.42,32.28,9867468
344.0,32.42,32.49,31.72,32.16,6547968
343.0,32.04,32.57,31.86,32.16,7233974
342.0,32.32,32.66,32.00,32.59,5443352
341.0,31.95,32.34,31.58,32.14,5465094
338.0,31.97,32.02,31.58,31.86,4897002
337.0,31.82,32.25,31.82,32.07,6276792
336.0,32.06,32.16,31.47,31.90,6402220
335.0,31.60,32.03,31.36,31.78,7204572
334.0,32.85,32.88,32.25,32.42,5947224
331.0,32.78,33.14,32.70,33.10,6463104
330.0,32.86,33.42,32.24,32.64,15220620
329.0,33.44,33.50,32.73,33.24,8215280
328.0,33.91,33.94,32.89,32.94,7468540
327.0,33.60,34.12,33.44,33.93,6242734
324.0,33.38,33.68,33.00,33.46,6276536
323.0,32.76,33.48,32.52,32.98,5266296
322.0,32.86,33.05,32.56,32.66,4928756
321.0,32.52,33.06,32.15,32.94,6577400
320.0,33.11,33.13,32.34,32.42,6555480
317.0,33.50,33.50,32.95,33.15,4853340
316.0,32.60,33.40,32.41,33.18,4794528
315.0,33.45,33.45,32.70,32.72,6005334
314.0,32.74,33.45,32.66,33.16,7276356
313.0,32.28,33.49,32.24,32.76,10027616
310.0,31.82,31.92,31.42,31.48,6342310
309.0,31.90,31.90,31.32,31.68,8628084
308.0,30.58,32.10,30.58,32.04,9558642
307.0,30.13,30.72,29.66,30.66,7724622
306.0,30.80,31.20,30.33,30.35,7419992
303.0,31.02,31.50,30.82,30.96,7662436
302.0,31.60,31.67,30.92,31.46,6657572
301.0,32.16,32.26,31.14,31.20,5724210
300.0,32.25,32.55,31.84,31.98,8585742
299.0,31.52,31.70,30.70,31.55,6838524
296.0,31.66,31.88,31.08,31.34,9656352
295.0,30.93,31.84,30.52,31.77,14468878
294.0,32.68,32.92,31.86,31.90,11443118
293.0,30.75,32.93,30.65,32.78,22230636
292.0,30.22,30.69,30.22,30.60,6479802
289.0,30.32,30.74,29.99,30.52,8563002
288.0,30.46,30.58,29.92,30.16,8327176
287.0,30.28,30.50,29.82,30.12,9562670
286.0,30.32,30.60,30.05,30.20,9113846
285.0,29.49,30.28,29.49,30.16,9630364
282.0,30.08,30.56,29.88,29.88,8856160
281.0,29.92,30.92,29.83,30.42,8068428
280.0,29.85,30.14,29.65,30.13,4904824
279.0,28.56,29.68,28.40,29.62,5776606
275.0,29.29,29.81,29.13,29.17,4738486
274.0,29.92,30.07,29.58,29.77,5634992
273.0,29.84,30.21,29.50,29.74,6567124
272.0,28.90,29.96,28.79,29.76,6819866
271.0,28.92,29.16,28.68,29.14,5559792
268.0,28.12,28.73,27.64,28.65,4914896
267.0,28.92,28.96,28.10,28.18,7085392
266.0,28.50,28.92,28.40,28.90,5665468
265.0,27.84,28.60,27.55,28.58,7148282
264.0,27.75,27.94,27.58,27.66,7047994
261.0,26.82,27.66,26.75,27.34,8597214
260.0,27.56,27.80,26.94,27.28,8565598
259.0,28.20,28.72,27.78,28.16,5221968
258.0,27.56,28.24,27.50,28.09,6449698
257.0,27.34,27.96,27.22,27.87,8050022
254.0,26.88,27.45,26.67,27.22,7865558
253.0,25.97,27.14,25.88,26.82,11702632
252.0,26.84,26.92,25.85,25.92,12814374
251.0,26.48,27.34,25.90,27.29,15109556
250.0,27.06,27.32,25.96,26.20,16856086
247.0,27.93,28.44,27.12,27.76,14447792
246.0,28.55,29.15,27.74,27.76,14366982
245.0,28.42,29.20,27.72,29.14,10770436
244.0,29.13,28.84,27.72,28.42,12484110
243.0,29.92,30.08,28.96,29.24,8015006
241.0,29.84,30.24,29.52,29.65,11034216
240.0,30.59,31.16,29.96,29.98,11148508
239.0,29.84,30.00,29.34,29.74,7797366
238.0,30.35,30.35,29.90,30.00,5533958
237.0,30.61,30.62,30.23,30.40,3391708
234.0,30.83,30.86,30.54,30.59,4598220
233.0,30.29,30.99,30.29,30.75,4991090
232.0,30.36,30.44,29.95,30.18,4828240
231.0,29.67,30.30,29.67,30.27,4047200
230.0,30.19,30.34,29.32,29.57,7630354
227.0,30.38,30.50,30.12,30.34,3460726
226.0,30.54,30.74,30.21,30.29,3413720
225.0,30.78,30.88,30.10,30.54,4138864
224.0,30.64,30.82,30.52,30.53,3763376
223.0,30.69,30.86,30.36,30.50,3580840
220.0,30.74,31.24,30.64,31.00,5474268
219.0,30.50,30.92,30.18,30.84,5633668
218.0,30.18,30.48,30.08,30.26,4168890
217.0,30.47,30.50,30.01,30.16,4750062
213.0,30.38,30.48,30.08,30.44,5034474
211.0,30.28,30.48,30.06,30.16,5044322
210.0,30.31,30.35,29.90,30.08,4964932
209.0,29.82,30.27,29.64,30.26,4946684
208.0,29.22,29.77,29.13,29.70,3691704
205.0,29.80,29.86,29.28,29.38,5280306
204.0,29.58,29.96,29.37,29.94,6798162
203.0,29.90,30.18,29.78,29.93,4498526
202.0,29.91,30.07,29.54,30.02,4568404
201.0,28.96,29.94,28.91,29.80,5896854
198.0,29.24,29.50,28.92,28.94,8516892
197.0,28.92,29.19,28.67,28.92,6505872
196.0,28.90,29.51,28.88,29.00,5565342
195.0,29.36,29.38,28.99,29.03,4914188
194.0,29.14,29.38,28.81,29.15,2754890
191.0,29.74,29.78,29.14,29.15,4792894
190.0,29.74,30.13,29.64,29.79,4673796
189.0,29.32,29.94,29.32,29.66,2821318
188.0,29.31,29.91,29.24,29.64,5337096
187.0,29.34,29.50,29.14,29.23,3430754
184.0,29.63,29.81,29.40,29.43,3148012
183.0,29.90,30.12,29.72,29.92,2829414
182.0,30.42,30.50,29.92,29.96,5977876
181.0,30.12,30.46,29.94,30.46,4644944
177.0,29.67,29.98,29.58,29.94,3368068
176.0,29.26,29.77,29.08,29.73,5925196
175.0,29.66,29.78,29.35,29.40,4793420
174.0,29.68,29.73,29.44,29.70,4439732
173.0,30.00,30.00,29.41,29.62,4528378
170.0,30.38,30.50,30.02,30.24,4388070
169.0,30.24,30.49,30.00,30.43,5208562
168.0,30.16,30.50,30.05,30.40,4296220
167.0,29.77,30.24,29.54,30.24,5843026
166.0,29.87,30.04,29.68,29.76,3259082
163.0,30.20,30.34,29.80,29.97,4471700
162.0,29.80,30.14,29.34,30.09,4452230
161.0,30.05,30.06,29.48,29.89,5696108
160.0,30.02,30.10,29.82,30.05,4457954
159.0,29.60,30.05,29.57,29.98,3698020
156.0,29.83,30.04,29.38,29.65,7255434
155.0,30.42,30.42,28.22,29.42,15990422
154.0,30.06,30.85,30.06,30.48,8693188
153.0,30.00,30.64,29.76,30.06,8645788
152.0,29.62,30.38,29.45,29.89,9551568
149.0,29.40,29.87,29.28,29.44,13059500
148.0,29.36,29.58,28.62,29.42,9639684
147.0,28.94,29.52,28.86,29.50,8545024
146.0,28.34,28.88,28.18,28.85,5617756
145.0,28.31,28.37,27.91,28.18,3223424
141.0,28.28,28.50,28.06,28.20,4755084
140.0,28.48,28.65,28.15,28.33,6202866
139.0,28.62,28.67,27.95,28.19,4574388
138.0,28.19,28.87,27.90,28.62,8819526
135.0,28.32,28.70,28.17,28.49,6569736
134.0,27.77,28.30,27.50,28.17,5538332
133.0,27.78,28.10,27.66,27.96,3702486
132.0,27.56,27.76,27.42,27.68,5226144
131.0,27.94,28.33,27.62,27.68,5404772
128.0,28.20,28.36,27.77,27.96,3418000
127.0,27.84,28.15,27.72,28.14,5565056
126.0,28.14,28.28,27.72,27.90,6459288
125.0,28.20,28.41,27.88,27.95,6704234
124.0,28.76,28.94,28.27,28.35,4991470
121.0,28.86,28.98,28.47,28.65,6508334
120.0,28.38,28.87,28.36,28.79,7158154
119.0,27.98,28.48,27.94,28.37,6879300
118.0,27.50,27.75,27.43,27.74,3744826
117.0,27.74,27.76,27.44,27.50,3691122
114.0,27.56,27.85,27.50,27.62,6905748
113.0,26.80,27.55,26.66,27.44,6154714
112.0,26.34,26.73,26.30,26.60,3645390
111.0,26.62,26.83,26.42,26.42,6224156
110.0,26.76,27.13,26.63,26.64,5332334
107.0,26.56,26.86,26.36,26.49,12668024
106.0,26.76,26.78,26.50,26.60,4719502
105.0,26.60,26.89,26.30,26.44,8952088
104.0,26.28,26.98,26.12,26.90,9559836
103.0,26.50,27.54,26.42,26.94,9976700
100.0,25.92,26.80,25.70,26.59,12099952
99.0,26.60,26.67,25.92,25.96,9159234
98.0,26.82,27.00,26.56,26.82,5156042
97.0,26.90,27.20,26.71,27.04,4524140
96.0,27.35,27.36,26.71,26.85,9300252
93.0,26.97,27.18,26.97,27.13,8427440
92.0,26.98,27.27,26.83,27.02,8641668
91.0,26.38,27.04,26.34,26.86,7911984
90.0,26.60,26.84,26.32,26.51,5712898
87.0,26.99,27.44,26.50,26.55,8535840
84.0,26.47,26.86,26.38,26.76,5547994
83.0,26.08,26.50,25.88,26.44,9625874
82.0,26.42,26.70,26.31,26.36,6833784
81.0,26.54,26.74,26.39,26.44,7523154
77.0,26.70,27.07,26.54,26.74,8012788
76.0,26.98,27.02,26.58,26.82,5514370
75.0,26.71,27.00,26.60,26.96,8688288
74.0,26.55,26.64,26.34,26.57,13521208
73.0,25.90,26.72,25.90,26.72,13290894
70.0,25.80,26.04,25.76,26.00,17448844
69.0,25.36,25.92,25.14,25.86,19081250
68.0,25.36,25.46,25.06,25.37,14290088
67.0,25.48,25.64,25.26,25.44,10700174
66.0,25.60,25.80,25.34,25.48,11131430
63.0,24.74,25.68,24.46,25.64,29818568
62.0,26.40,26.45,24.50,24.75,37707950
61.0,26.03,26.64,26.02,26.58,7564852
60.0,26.00,26.43,25.94,26.12,12230316
59.0,25.78,26.04,25.48,25.76,15914522
56.0,27.34,27.35,25.55,25.59,24056328
55.0,27.93,28.27,27.28,27.42,9422974
54.0,28.12,28.47,27.96,28.10,5340926
53.0,28.20,28.26,27.81,28.04,5464460
52.0,27.94,28.49,27.82,28.32,4993854
49.0,28.50,28.50,27.98,28.02,6071420
48.0,28.10,28.43,27.94,28.32,6707420
47.0,28.36,28.41,27.95,28.16,9191122
46.0,28.75,28.99,28.40,28.44,6591748
42.0,28.62,28.84,28.60,28.72,4624280
41.0,28.88,29.00,28.54,28.62,4442314
40.0,29.08,29.13,28.63,28.96,5646900
39.0,28.40,29.03,28.30,29.00,7841152
38.0,29.36,29.49,28.04,28.22,18020960
35.0,29.62,29.78,29.42,29.58,5047144
34.0,29.62,29.89,29.40,29.50,6571810
33.0,29.20,29.86,29.11,29.70,7156498
32.0,29.90,30.04,29.27,29.34,7326718
31.0,29.87,30.45,29.84,30.01,5231624
365.0,29.76,29.82,29.35,29.57,2140630
364.0,29.82,29.88,29.67,29.72,2097018
363.0,29.84,30.22,29.74,29.86,2845830
362.0,29.73,29.82,29.58,29.72,2817854
361.0,29.70,29.90,29.54,29.75,2787096
357.0,29.60,29.86,29.50,29.84,3681968
356.0,29.56,29.86,29.49,29.72,3748156
355.0,29.68,29.68,29.25,29.56,4298220
354.0,29.77,29.86,29.40,29.64,5813688
351.0,29.36,29.67,29.14,29.64,8266832
350.0,28.96,29.40,28.86,29.39,5947408
349.0,28.76,29.08,28.75,28.92,5139974
348.0,28.50,28.96,28.46,28.90,6516220
347.0,28.79,28.81,28.36,28.36,5587450
344.0,28.64,28.90,28.50,28.73,6864114
343.0,28.52,28.65,28.36,28.52,6877850
342.0,28.32,28.62,28.15,28.42,7698890
341.0,28.46,28.92,28.04,28.14,28180868
340.0,29.14,29.20,27.12,27.82,44428456
337.0,30.15,30.34,30.06,30.30,4701438
336.0,30.14,30.30,30.03,30.23,4422260
335.0,30.08,30.32,30.02,30.20,5338224
364.0,29.50,29.75,29.39,29.69,5673338
363.0,30.50,30.53,29.58,29.94,7297680
360.0,30.60,30.74,30.45,30.60,973946
358.0,30.40,31.00,30.40,30.80,3933304
357.0,30.58,30.80,30.10,30.26,5070580
356.0,30.25,30.82,30.10,30.82,4872954
353.0,30.36,30.44,30.06,30.30,4559512
352.0,30.34,30.70,30.04,30.37,5531970
351.0,29.86,30.02,29.52,29.98,4640550
350.0,30.06,30.38,29.78,29.89,5995844
349.0,30.44,30.46,30.22,30.28,4315716
346.0,30.42,30.57,29.82,30.15,4202360
345.0,30.39,30.80,30.27,30.70,2970078
344.0,30.54,30.80,30.13,30.72,5110052
343.0,30.49,30.60,30.17,30.34,4060696
342.0,30.39,30.54,29.94,30.48,5564866
339.0,31.12,31.14,30.38,30.61,7427416
338.0,31.22,31.34,30.92,31.16,6235384
337.0,31.46,31.50,30.84,31.26,5566364
336.0,31.10,31.73,31.06,31.48,8150148
335.0,30.75,31.10,30.64,30.95,6532220
332.0,30.70,31.13,30.70,31.02,8499692
331.0,30.75,31.37,30.46,30.60,15640036
330.0,29.30,29.70,29.27,29.70,5199924
329.0,29.66,29.72,29.17,29.62,4324746
328.0,29.67,29.98,29.60,29.78,5672758
325.0,29.32,29.45,29.09,29.37,3385650
324.0,29.18,29.45,28.99,29.36,4699906
323.0,29.35,29.60,29.02,29.06,8906080
322.0,29.99,30.00,29.17,29.36,8222370
321.0,29.21,29.94,29.07,29.85,6373192
318.0,29.16,29.16,28.77,29.10,7455168
317.0,29.17,29.34,28.84,28.98,7837300
316.0,29.03,29.34,28.86,29.12,5648068
315.0,28.71,29.10,28.30,28.94,6693318
314.0,28.82,28.86,28.64,28.82,3275352
311.0,28.84,29.08,28.61,28.92,4115600
310.0,28.93,29.08,28.65,28.76,4960196
309.0,29.25,29.42,28.64,28.90,5504278
308.0,29.06,29.50,28.83,29.36,7119934
307.0,29.00,29.14,28.42,28.68,4778690
304.0,29.10,29.27,28.80,29.05,5172720
303.0,28.93,29.20,28.59,28.80,5549148
302.0,29.00,29.18,28.56,28.72,4999982
301.0,29.00,29.50,28.73,29.14,5578710
300.0,29.12,29.26,28.82,28.82,4014262
297.0,28.72,29.34,28.64,29.23,6015340
296.0,28.32,28.86,28.12,28.52,4742114
295.0,28.54,28.80,28.40,28.46,6467320
294.0,28.01,28.56,27.86,28.42,6738180
293.0,27.76,28.07,27.56,28.01,5550792
290.0,27.54,27.64,27.38,27.62,7104070
289.0,27.40,27.56,27.23,27.42,3686752
288.0,27.02,27.50,26.97,27.46,5370656
287.0,27.20,27.52,27.07,27.16,7077742
286.0,27.80,27.92,27.30,27.32,6779436
283.0,27.05,27.75,26.92,27.72,6934826
282.0,27.30,27.36,26.90,26.94,4496292
281.0,26.58,27.06,26.52,26.99,4475738
280.0,26.60,26.68,26.32,26.46,4414520
276.0,26.52,26.74,26.33,26.64,4325064
275.0,26.24,26.52,26.01,26.52,3965736
274.0,26.10,26.56,25.90,26.36,6455466
273.0,25.32,25.92,25.32,25.74,8157518
272.0,25.81,25.96,25.42,25.42,5219504
269.0,25.42,26.12,25.14,25.92,6656676
268.0,25.90,25.93,24.75,25.31,14183862
267.0,25.64,26.03,25.51,25.88,7210824
266.0,26.60,26.60,25.38,25.53,14721944
265.0,26.95,27.40,26.72,26.75,3951992
262.0,26.92,27.03,26.52,26.84,6606980
261.0,27.50,27.58,26.79,26.96,8113692
260.0,27.64,27.96,27.38,27.58,6441560
259.0,27.95,27.97,27.56,27.70,6002216
258.0,27.63,27.89,27.37,27.74,4308934
255.0,27.82,28.24,27.80,27.84,3467588
254.0,27.27,28.26,27.12,28.04,4955144
253.0,28.44,28.52,27.61,27.76,6096410
252.0,28.40,29.00,28.08,28.90,6613360
251.0,28.50,28.58,28.14,28.56,4574526
248.0,27.54,28.38,27.44,28.34,6637108
247.0,28.14,28.22,27.86,28.02,4164258
246.0,28.08,28.51,28.06,28.30,5492940
245.0,28.08,28.23,27.90,28.13,4777590
244.0,27.95,28.34,27.88,28.16,6874662
242.0,26.62,27.74,26.40,27.58,10448030
241.0,27.32,27.44,26.28,26.85,11252744
240.0,27.14,27.29,26.38,26.42,6541278
239.0,27.22,27.37,26.80,27.10,4954840
238.0,26.50,27.28,26.36,27.24,7414434
235.0,26.04,26.46,25.82,26.38,7423200
234.0,25.72,26.45,25.63,26.17,5459852
233.0,26.01,26.19,25.42,25.54,8058598
232.0,25.94,26.08,25.62,26.03,5866172
231.0,26.14,26.40,26.06,26.30,4497734
228.0,26.66,26.91,25.90,26.02,10420082
227.0,26.19,26.68,26.14,26.64,8733784
226.0,26.06,26.30,25.86,26.06,4878278
225.0,25.72,26.48,25.66,26.17,7549330
224.0,25.84,25.84,25.34,25.56,6445592
221.0,25.20,25.62,25.06,25.59,6582888
220.0,24.84,25.06,24.58,25.02,6265318
219.0,24.62,24.80,24.01,24.74,8894066
218.0,25.52,25.52,24.36,24.51,9525880
214.0,24.92,25.57,24.82,25.37,8824112
213.0,25.14,25.24,24.28,24.81,14039318
211.0,25.46,26.00,24.77,25.41,23042680
210.0,27.54,27.74,26.45,26.62,9666024
209.0,28.04,28.37,27.56,27.94,6001536
206.0,27.40,28.29,27.24,28.04,8529874
205.0,27.52,27.72,27.28,27.40,5907026
204.0,27.25,27.76,27.01,27.69,7970554
203.0,27.58,28.02,27.26,27.30,6572554
202.0,27.84,28.00,27.26,27.44,4898032
199.0,27.64,27.94,27.51,27.68,6672096
198.0,27.98,27.98,27.42,27.68,6543266
197.0,27.14,27.96,27.14,27.69,7330114
196.0,26.69,27.43,26.62,27.42,7526896
195.0,26.70,27.08,26.46,26.50,7292926
192.0,25.87,26.76,25.82,26.72,7790946
191.0,25.94,26.34,25.82,26.20,8815264
190.0,26.40,26.49,25.60,25.74,8555190
189.0,26.86,26.90,25.96,26.30,10271756
188.0,27.12,27.48,26.62,26.91,17728362
185.0,26.39,26.68,25.66,25.78,9394600
184.0,26.70,26.95,26.25,26.82,6489004
183.0,25.95,26.82,25.78,26.81,8732728
182.0,26.28,26.56,25.88,25.94,6229382
178.0,26.68,26.80,25.92,26.38,10768106
177.0,26.40,26.80,26.28,26.71,8547566
176.0,26.73,26.94,25.82,25.83,20532798
175.0,27.20,27.44,26.38,26.70,17079320
174.0,27.96,28.06,27.14,27.68,7211896
171.0,27.40,28.86,27.18,28.08,16916926
170.0,28.70,28.74,27.88,27.90,8496804
169.0,28.82,29.54,28.76,29.14,5237010
168.0,29.84,29.99,28.92,29.00,10769278
167.0,29.72,29.98,29.29,29.88,13779316
164.0,29.48,29.82,29.06,29.71,14247600
163.0,29.84,29.98,29.51,29.51,5181306
162.0,29.85,30.10,29.58,29.94,8754130
161.0,29.36,29.74,29.08,29.54,6092094
160.0,29.47,29.86,29.12,29.43,8427512
157.0,28.96,29.45,28.18,28.74,9551426
156.0,29.88,30.06,26.70,29.05,16229570
155.0,29.92,30.21,29.34,30.12,10382490
154.0,30.56,30.80,29.74,29.90,8887072
153.0,30.88,31.16,30.70,30.94,7339282
150.0,30.96,31.16,30.65,31.00,9764780
149.0,31.72,31.73,30.32,30.81,14719558
148.0,29.20,30.02,28.98,29.82,10037000
147.0,29.45,30.01,29.10,29.20,7012446
146.0,30.20,30.30,29.48,29.50,6141300
143.0,29.38,29.91,29.28,29.90,6584662
142.0,29.35,29.46,28.50,29.33,11533100
141.0,30.45,30.48,29.22,29.54,14438740
140.0,30.51,30.60,30.30,30.56,5063886
139.0,30.42,30.55,30.08,30.34,4264882
136.0,30.16,30.52,30.09,30.44,8216546
135.0,30.14,30.46,30.06,30.31,5428198
134.0,30.66,30.71,29.90,30.14,8880874
133.0,30.30,30.89,30.22,30.74,5887238
132.0,30.90,30.94,30.06,30.20,10064472
129.0,31.04,31.25,30.61,30.94,9550330
128.0,31.76,31.86,31.02,31.56,8635712
127.0,31.78,32.00,31.52,31.62,8096404
126.0,31.36,31.88,31.36,31.70,7098814
125.0,31.04,31.34,30.88,31.02,4873620
120.0,31.10,31.18,30.87,30.98,5165580
119.0,31.42,31.56,30.99,31.24,6852700
118.0,31.16,31.40,31.00,31.24,5254602
115.0,31.50,31.52,30.72,31.07,6997076
114.0,31.84,31.88,31.35,31.35,6161858
113.0,32.15,32.32,31.60,31.68,6036466
112.0,32.25,32.30,31.87,32.20,5387836
111.0,32.22,32.73,31.84,32.20,7388288
108.0,32.90,32.90,31.78,32.16,10789788
107.0,32.38,32.54,32.18,32.51,6322356
106.0,31.38,32.46,31.30,32.36,9996022
105.0,31.15,31.55,30.95,31.41,5136186
104.0,30.66,31.10,30.66,30.98,4614906
101.0,30.90,30.96,30.48,30.68,4281068
100.0,30.78,30.96,30.37,30.65,6000606
99.0,30.91,31.08,30.72,30.96,3857590
98.0,30.75,31.08,30.66,30.88,3173420
97.0,30.94,30.97,30.67,30.80,3159250
94.0,30.53,30.98,30.51,30.96,3243366
93.0,30.54,30.80,30.34,30.50,3968986
92.0,30.88,31.04,30.54,30.61,4640054
91.0,30.66,30.92,30.56,30.74,4201204
90.0,30.05,30.75,29.86,30.65,6063204
85.0,29.63,29.83,29.34,29.76,3161154
84.0,29.40,29.65,29.08,29.64,4729700
83.0,29.86,30.10,29.54,29.74,4481146
82.0,29.70,30.24,29.39,29.57,5722386
81.0,30.18,30.18,29.67,29.84,5032390
78.0,29.97,30.22,29.60,30.02,7582736
77.0,29.50,30.25,29.49,29.94,11323852
76.0,28.98,29.69,28.86,29.54,5753650
75.0,28.61,28.96,28.11,28.96,5596358
71.0,28.15,28.50,27.95,28.44,5883996
70.0,28.16,28.75,27.84,28.58,6317184
69.0,27.84,28.60,27.74,28.31,8121214
68.0,27.67,28.16,27.50,27.75,5853538
67.0,27.59,27.66,27.05,27.38,4671128
64.0,27.97,28.07,27.02,27.58,9423404
63.0,28.75,28.88,27.78,27.92,8635690
62.0,28.68,29.28,28.58,29.16,6890228
61.0,28.42,28.96,28.16,28.88,5553054
60.0,28.42,28.70,28.21,28.48,4763360
57.0,28.54,28.80,28.16,28.39,6487082
56.0,28.76,29.00,28.30,28.40,9851566
55.0,28.72,29.10,28.68,29.06,7247392
54.0,28.86,29.21,28.78,28.93,5840474
53.0,29.33,29.40,29.00,29.16,8581584
50.0,29.00,29.54,28.72,29.28,11487224
49.0,29.24,29.24,28.57,28.90,7593014
48.0,29.34,29.84,28.60,29.01,6969880
47.0,28.64,29.62,28.58,29.37,7992776
43.0,29.20,29.47,28.44,28.76,8987170
42.0,28.74,29.38,28.70,29.06,6850670
41.0,28.74,28.99,28.43,28.84,7818500
40.0,28.52,28.74,27.80,28.50,10758062
39.0,28.80,29.33,27.19,28.64,18059442
36.0,28.03,28.72,27.71,28.64,9241110
35.0,28.06,28.37,27.88,27.94,5000544
34.0,27.70,28.48,27.70,28.20,8272098
33.0,27.76,27.86,27.30,27.54,6705638
32.0,28.32,28.32,27.66,27.87,4831886
365.0,28.28,28.30,27.82,27.84,2746772
364.0,28.06,28.36,28.02,28.21,2350426
363.0,28.36,28.40,28.05,28.06,3437506
362.0,28.30,28.40,28.20,28.37,2937156
358.0,28.30,28.48,28.04,28.19,1575668
357.0,28.20,28.57,28.19,28.40,4371284
356.0,27.99,28.26,27.86,28.14,6308100
355.0,28.14,28.30,27.96,28.04,7494378
352.0,27.18,28.08,27.01,27.98,28089414
351.0,25.81,25.88,25.30,25.31,7649618
350.0,26.48,26.62,25.80,25.89,8742980
349.0,26.89,27.00,26.25,26.44,7708514
348.0,26.44,27.09,26.40,26.94,7136862
345.0,26.72,26.79,26.18,26.38,8217218
344.0,27.10,27.12,26.52,26.70,8485664
343.0,27.00,27.00,26.38,26.86,8720724
342.0,26.52,27.32,26.50,27.16,19926160
341.0,28.08,28.54,27.28,27.76,22238604
338.0,28.58,28.74,27.58,27.98,8698422
337.0,28.75,28.90,28.18,28.26,6460214
336.0,28.25,28.66,28.12,28.66,7754128
335.0,28.01,28.25,27.85,28.15,7437678
364.0,27.40,27.78,27.31,27.72,6690340
361.0,26.96,27.84,26.86,27.48,2651520
359.0,27.64,27.90,27.58,27.88,4362546
358.0,27.85,27.90,27.45,27.68,5898902
357.0,27.66,27.94,27.49,27.82,5902442
354.0,27.34,27.56,27.14,27.46,6293144
353.0,27.50,27.60,27.16,27.28,5774824
352.0,27.62,27.68,27.34,27.64,6055888
351.0,26.82,27.82,26.76,27.62,8512528
350.0,26.75,27.07,26.62,27.00,4403720
347.0,26.96,27.03,26.54,26.74,3503132
346.0,26.98,27.06,26.62,26.86,3753724
345.0,27.30,27.44,26.62,26.93,4626674
344.0,27.11,27.42,26.62,26.82,11120146
343.0,26.38,27.08,26.24,27.07,10977620
340.0,25.84,26.63,25.78,26.52,6441858
339.0,26.00,26.07,25.53,25.92,6019244
338.0,25.60,25.81,25.33,25.44,7414008
337.0,24.96,25.42,24.88,25.35,6561906
336.0,25.53,25.98,24.87,25.10,9146108
333.0,25.54,26.16,25.42,25.52,9701716
332.0,25.24,25.82,25.04,25.64,6642800
331.0,25.81,26.00,25.16,25.22,6278608
330.0,26.34,26.58,25.68,25.90,10059516
329.0,27.19,27.52,25.76,26.31,14007012
326.0,27.62,28.37,27.01,27.10,8609368
325.0,28.23,28.72,27.50,27.96,16026200
324.0,27.82,27.82,27.14,27.29,8699548
323.0,28.18,28.32,27.75,27.86,5853102
322.0,28.28,28.45,27.96,28.28,5526684
319.0,28.18,28.48,27.88,28.21,6888980
318.0,27.56,28.25,27.40,28.24,6510230
317.0,27.40,27.74,27.31,27.67,4521000
316.0,27.47,27.78,27.13,27.28,5816988
315.0,27.48,27.72,27.25,27.56,4145276
312.0,27.28,27.62,27.08,27.39,3430002
311.0,27.18,27.58,27.12,27.27,7572986
310.0,26.92,27.04,26.60,26.84,4325092
309.0,26.71,27.40,26.62,27.02,6533356
308.0,26.80,27.01,26.56,26.71,6391912
305.0,27.22,27.50,26.98,27.00,5025942
304.0,27.77,28.33,27.36,27.50,8916876
303.0,27.54,28.06,27.28,27.95,8495046
302.0,27.82,27.82,27.32,27.56,4852232
301.0,27.52,28.10,27.43,27.84,4915468
298.0,26.73,27.50,26.68,27.27,6314890
297.0,27.04,27.16,26.70,26.94,4024980
296.0,27.33,27.42,26.78,26.79,5939376
295.0,27.70,27.77,27.06,27.24,5684296
294.0,26.76,27.98,26.64,27.60,12185512
291.0,26.54,26.66,26.24,26.27,8236148
290.0,26.82,26.82,26.24,26.52,7249274
289.0,26.25,26.99,26.08,26.84,8486624
288.0,25.90,26.59,25.78,26.16,5832162
287.0,25.87,26.30,25.86,26.03,6033566
284.0,25.79,26.04,25.59,26.01,6907330
283.0,25.76,25.92,25.59,25.75,7259706
282.0,25.60,26.03,25.58,25.92,5608912
281.0,25.87,25.94,25.46,25.82,4743954
277.0,25.58,25.94,25.47,25.87,4228704
276.0,25.37,25.56,25.06,25.50,5829670
275.0,25.37,25.86,25.30,25.52,5209462
274.0,25.92,26.70,25.44,25.48,7520474
273.0,26.15,26.40,25.84,26.08,4321536
270.0,26.86,26.99,26.01,26.36,4372820
269.0,26.88,26.99,26.22,26.76,6342130
268.0,26.66,27.38,26.60,27.04,5442124
267.0,26.66,27.04,26.46,26.70,6819122
266.0,26.58,26.69,26.24,26.50,5378060
263.0,26.52,26.92,26.24,26.58,6165596
262.0,26.62,26.63,26.18,26.32,6795200
261.0,26.03,26.60,25.80,26.53,5019094
260.0,26.00,26.24,25.81,26.00,4862526
259.0,26.05,26.12,25.72,26.04,5976408
256.0,26.46,26.47,25.66,26.37,7125552
255.0,26.96,27.06,26.22,26.37,7482414
254.0,26.44,27.44,26.44,26.96,6448652
253.0,26.53,26.84,26.30,26.68,6865096
252.0,27.10,27.15,26.40,26.58,10512468
249.0,27.70,27.75,27.08,27.46,5608356
248.0,27.75,27.78,27.11,27.40,11046098
247.0,28.96,29.08,28.08,28.25,5022306
246.0,28.46,29.01,28.42,28.90,5060652
245.0,28.65,28.70,28.11,28.64,6839472
243.0,28.98,29.00,28.40,28.48,7218450
242.0,28.96,29.16,28.58,28.84,7778916
241.0,28.45,28.76,28.08,28.66,8499532
240.0,27.28,28.58,27.20,28.52,10925948
239.0,27.34,27.64,26.94,27.50,7880960
236.0,27.90,27.97,26.98,27.32,12768602
235.0,26.79,28.06,26.75,27.98,31849802
234.0,23.80,24.20,23.57,23.59,9952956
233.0,23.68,23.82,23.27,23.70,6919780
232.0,23.42,23.62,23.08,23.56,6158484
229.0,23.53,23.68,23.32,23.42,6428118
228.0,23.14,23.58,23.04,23.52,5735078
227.0,23.20,23.26,22.66,23.16,8688562
226.0,23.48,23.70,22.93,23.01,8186322
225.0,23.02,23.62,22.64,23.58,9266338
222.0,23.06,23.30,22.81,23.05,5351444
221.0,23.10,23.36,22.86,23.24,6117436
220.0,23.12,23.60,22.92,23.11,12661214
219.0,23.56,23.78,22.88,23.12,7627366
218.0,23.30,23.83,23.16,23.66,6384328
214.0,23.70,23.80,23.25,23.36,7507262
213.0,24.12,24.26,23.84,24.05,6317050
211.0,24.06,24.38,23.72,23.92,7762088
210.0,23.96,24.27,23.38,24.16,7547582
207.0,23.98,24.04,23.64,24.02,6526160
206.0,23.44,23.99,23.26,23.98,7329738
205.0,23.36,23.64,23.26,23.52,7784208
204.0,23.22,23.89,23.20,23.42,8955736
203.0,23.25,23.43,23.01,23.23,9195900
200.0,23.22,23.96,23.21,23.47,13575460
199.0,22.60,23.20,22.44,23.10,10645544
198.0,21.49,22.88,21.49,22.47,14537520
197.0,21.30,21.66,21.06,21.56,10228772
196.0,21.31,21.50,21.00,21.12,6177208
193.0,21.82,21.82,21.34,21.62,7217736
192.0,21.66,21.85,21.24,21.66,9887414
191.0,22.18,22.28,21.34,21.62,10125094
190.0,22.19,22.34,21.84,22.12,6345392
189.0,22.27,22.64,21.87,22.00,8455006
186.0,22.62,22.62,21.76,22.18,9790324
185.0,22.87,23.04,22.25,22.56,9233784
184.0,22.06,22.82,22.00,22.64,9669586
183.0,21.30,22.29,21.26,22.14,12388556
182.0,21.20,21.50,21.06,21.30,7271788
179.0,20.75,21.12,20.50,21.12,7314522
178.0,20.41,21.08,20.41,20.88,11001756
177.0,20.25,20.72,20.01,20.46,9511204
176.0,19.45,20.30,19.28,20.22,7562082
172.0,19.93,20.08,19.68,19.72,6031276
171.0,19.90,20.15,19.67,19.83,7016806
170.0,20.19,20.38,19.91,20.16,8237024
169.0,19.82,19.92,19.54,19.73,10199498
168.0,19.96,20.00,19.52,19.99,9592618
165.0,20.05,20.36,19.71,19.90,12139888
164.0,20.00,20.80,20.00,20.40,9029796
163.0,20.40,20.84,20.04,20.29,8852502
162.0,20.80,21.03,20.33,20.86,8747612
161.0,20.20,21.38,20.20,20.80,9702108
158.0,20.08,21.27,20.05,20.71,18164518
157.0,19.74,21.04,19.68,20.90,18512250
156.0,19.82,19.88,19.25,19.56,9670022
155.0,19.46,19.96,19.44,19.72,7558686
154.0,20.00,20.05,19.25,19.57,16076922
151.0,20.92,20.97,19.62,19.77,15636092
150.0,21.54,21.88,20.75,21.36,17040632
149.0,21.10,21.49,20.68,21.20,10600144
148.0,20.46,21.10,20.24,20.87,9391076
147.0,19.50,20.62,19.50,20.40,10389054
144.0,19.70,20.00,19.52,19.93,11551376
143.0,19.94,20.12,19.46,19.72,12385300
142.0,19.64,20.28,19.56,19.92,14030216
141.0,19.06,19.20,18.81,19.07,9392590
140.0,19.00,19.34,18.88,19.00,9468182
137.0,19.20,19.45,18.81,19.15,13346926
136.0,19.64,19.75,19.05,19.16,11232594
135.0,19.40,19.54,19.11,19.35,13033924
134.0,20.23,20.34,19.46,19.50,14738072
133.0,20.22,20.88,20.18,20.48,9822600
129.0,20.62,20.74,20.25,20.40,10097424
128.0,20.46,20.52,20.02,20.34,11083562
127.0,21.00,21.04,20.18,20.24,15999210
126.0,20.64,21.22,20.64,21.16,14685802
123.0,20.56,21.12,20.45,21.08,21726248
122.0,19.54,20.50,19.54,20.38,28862636
121.0,19.36,19.62,18.45,19.24,79964560
120.0,22.87,22.90,22.07,22.20,10576058
119.0,22.78,22.92,22.22,22.68,8931674
116.0,22.82,23.43,22.62,23.02,9747708
115.0,23.08,23.36,22.46,23.22,14272894
114.0,23.56,23.73,22.14,22.96,12636396
113.0,23.60,23.90,23.10,23.12,8075804
112.0,23.12,24.09,22.66,24.02,11804184
109.0,23.00,23.44,22.62,22.76,12287448
108.0,23.76,23.76,22.69,22.85,10112272
107.0,23.89,24.20,23.32,23.58,12104850
106.0,23.26,24.28,23.16,24.21,8521842
105.0,24.13,24.31,23.20,23.20,9825612
102.0,23.86,24.28,23.31,24.10,13861654
101.0,21.04,23.84,21.01,23.58,21854592
100.0,21.16,22.18,20.98,21.12,14568558
99.0,20.40,21.42,20.20,21.16,17210584
98.0,20.04,21.03,19.84,19.98,11854642
95.0,20.02,20.64,19.66,20.58,16199128
94.0,20.90,20.91,19.80,19.98,18433466
93.0,21.41,21.76,20.90,21.22,13332588
92.0,21.36,21.76,21.01,21.16,16029262
91.0,21.86,22.20,20.67,21.08,20874724
86.0,23.30,23.81,22.16,22.36,25375462
85.0,25.64,25.90,24.36,24.37,13860452
84.0,26.42,26.42,25.44,25.68,12104420
83.0,26.40,27.00,25.68,26.40,14245040
82.0,27.13,27.30,26.22,26.38,10510876
79.0,26.67,27.25,26.48,27.00,13463380
78.0,26.72,27.12,26.54,26.74,8458846
77.0,26.19,26.62,25.90,26.47,9098062
76.0,25.74,26.34,25.06,25.94,10451070
72.0,26.43,26.75,26.02,26.16,4968132
71.0,26.06,26.65,25.76,26.65,8445910
70.0,26.43,26.68,25.82,26.24,7239218
69.0,27.00,27.42,26.09,26.24,10142154
68.0,27.53,27.68,26.88,27.14,7075438
65.0,27.60,28.02,27.23,27.68,11687558
64.0,26.48,27.60,26.25,27.54,10491652
63.0,26.59,27.12,26.25,26.76,9413124
62.0,26.59,26.80,26.14,26.58,10196432
61.0,26.42,26.94,26.23,26.74,7712480
58.0,26.45,26.98,25.84,26.48,11408650
57.0,25.80,26.68,25.73,26.06,7727248
56.0,25.81,26.25,25.38,26.10,8787070
55.0,25.50,25.82,25.00,25.62,7431984
54.0,24.80,25.59,24.70,25.17,6788242
51.0,24.25,25.07,24.04,24.78,8512714
50.0,24.30,25.06,24.08,24.60,9152038
49.0,24.41,24.95,23.79,24.90,10048632
48.0,24.91,25.38,24.16,24.16,10789088
44.0,25.35,25.36,24.58,25.12,11924160
43.0,24.28,25.10,23.96,24.96,10617400
42.0,25.06,25.20,24.18,24.31,10849774
41.0,24.60,25.84,24.60,25.18,11317390
40.0,25.14,25.70,24.20,24.84,19985020
37.0,25.53,25.82,24.55,25.14,12859850
36.0,24.94,25.56,24.26,25.56,13365320
35.0,25.05,25.94,25.00,25.75,13059236
34.0,27.02,27.12,25.09,25.24,22163064
33.0,28.24,28.24,27.01,27.18,9607736
30.0,27.47,28.30,26.82,28.24,6745968
