323.0,34.02,34.39,34.01,34.25,24361352
322.0,33.51,33.89,33.45,33.75,13203111
321.0,33.72,33.75,33.44,33.55,9971246
320.0,33.59,33.67,33.46,33.60,9303117
319.0,33.60,33.64,33.47,33.54,10509057
316.0,33.40,33.57,33.32,33.47,13578818
315.0,33.26,33.46,33.17,33.26,17905601
314.0,33.38,33.63,33.25,33.59,12561374
313.0,33.88,33.91,33.47,33.55,18011029
312.0,33.77,33.89,33.61,33.76,8728444
309.0,33.65,33.78,33.52,33.75,15464652
308.0,33.58,33.67,33.41,33.59,14524809
307.0,33.53,33.56,33.29,33.44,14652192
306.0,33.72,33.90,33.61,33.85,13346858
305.0,33.61,33.77,33.52,33.75,16555183
302.0,33.31,33.67,33.24,33.63,14802671
301.0,33.22,33.46,33.22,33.35,15496862
300.0,33.78,33.92,33.30,33.48,22310041
299.0,33.76,34.10,33.67,33.76,26138300
298.0,33.31,33.84,33.20,33.72,32396906
295.0,32.66,33.53,32.64,33.37,28234858
294.0,32.72,32.90,32.50,32.70,19870012
293.0,32.55,32.75,32.39,32.60,19865366
292.0,32.46,32.65,32.40,32.49,12927654
291.0,32.43,32.66,32.26,32.52,17290893
288.0,32.20,32.50,32.12,32.44,29336087
287.0,31.91,32.22,31.91,32.19,18194803
286.0,32.34,32.39,31.96,32.18,22705140
285.0,32.30,32.47,32.19,32.41,18923132
284.0,31.71,32.30,31.67,32.19,22440819
281.0,31.68,31.78,31.46,31.48,15339455
280.0,31.96,31.97,31.74,31.76,14751706
279.0,31.75,31.91,31.63,31.87,16962308
278.0,32.15,32.24,31.46,31.62,32650934
274.0,32.22,32.34,32.03,32.30,14686578
273.0,32.10,32.34,31.99,32.21,27800153
272.0,31.47,32.20,31.42,31.99,22988730
271.0,31.26,31.63,31.19,31.48,16362658
270.0,31.60,31.66,31.41,31.54,12958921
267.0,31.39,31.80,31.36,31.44,19558253
266.0,30.95,31.40,30.90,31.24,22576090
265.0,31.21,31.40,30.91,30.92,22436582
264.0,30.85,31.33,30.75,31.27,24747246
263.0,30.37,30.80,30.36,30.68,24198403
260.0,31.00,31.06,30.36,30.37,34802193
259.0,31.49,31.77,30.85,31.04,53288773
258.0,32.10,32.47,32.06,32.34,29051966
257.0,31.85,32.21,31.84,32.09,25251460
256.0,31.69,31.89,31.56,31.84,21761643
253.0,31.23,31.54,31.04,31.47,20756566
252.0,31.56,31.56,31.00,31.00,23517356
251.0,31.55,31.68,31.36,31.62,16131324
250.0,31.75,32.00,31.60,31.67,15375678
249.0,31.79,31.88,31.69,31.84,11877405
246.0,31.67,31.91,31.58,31.80,16929451
245.0,31.59,31.72,31.43,31.56,14420797
244.0,31.57,31.57,31.25,31.52,15845636
243.0,31.59,31.66,31.43,31.65,12962777
243.0,31.54,31.59,31.37,31.45,19256428
240.0,31.45,31.60,31.26,31.52,15770955
239.0,31.73,31.75,31.21,31.57,21437389
238.0,32.12,32.22,31.51,31.66,21941467
237.0,31.90,32.25,31.88,32.12,14989974
236.0,31.86,31.92,31.66,31.86,15504103
233.0,31.86,32.03,31.70,31.84,13973789
232.0,31.91,32.05,31.76,31.86,16389480
231.0,31.51,32.05,31.46,31.90,21567937
230.0,31.41,31.51,31.17,31.51,15530723
229.0,31.50,31.64,31.45,31.50,16427499
226.0,31.37,31.45,31.27,31.42,13573117
225.0,31.26,31.28,31.08,31.27,15934187
224.0,31.25,31.44,31.14,31.16,18586175
223.0,31.05,31.12,30.86,31.09,12805956
222.0,30.88,31.09,30.82,30.98,15528778
219.0,30.76,31.07,30.75,30.90,15860596
218.0,30.99,31.02,30.67,30.72,20789117
217.0,30.85,31.27,30.73,31.11,24270320
215.0,31.09,31.64,31.03,31.33,14112089
211.0,31.79,31.79,31.30,31.30,23604639
210.0,31.79,32.02,31.25,31.41,27664454
209.0,31.78,32.28,31.76,32.08,17732307
208.0,32.09,32.26,31.76,31.76,23224246
207.0,32.22,32.50,32.18,32.24,22174963
204.0,31.85,32.30,31.75,32.09,25792153
203.0,31.91,32.00,31.70,31.85,19436616
202.0,31.73,31.87,31.51,31.84,20386074
201.0,31.94,32.16,31.84,31.85,18190130
200.0,31.77,32.02,31.58,31.99,18459210
197.0,31.61,31.64,31.20,31.63,36367419
196.0,31.25,31.64,31.22,31.58,19327991
195.0,31.87,31.97,31.33,31.60,24940406
194.0,31.30,31.80,31.28,31.70,27781044
193.0,31.34,31.64,31.15,31.25,25784435
190.0,31.64,31.83,31.08,31.37,25376559
189.0,31.53,31.81,31.52,31.61,21828614
188.0,31.61,31.72,31.44,31.61,14948437
187.0,31.75,31.76,31.50,31.56,16186562
186.0,32.05,32.05,31.57,31.76,15975981
183.0,31.93,32.06,31.68,31.98,20085192
182.0,31.52,31.82,31.47,31.82,15525451
181.0,31.78,31.89,31.46,31.53,30196715
180.0,31.40,31.81,31.39,31.68,17108324
176.0,31.51,31.59,31.36,31.50,16403052
175.0,31.55,31.69,31.37,31.44,21586482
174.0,31.93,31.94,31.22,31.49,23517633
173.0,31.83,31.87,31.52,31.76,29827507
172.0,31.15,31.98,31.15,31.59,35085249
169.0,31.74,31.78,31.02,31.21,39859249
168.0,31.10,31.51,30.37,31.38,85500515
167.0,34.20,34.31,33.80,33.82,38787770
166.0,34.24,34.33,34.04,34.30,18950047
165.0,34.00,34.46,33.97,34.23,31531001
162.0,33.60,33.62,33.14,33.45,20194336
161.0,33.72,33.82,33.48,33.63,17515568
160.0,33.90,33.90,33.58,33.74,17481356
159.0,34.14,34.26,33.84,33.90,18855861
158.0,34.46,34.60,34.15,34.29,13232657
155.0,34.25,34.40,34.07,34.39,15091765
154.0,34.33,34.49,34.07,34.18,13638588
153.0,34.16,34.34,34.12,34.25,14432179
152.0,34.06,34.24,33.93,34.24,15983571
151.0,34.11,34.14,33.81,33.97,13577289
148.0,33.88,34.08,33.67,34.07,20461746
147.0,34.01,34.11,33.62,33.75,26639030
146.0,33.58,33.63,33.37,33.40,17949699
145.0,33.39,33.52,33.35,33.42,15058776
144.0,33.24,33.36,33.13,33.28,15400452
141.0,32.94,32.94,32.67,32.82,13877681
140.0,32.79,32.95,32.72,32.83,11927466
139.0,32.80,32.89,32.61,32.65,16373804
138.0,32.56,32.73,32.45,32.67,13349601
137.0,32.48,32.67,32.45,32.61,11961203
133.0,32.71,32.85,32.42,32.42,16234866
132.0,32.86,32.96,32.50,32.62,25455074
131.0,33.04,33.08,32.64,32.92,18945836
130.0,32.96,33.22,32.87,33.01,14824148
127.0,33.10,33.15,32.92,32.96,13942848
126.0,33.00,33.28,32.89,33.08,15316812
125.0,33.49,33.53,32.97,33.00,17572539
124.0,33.25,33.42,32.93,33.41,18602627
123.0,33.70,33.94,33.46,33.58,19367794
120.0,33.72,33.88,33.66,33.80,14038491
119.0,33.80,33.93,33.72,33.74,12801588
118.0,34.00,34.05,33.65,33.74,16504103
117.0,33.90,34.21,33.82,34.02,21179311
116.0,33.82,34.03,33.75,33.99,17740630
113.0,34.07,34.30,33.95,34.08,18125090
112.0,34.08,34.26,33.91,33.96,16709307
111.0,33.78,34.20,33.78,34.10,16646087
110.0,34.45,34.47,33.78,33.88,21405952
109.0,34.20,34.38,34.20,34.28,14974096
106.0,34.35,34.38,34.19,34.23,26787248
105.0,34.25,34.48,34.10,34.23,14521636
104.0,34.07,34.35,34.05,34.24,14961684
103.0,33.94,34.14,33.84,34.12,14578391
102.0,34.22,34.33,34.00,34.10,16164809
99.0,34.24,34.30,34.08,34.26,19038351
98.0,34.04,34.11,33.87,34.07,17490190
97.0,34.18,34.23,33.93,34.02,18686747
96.0,34.00,34.25,33.99,34.20,21033740
95.0,34.04,34.28,33.96,34.19,17605072
92.0,34.42,34.44,34.23,34.29,14206428
91.0,34.41,34.53,34.21,34.39,16137699
90.0,34.28,34.51,34.18,34.44,22754181
87.0,34.16,34.29,34.04,34.18,23093057
86.0,34.21,34.32,34.12,34.26,15625416
83.0,33.98,34.32,33.80,34.32,21137311
82.0,34.28,34.28,33.95,34.04,17450074
81.0,34.04,34.15,33.66,34.09,26632725
80.0,33.69,34.21,33.66,34.13,26992666
76.0,33.52,33.77,33.43,33.74,31841239
75.0,33.26,33.97,33.25,33.60,50143661
74.0,32.35,32.84,32.29,32.82,41169445
73.0,31.90,32.31,31.77,32.31,31463500
72.0,31.67,32.00,31.55,31.97,26518836
69.0,31.48,31.63,31.24,31.51,21557725
68.0,31.35,31.69,31.30,31.50,18706857
67.0,31.46,31.55,31.25,31.27,20434263
66.0,31.38,31.64,31.33,31.45,18420153
65.0,31.29,31.30,31.12,31.30,16774244
62.0,31.27,31.35,31.12,31.32,21288832
61.0,30.69,31.26,30.52,31.18,27456740
60.0,30.85,30.85,30.42,30.50,19504565
59.0,30.68,30.89,30.58,30.72,16603050
58.0,30.94,31.00,30.63,30.83,15481798
55.0,30.76,30.98,30.63,30.98,18461937
54.0,30.76,30.84,30.56,30.74,20116824
53.0,31.04,31.05,30.65,30.70,25095890
52.0,30.34,30.75,30.29,30.60,24934210
51.0,30.14,30.30,30.08,30.27,17155297
48.0,30.12,30.25,30.00,30.10,22754366
47.0,30.01,30.19,29.92,29.98,16866005
46.0,30.12,30.18,29.95,30.03,15724040
45.0,30.00,30.25,29.84,29.99,21983537
41.0,30.10,30.22,30.01,30.07,17136585
40.0,30.15,30.16,29.80,30.04,18611107
39.0,30.33,30.41,30.03,30.15,22291322
38.0,30.19,30.55,30.10,30.38,21046041
37.0,30.22,30.33,30.08,30.18,17178503
34.0,30.17,30.35,30.03,30.23,15923243
33.0,30.10,30.36,30.07,30.17,18372532
32.0,30.24,30.42,30.02,30.10,22280992
31.0,30.37,30.56,30.21,30.54,22370578
364.0,30.56,30.60,30.13,30.22,20190029
363.0,30.37,30.55,30.33,30.46,10995584
362.0,30.70,30.77,30.35,30.42,12022231
361.0,30.64,30.82,30.60,30.68,14175488
357.0,30.54,30.60,30.40,30.53,9167598
356.0,30.40,30.48,30.25,30.46,12935767
355.0,30.69,30.69,30.41,30.42,14488949
354.0,30.83,30.87,30.46,30.56,17475171
353.0,30.65,30.87,30.54,30.75,18178470
350.0,30.70,30.72,30.27,30.59,45875473
349.0,30.59,30.80,30.50,30.63,20914063
348.0,30.60,31.06,30.41,30.46,27555980
347.0,30.30,30.64,30.20,30.59,25052903
346.0,30.08,30.20,30.02,30.17,17287809
343.0,29.98,30.07,29.73,30.06,21361984
342.0,30.11,30.33,29.92,29.95,21369897
341.0,29.48,30.04,29.32,29.95,30180093
340.0,29.42,29.59,29.24,29.33,27352068
339.0,29.33,29.60,29.29,29.53,20865842
336.0,29.31,29.56,29.12,29.25,27069499
335.0,29.84,29.85,29.40,29.45,25996185
364.0,29.76,29.95,29.68,29.82,26224892
363.0,29.94,30.10,29.79,29.83,23553735
362.0,30.08,30.09,29.82,29.92,21468918
359.0,29.60,30.14,29.55,30.09,17678862
357.0,29.83,29.95,29.56,29.71,24496763
356.0,30.08,30.19,29.85,29.89,26769272
355.0,30.30,30.33,30.01,30.05,27481710
352.0,30.11,30.36,30.00,30.18,38748563
351.0,29.91,30.05,29.61,30.05,75252307
350.0,31.62,31.89,31.51,31.57,27097140
349.0,31.27,31.85,31.27,31.70,24160155
348.0,31.43,31.67,31.35,31.37,22917565
345.0,30.93,31.47,30.92,31.36,23150319
344.0,31.41,31.76,30.81,31.00,38345220
343.0,31.04,31.49,30.70,31.36,38564143
342.0,30.94,31.20,30.72,31.00,19399814
341.0,30.71,31.06,30.61,30.94,23061116
338.0,29.98,30.50,29.63,30.19,18524002
337.0,30.50,30.56,30.24,30.32,15937140
336.0,30.43,30.68,30.23,30.39,19173984
335.0,30.85,30.86,30.23,30.48,17542055
334.0,30.34,30.77,30.32,30.68,23225406
331.0,30.36,30.80,30.35,30.59,19946832
330.0,30.60,30.67,30.36,30.38,16926192
329.0,30.59,30.86,30.32,30.55,18008646
328.0,30.50,30.51,30.23,30.34,15257768
327.0,30.34,30.50,30.30,30.46,14115340
324.0,30.01,30.20,29.92,30.15,15140452
323.0,30.28,30.37,30.04,30.16,17315335
322.0,30.44,30.45,30.19,30.35,14830895
321.0,30.69,30.69,30.43,30.44,14444850
320.0,30.13,30.42,30.10,30.22,13957529
317.0,30.35,30.55,30.16,30.18,20545127
316.0,30.09,30.25,29.86,30.17,24286555
315.0,30.53,30.63,29.94,30.34,36899871
314.0,31.52,31.53,30.85,31.04,19412018
313.0,31.54,31.68,31.44,31.47,12759374
310.0,31.48,31.60,31.23,31.47,13073224
309.0,31.57,31.63,31.21,31.48,14077118
308.0,31.41,31.68,31.41,31.59,11808636
307.0,31.46,31.63,31.15,31.35,18460433
306.0,31.31,31.58,31.20,31.50,14070450
303.0,31.61,31.80,31.56,31.72,30380612
302.0,31.51,31.57,31.25,31.39,15417082
301.0,31.44,31.59,31.36,31.50,15840958
300.0,31.09,31.61,30.96,31.48,18045376
299.0,31.10,31.16,30.79,31.07,20361549
296.0,31.71,31.80,31.31,31.34,20442199
295.0,31.50,31.80,31.49,31.66,20261859
294.0,31.11,31.38,30.97,31.36,21169350
293.0,31.08,31.22,31.04,31.10,15878912
292.0,30.85,31.25,30.82,31.02,16833453
289.0,31.12,31.14,30.70,30.84,37416316
288.0,30.63,31.39,30.61,31.31,26021227
287.0,31.01,31.22,30.80,31.00,24356477
286.0,31.26,31.35,30.90,31.06,23617915
285.0,30.61,31.50,30.60,31.44,22612518
282.0,31.14,31.34,30.85,30.85,25450499
281.0,31.72,31.75,31.42,31.47,19913699
280.0,31.79,31.93,31.75,31.79,14050458
279.0,31.93,31.94,31.70,31.87,17656515
275.0,31.65,31.95,31.65,31.83,18075710
274.0,31.42,31.64,31.26,31.58,15980457
273.0,31.45,31.58,31.25,31.44,20418762
272.0,31.61,31.66,31.41,31.54,17794797
271.0,31.43,31.70,31.41,31.58,21101729
268.0,31.34,31.66,31.19,31.35,21106152
267.0,31.06,31.39,31.02,31.29,22917124
266.0,30.98,31.20,30.95,31.06,24474730
265.0,30.83,31.06,30.79,30.98,23493605
264.0,30.44,30.78,30.37,30.63,28680009
261.0,30.37,30.65,30.24,30.52,25131345
260.0,30.41,30.67,30.06,30.48,48710491
259.0,30.97,30.97,30.33,30.72,55071218
258.0,31.22,31.23,30.98,31.12,23399686
257.0,30.98,31.24,30.89,31.19,21944655
254.0,30.92,30.99,30.80,30.87,13430558
253.0,30.95,31.02,30.86,30.95,24020927
252.0,31.01,31.13,30.74,30.85,16684321
251.0,31.11,31.24,30.84,30.94,19159495
250.0,31.00,31.19,30.86,31.01,19019941
247.0,30.90,31.07,30.69,31.04,18873294
246.0,30.78,30.91,30.71,30.80,18586492
245.0,30.51,30.74,30.51,30.72,15962464
244.0,30.82,30.82,30.40,30.62,24485208
243.0,30.70,30.75,30.36,30.73,22438722
241.0,30.60,30.69,30.47,30.53,23807196
240.0,30.65,30.74,30.37,30.52,22470486
239.0,30.95,30.97,30.66,30.76,22722970
238.0,30.80,31.15,30.71,30.88,21328211
237.0,30.67,30.83,30.63,30.79,15174158
234.0,30.70,30.87,30.54,30.71,19399558
233.0,30.64,30.72,30.37,30.58,21582727
232.0,30.04,30.69,29.98,30.63,50168804
231.0,29.91,30.01,29.77,29.92,18515957
230.0,29.75,30.00,29.74,29.91,17484874
227.0,29.93,29.95,29.66,29.82,17800449
226.0,29.84,29.99,29.64,29.76,19332194
225.0,29.72,29.83,29.58,29.75,18038066
224.0,29.72,29.74,29.52,29.61,22157542
223.0,29.34,29.70,29.26,29.43,22045219
220.0,28.91,29.28,28.88,29.26,24647376
219.0,28.72,28.90,28.61,28.74,17395408
218.0,28.45,28.77,28.17,28.72,24844038
217.0,28.23,28.62,28.22,28.33,22116898
213.0,28.78,28.93,28.59,28.80,20901306
211.0,28.38,28.69,28.07,28.69,25184399
210.0,28.13,28.33,27.90,28.26,25592961
209.0,27.55,27.85,27.50,27.79,24646939
208.0,27.48,27.55,27.13,27.31,30293961
205.0,28.16,28.57,27.70,27.75,44408897
204.0,29.03,29.22,28.96,29.22,19415601
203.0,28.87,29.08,28.68,28.72,18273261
202.0,28.97,29.00,28.73,28.77,19098634
201.0,29.04,29.22,28.78,28.80,22100840
198.0,28.88,29.00,28.69,28.95,32333507
197.0,28.38,28.92,28.37,28.87,17504145
196.0,28.49,28.86,28.40,28.65,30738577
195.0,28.66,29.00,28.63,28.96,19279705
194.0,28.97,29.19,28.82,28.84,17181950
191.0,28.79,29.03,28.77,29.03,18244220
190.0,28.97,29.19,28.83,29.14,18349875
189.0,29.09,29.27,29.06,29.14,17772913
188.0,28.90,29.35,28.82,29.07,21566590
187.0,29.07,29.41,29.06,29.10,16167119
184.0,29.13,29.21,28.90,29.13,18677663
183.0,28.98,29.15,28.92,29.08,19538178
182.0,28.84,29.04,28.80,28.90,22268672
181.0,28.80,29.08,28.76,29.05,28606274
177.0,28.95,29.04,28.79,28.92,16642871
176.0,28.86,29.04,28.80,28.90,19288100
175.0,28.58,29.00,28.52,28.92,25696818
174.0,28.01,28.58,28.01,28.47,26489200
173.0,27.78,28.25,27.78,27.94,19746762
170.0,27.63,28.15,27.62,27.97,32678461
169.0,27.99,28.29,27.40,27.57,50079788
168.0,26.61,26.96,26.48,26.72,31395586
167.0,26.90,27.06,26.55,26.65,25896417
166.0,26.57,27.12,26.56,26.97,20875254
163.0,26.55,26.89,26.46,26.53,20760485
162.0,26.81,26.81,26.41,26.67,19679366
161.0,27.09,27.11,26.68,26.70,19001777
160.0,26.67,27.10,26.51,27.03,22629208
159.0,26.52,26.68,26.39,26.51,16935986
156.0,26.19,26.54,25.80,26.53,25566186
155.0,26.46,26.57,26.21,26.21,23023573
154.0,26.80,26.82,26.28,26.44,32598156
153.0,27.16,27.19,26.61,26.86,34960350
152.0,27.48,27.52,27.20,27.37,27324763
149.0,27.72,27.83,27.14,27.49,33833214
148.0,28.45,28.59,27.79,27.96,28927420
147.0,28.44,28.65,28.31,28.64,20791587
146.0,28.27,28.49,28.22,28.45,18022842
145.0,28.11,28.28,27.98,28.23,16423950
142.0,28.30,28.55,28.07,28.15,23031794
141.0,28.42,28.51,28.16,28.24,17200013
140.0,28.40,28.68,28.26,28.44,19761876
139.0,28.33,28.44,28.20,28.33,19844322
138.0,27.90,28.25,27.80,28.19,15742185
135.0,28.10,28.13,27.73,27.90,23747094
134.0,28.38,28.40,28.10,28.25,15036711
133.0,27.96,28.28,27.72,28.23,25379701
132.0,27.14,27.66,26.95,27.64,27283216
131.0,27.88,28.18,27.61,27.62,18675847
128.0,27.71,27.94,27.58,27.69,14070088
127.0,27.90,27.90,27.53,27.60,16540533
126.0,27.70,28.04,27.62,28.00,20250824
125.0,27.64,27.83,27.46,27.58,24238606
124.0,28.37,28.41,28.01,28.14,17517471
121.0,28.30,28.70,28.12,28.69,22671831
120.0,28.53,28.67,28.35,28.47,18328026
119.0,28.34,28.68,28.26,28.46,19168054
118.0,27.87,28.19,27.69,28.10,17095492
117.0,27.99,28.02,27.78,27.90,12773839
113.0,27.77,28.00,27.59,27.96,15791577
112.0,28.26,28.28,27.73,27.83,18995198
111.0,28.20,28.38,27.90,28.28,23532334
110.0,28.10,28.35,28.04,28.19,23741808
107.0,28.23,28.38,27.97,28.33,43107672
106.0,27.92,28.44,27.87,28.19,28468729
105.0,27.52,27.94,27.51,27.88,18969457
104.0,27.48,27.69,27.45,27.66,16917163
103.0,27.82,27.86,27.60,27.70,18160326
100.0,27.82,27.91,27.67,27.86,21671630
99.0,27.76,27.98,27.03,27.38,33200565
98.0,27.24,27.80,27.12,27.61,38697086
97.0,26.97,27.30,26.69,27.05,23506372
96.0,26.58,27.18,26.33,27.14,21500069
93.0,26.92,26.96,26.67,26.80,19388982
92.0,26.95,26.97,26.59,26.87,18999844
91.0,26.80,26.91,26.60,26.90,19010840
90.0,26.45,26.93,26.24,26.83,25182146
88.0,26.42,26.65,26.15,26.18,24614367
85.0,26.80,26.85,26.32,26.41,18083957
84.0,26.49,26.60,26.20,26.60,18541905
83.0,25.89,26.33,25.65,26.32,21960126
82.0,26.54,26.54,26.06,26.12,27964620
81.0,26.87,26.91,26.42,26.63,24582845
78.0,26.27,26.56,26.25,26.55,28764873
77.0,26.44,26.58,26.28,26.43,29588743
76.0,26.17,26.59,26.08,26.46,36568538
75.0,25.27,25.98,25.19,25.84,40068701
71.0,24.89,25.36,24.52,25.11,49568806
70.0,24.09,24.97,24.09,24.68,92476245
69.0,23.13,23.13,22.46,22.51,35425468
68.0,22.60,22.86,22.53,22.65,30167389
67.0,22.63,23.02,22.48,22.93,38810214
64.0,23.51,23.66,22.81,22.89,32123156
63.0,23.17,23.57,22.93,23.54,29157963
62.0,23.09,23.18,22.58,23.10,32227060
61.0,23.23,23.25,22.73,22.83,36094173
60.0,23.46,23.57,23.23,23.48,23842051
57.0,23.40,23.80,23.20,23.79,39300705
56.0,23.73,23.79,22.98,23.10,31827728
55.0,23.69,23.90,23.30,23.43,24416460
54.0,23.24,23.85,23.24,23.72,25140313
53.0,23.38,23.52,23.14,23.17,42659426
50.0,23.60,23.64,22.99,23.37,55039361
49.0,23.09,23.45,22.87,22.90,46258687
48.0,23.40,23.51,22.47,22.90,83471716
47.0,23.80,24.03,23.59,23.85,52241615
43.0,23.93,24.43,23.57,23.62,63868300
42.0,24.69,24.90,24.46,24.66,41494624
41.0,25.42,25.52,24.57,24.60,32861427
40.0,25.51,25.57,25.03,25.35,30122412
39.0,24.93,25.34,24.93,25.27,32346903
36.0,25.55,25.63,24.72,24.78,28609697
35.0,25.49,25.74,25.12,25.41,43235370
34.0,26.08,26.14,25.82,26.01,30799802
33.0,26.54,26.66,26.18,26.29,22024912
32.0,26.39,26.42,25.88,26.41,35611242
365.0,27.38,27.45,27.14,27.16,17041452
364.0,27.66,27.77,27.52,27.53,10620325
363.0,27.44,27.82,27.40,27.77,16319644
362.0,27.30,27.37,27.13,27.31,14204904
358.0,27.41,27.55,27.37,27.38,8202379
357.0,27.04,27.41,27.00,27.40,18803741
356.0,26.85,26.90,26.56,26.89,18966280
355.0,26.58,26.65,26.41,26.64,20242927
352.0,26.60,26.82,26.26,26.27,36732726
351.0,27.28,27.31,26.70,26.72,24812204
350.0,27.00,27.29,26.68,27.24,22731521
349.0,26.72,27.11,26.61,26.85,30393725
348.0,26.30,26.52,25.96,26.49,32642137
345.0,26.49,26.49,26.12,26.16,34295664
344.0,26.74,27.04,26.66,26.77,23382403
343.0,26.96,27.35,26.66,26.73,24127425
342.0,27.17,27.29,27.02,27.15,18635748
341.0,27.56,27.56,27.26,27.49,15350240
338.0,26.95,27.55,26.95,27.48,28143745
337.0,27.63,27.69,26.82,26.95,25783765
336.0,27.49,27.90,27.37,27.44,29051646
335.0,27.20,27.65,27.20,27.57,31357115
364.0,27.34,27.48,27.20,27.25,28751869
361.0,27.25,27.48,27.24,27.32,9532151
359.0,27.32,27.39,27.00,27.24,22472771
358.0,27.25,27.44,27.00,27.27,31701928
357.0,27.65,27.84,27.34,27.43,24684601
354.0,27.62,27.78,27.46,27.57,26472125
353.0,27.10,27.65,27.05,27.37,27385376
352.0,27.00,27.16,26.72,27.12,26761743
351.0,26.80,27.27,26.68,26.81,30007253
350.0,26.07,27.00,26.06,26.79,44661063
347.0,26.29,26.68,25.82,26.21,90659109
346.0,27.74,28.07,27.72,27.83,36831318
345.0,28.10,28.10,27.75,27.82,30773123
344.0,28.18,28.22,27.90,27.98,25381031
343.0,28.35,28.49,28.00,28.18,25820261
340.0,28.31,28.55,28.16,28.45,26043873
339.0,28.50,28.61,28.29,28.43,21971984
338.0,28.79,28.82,28.37,28.47,28551984
337.0,28.61,28.71,28.49,28.61,30184262
336.0,28.87,28.87,28.51,28.77,28674813
333.0,29.00,29.25,28.85,28.85,22203108
332.0,29.15,29.21,28.93,29.14,16637335
331.0,29.29,29.45,29.04,29.36,23671124
330.0,28.72,29.06,28.58,29.05,18156736
329.0,29.32,29.49,28.88,28.95,20308332
326.0,29.02,29.38,28.93,29.35,25745915
325.0,28.56,29.21,28.50,29.01,32009334
324.0,28.60,28.82,28.22,28.28,19008934
323.0,28.20,28.52,28.15,28.50,20192133
322.0,28.12,28.29,27.94,28.25,20179532
319.0,28.34,28.35,28.00,28.25,19912529
318.0,28.10,28.19,27.87,28.15,18346816
317.0,27.75,27.90,27.59,27.82,20142602
316.0,27.75,27.95,27.74,27.85,14796920
315.0,27.93,28.10,27.76,27.96,14383600
312.0,28.01,28.15,27.82,27.91,20319725
311.0,27.51,28.02,27.43,27.91,22395351
310.0,27.52,27.95,27.00,27.54,29622828
309.0,27.03,27.47,26.98,27.23,33758225
308.0,26.04,26.98,25.97,26.85,28375927
305.0,25.40,25.79,25.34,25.76,34791387
304.0,26.05,26.16,25.55,25.73,26494936
303.0,26.00,26.38,25.88,26.25,32000887
302.0,25.64,25.93,25.56,25.64,26752802
301.0,25.83,26.02,25.59,25.66,27003730
298.0,25.81,26.30,25.80,26.02,37485475
297.0,25.09,25.50,24.92,25.41,35462540
296.0,25.22,25.31,25.01,25.28,18755206
295.0,25.06,25.21,24.97,25.14,20747586
294.0,25.45,25.82,25.35,25.54,21880708
291.0,25.57,25.74,25.25,25.54,39334667
290.0,25.96,26.28,25.81,25.88,24952080
289.0,26.07,26.10,25.85,26.07,21178216
288.0,25.56,26.08,25.56,25.98,20007129
287.0,26.15,26.17,25.66,25.70,18635976
284.0,26.00,26.18,25.81,26.02,21407339
283.0,25.90,26.49,25.84,26.26,26291025
282.0,26.50,26.73,25.88,25.94,24880525
281.0,25.98,26.33,25.91,26.30,20816699
277.0,25.42,25.65,25.35,25.52,26643595
276.0,25.88,26.15,25.73,25.90,27727395
275.0,25.59,25.66,25.08,25.65,27772089
274.0,25.22,25.62,25.01,25.12,32365997
273.0,25.94,26.11,25.74,25.88,32281618
270.0,25.91,26.05,25.82,26.00,26870835
269.0,26.00,26.19,25.61,26.17,36097144
268.0,25.28,25.74,24.70,25.68,54330550
267.0,25.94,25.99,24.60,24.62,39952218
266.0,24.89,26.08,23.03,25.19,58946829
263.0,26.88,27.34,26.47,26.47,48010704
262.0,27.56,27.75,27.04,27.04,37429931
261.0,28.10,28.24,27.72,27.80,30023909
260.0,28.71,28.72,28.18,28.25,32210431
259.0,28.65,28.96,28.51,28.82,21263997
256.0,28.78,29.05,28.75,29.03,24890756
255.0,28.78,29.20,28.69,28.70,61153978
254.0,27.80,28.10,27.41,27.90,42151915
253.0,28.24,28.39,27.85,28.02,25391904
252.0,28.48,28.70,28.27,28.59,23740009
249.0,28.17,28.23,27.90,28.15,16039411
248.0,28.37,28.67,28.00,28.21,20143763
247.0,28.11,28.60,28.10,28.27,19236228
246.0,28.22,28.46,27.89,28.03,18578117
245.0,28.41,28.59,28.11,28.36,17450923
243.0,28.39,28.56,28.16,28.42,20375986
242.0,28.22,28.46,28.20,28.30,17458084
241.0,28.20,28.52,28.02,28.40,21419884
240.0,28.34,28.35,27.85,28.21,23573236
239.0,28.31,28.56,28.19,28.21,30914429
236.0,28.45,28.77,28.38,28.40,39471714
235.0,27.70,28.25,27.58,28.01,34103205
234.0,27.83,28.06,27.44,27.53,26889222
233.0,27.96,28.25,27.79,27.84,23874026
232.0,28.13,28.16,27.88,28.03,19477041
229.0,28.27,28.31,27.96,28.18,24248902
228.0,28.24,28.42,28.21,28.32,21058128
227.0,27.86,28.24,27.81,28.11,23378353
226.0,27.87,28.04,27.70,28.03,20932759
225.0,27.49,27.80,27.42,27.79,20623079
222.0,27.27,27.36,27.04,27.28,16079311
221.0,27.38,27.45,26.90,26.91,20129736
220.0,27.08,27.16,26.84,26.99,27863352
219.0,27.22,27.45,26.88,27.36,25436748
218.0,27.00,27.26,26.89,27.22,22858247
214.0,27.37,27.57,27.29,27.33,15635547
213.0,27.42,27.50,27.07,27.35,24461290
211.0,27.83,27.83,27.33,27.46,31236844
210.0,27.99,28.11,27.50,27.54,31838316
207.0,28.49,28.49,28.01,28.28,28087785
206.0,28.56,28.65,28.38,28.40,14606105
205.0,28.79,28.85,28.49,28.51,20978767
204.0,29.00,29.04,28.62,28.78,21041320
203.0,29.10,29.22,28.82,28.94,20160009
200.0,29.24,29.32,28.94,29.03,31970053
199.0,28.85,29.35,28.82,29.21,24156052
198.0,28.84,29.04,28.66,28.93,20959035
197.0,28.35,28.79,28.28,28.71,16920270
196.0,28.23,28.52,28.11,28.48,25722123
193.0,28.66,28.67,28.31,28.54,21919545
192.0,28.75,29.22,28.75,28.86,24387127
191.0,28.47,28.91,28.27,28.66,26223345
190.0,28.27,28.42,28.01,28.24,15527495
189.0,28.67,28.70,28.23,28.28,19011738
186.0,28.55,28.71,28.49,28.58,25357935
185.0,28.90,29.10,28.54,28.61,26774517
184.0,29.21,29.30,29.05,29.09,20536900
183.0,29.09,29.27,28.95,29.08,15995587
182.0,29.60,29.62,29.05,29.18,23799371
179.0,29.32,29.59,29.19,29.31,26018129
178.0,29.34,29.56,29.16,29.35,18219564
177.0,29.06,29.48,29.02,29.31,23959933
176.0,29.19,29.25,28.75,28.95,25877100
172.0,29.39,29.45,29.26,29.26,20079663
171.0,29.61,29.76,29.43,29.43,20806934
170.0,29.80,29.85,29.53,29.62,19410906
169.0,29.87,29.90,29.63,29.74,18926264
168.0,29.42,29.90,29.42,29.76,23953043
165.0,29.24,29.82,29.16,29.55,37677292
164.0,29.29,29.66,28.96,29.05,56696268
163.0,29.14,29.46,29.13,29.35,38263966
162.0,29.07,29.44,28.80,29.23,31760956
161.0,29.50,29.79,29.20,29.21,27045187
158.0,28.99,29.37,28.99,29.23,22572376
157.0,28.99,29.12,28.74,28.80,22643831
156.0,28.90,29.08,28.69,28.97,23571965
155.0,29.17,29.21,28.84,28.89,22463800
154.0,29.08,29.36,29.07,29.17,16484128
151.0,28.81,29.20,28.78,29.13,18935955
150.0,28.85,29.02,28.68,28.83,26514496
149.0,29.06,29.25,28.90,29.05,22463654
148.0,28.80,29.33,28.76,29.32,24315253
147.0,28.88,29.03,28.71,28.89,22952006
144.0,29.19,29.28,28.67,28.82,27145555
143.0,28.40,28.82,28.20,28.68,22230105
142.0,28.67,28.79,28.42,28.62,19111703
141.0,28.72,28.92,28.66,28.69,23956868
140.0,28.16,28.63,28.16,28.48,21921809
137.0,28.26,28.40,27.90,27.92,36904655
136.0,28.19,28.64,28.10,28.60,29863528
135.0,28.10,28.42,27.97,28.25,31160911
134.0,28.00,28.06,27.68,27.81,19296326
133.0,27.99,28.28,27.94,27.98,22769580
130.0,27.58,28.08,27.56,28.04,24634578
129.0,27.59,27.74,27.42,27.62,16684501
128.0,27.37,27.66,27.37,27.55,19076426
127.0,27.20,27.56,27.13,27.39,16861751
126.0,26.96,27.32,26.84,27.22,20004043
122.0,27.22,27.50,27.13,27.13,19527211
121.0,27.31,27.64,27.10,27.25,22420534
120.0,27.34,27.69,27.28,27.52,29258328
119.0,27.22,27.75,27.22,27.65,29056308
116.0,27.07,27.21,26.94,27.13,20464472
115.0,27.19,27.30,26.62,27.09,48928133
114.0,27.92,28.09,27.46,27.46,27158706
113.0,28.29,28.57,27.99,28.00,23263559
112.0,28.44,28.69,28.36,28.40,23478637
109.0,28.45,28.62,28.32,28.44,37628686
108.0,28.10,28.54,28.03,28.26,27980375
107.0,27.88,28.34,27.72,28.15,34910854
106.0,28.19,28.28,27.95,28.15,21895674
105.0,28.10,28.38,28.04,28.30,25358916
102.0,28.02,28.26,27.56,27.94,36510954
101.0,28.05,28.54,28.05,28.24,22978712
100.0,28.68,28.76,28.21,28.26,25160166
99.0,29.15,29.17,28.66,28.66,26542321
98.0,28.90,29.45,28.76,29.36,23007718
95.0,29.11,29.27,28.80,28.92,27035044
94.0,29.47,29.49,29.12,29.30,17985026
93.0,29.35,29.52,29.11,29.33,32866925
92.0,30.10,30.12,29.47,29.54,32990266
91.0,29.36,30.31,29.34,30.19,35981920
86.0,29.89,29.91,29.38,29.51,29135504
85.0,29.52,29.99,29.52,29.91,28305155
84.0,29.44,29.57,29.32,29.49,17368111
83.0,29.56,29.71,29.43,29.63,18479476
82.0,29.63,29.65,29.42,29.63,24026787
79.0,29.35,29.66,29.16,29.61,25985581
78.0,29.31,29.39,29.13,29.31,21477753
77.0,29.19,29.55,29.12,29.49,24503737
76.0,29.26,29.35,29.03,29.31,34217185
72.0,29.38,29.50,29.11,29.43,50656669
71.0,28.99,29.58,28.84,29.46,117439078
70.0,27.65,27.65,26.90,26.93,46213460
69.0,27.16,27.54,27.15,27.49,22250302
68.0,27.21,27.40,27.06,27.12,23680980
65.0,27.37,27.66,27.14,27.24,25482376
64.0,26.75,27.30,26.58,27.26,20548394
63.0,27.06,27.22,26.61,26.69,27696253
62.0,26.90,27.12,26.69,27.12,28044338
61.0,26.39,26.87,25.92,26.83,29416981
58.0,26.88,27.11,26.32,26.36,38419139
57.0,26.74,27.31,26.64,27.22,28095413
56.0,27.39,27.60,26.80,26.80,32381676
55.0,27.52,27.59,26.66,26.90,46110493
54.0,28.22,28.23,27.70,27.97,18370085
51.0,28.36,28.50,28.14,28.21,21802535
50.0,27.55,28.51,27.22,28.50,49494661
49.0,28.06,28.18,27.70,27.84,29298538
48.0,27.76,28.27,27.66,28.07,33684162
44.0,27.36,27.77,27.21,27.68,26655143
43.0,28.09,28.20,27.35,27.41,29521090
42.0,27.84,28.05,27.64,27.92,29494443
41.0,28.21,28.70,27.90,28.10,36074151
40.0,28.00,28.20,27.82,28.05,38648396
37.0,27.67,28.07,27.45,27.79,33619558
36.0,27.54,28.09,27.47,27.51,40906993
35.0,27.14,27.40,26.98,27.30,27570801
34.0,27.14,27.68,27.04,27.05,47297634
33.0,27.32,27.45,27.00,27.06,29460603
30.0,27.86,28.12,27.38,27.61,22926512
365.0,28.28,28.41,27.81,27.82,21478736
364.0,28.44,28.48,28.31,28.36,15487744
363.0,28.35,28.57,28.32,28.46,13445570
360.0,28.50,28.50,28.28,28.35,9739554
358.0,28.29,28.59,28.29,28.30,11411244
357.0,28.22,28.50,28.19,28.25,23538567
356.0,27.80,28.29,27.75,28.22,28858647
353.0,27.65,27.85,27.55,27.77,59644120
352.0,27.04,27.66,27.04,27.65,34927682
351.0,26.62,26.90,26.47,26.81,36617699
350.0,26.50,27.17,26.15,26.58,36622005
349.0,26.89,27.17,26.48,26.68,27503240
346.0,26.71,27.15,26.70,26.86,27032044
345.0,26.97,27.36,26.94,26.99,22904616
344.0,27.26,27.36,26.79,26.87,31773365
343.0,26.95,27.48,26.83,27.42,25885899
342.0,27.42,27.53,27.15,27.23,24275919
339.0,27.79,27.85,27.40,27.50,26722292
338.0,27.92,27.98,27.58,27.77,23801217
337.0,27.71,27.98,27.51,27.95,27864048
336.0,27.60,27.96,27.60,27.82,28247406
335.0,27.50,27.61,27.33,27.59,19670218
362.0,27.52,27.78,27.36,27.64,18138915
360.0,27.30,27.46,27.14,27.42,19466245
359.0,27.03,27.30,27.03,27.28,28110097
358.0,26.88,27.12,26.88,27.03,26994796
355.0,26.95,27.05,26.67,26.88,31912110
354.0,26.49,26.84,26.35,26.81,23440083
353.0,26.58,26.62,26.30,26.59,19882486
352.0,26.50,26.74,26.40,26.60,27223508
351.0,26.11,26.55,26.00,26.46,33224017
348.0,25.76,26.34,25.65,26.32,48667002
347.0,24.93,25.89,24.88,25.68,57138794
346.0,24.91,25.19,24.88,25.11,42258841
345.0,25.20,25.20,25.02,25.15,19810746
344.0,25.04,25.23,24.88,25.15,32152676
341.0,25.30,25.40,25.16,25.33,34001930
340.0,25.10,25.28,25.02,25.26,18373704
339.0,24.97,25.17,24.84,25.15,21979615
338.0,24.60,24.91,24.58,24.88,24620912
337.0,24.45,24.59,24.45,24.58,16383403
334.0,24.59,24.64,24.18,24.47,30379143
333.0,24.00,24.15,23.88,24.08,32212022
332.0,24.01,24.30,23.92,24.10,18885487
331.0,23.82,24.07,23.82,24.06,17798567
330.0,23.62,23.81,23.60,23.76,16862666
327.0,23.60,23.80,23.46,23.78,19947265
326.0,23.61,23.76,23.42,23.56,21669864
325.0,23.67,23.68,23.24,23.26,25172891
324.0,23.10,23.60,22.96,23.51,33712736
323.0,22.90,23.08,22.69,22.93,34386940
320.0,22.98,23.33,22.92,23.25,28484982
319.0,22.65,23.08,22.56,22.82,30931253
318.0,22.79,23.15,22.49,22.96,40079835
317.0,23.06,23.35,22.96,23.06,29321873
316.0,23.24,23.45,22.93,22.93,33227683
313.0,23.91,24.01,23.34,23.34,48313616
312.0,24.51,24.64,24.18,24.19,29343104
311.0,24.57,24.68,24.18,24.66,40348337
310.0,25.01,25.25,24.59,24.64,29310234
309.0,25.35,25.42,24.96,25.01,23953106
306.0,25.21,25.37,25.04,25.31,29038349
305.0,25.05,25.11,24.75,25.06,28334042
304.0,25.20,25.25,24.94,25.03,44916150
303.0,24.90,25.25,24.85,25.17,36919335
302.0,24.73,25.20,24.73,25.12,28708554
299.0,24.50,25.09,24.46,25.00,29863678
298.0,24.96,24.96,24.50,24.54,27242027
297.0,24.73,25.04,24.63,24.98,19700375
296.0,24.87,25.03,24.67,24.70,20750887
295.0,25.19,25.19,24.86,24.97,21346828
292.0,25.21,25.30,25.01,25.20,47343687
291.0,25.17,25.27,25.15,25.22,15939969
290.0,25.14,25.31,25.07,25.20,25703284
289.0,25.00,25.42,24.98,25.22,31902713
288.0,24.95,25.09,24.87,25.06,33412035
285.0,25.16,25.26,25.07,25.16,33197323
284.0,24.92,25.20,24.85,25.18,22106436
283.0,24.84,25.00,24.84,24.93,15738779
282.0,24.88,24.97,24.60,24.86,19076594
281.0,24.93,25.09,24.81,24.95,14189834
278.0,24.86,25.07,24.86,25.00,19865202
277.0,25.08,25.14,24.83,24.91,20268911
276.0,24.94,25.13,24.92,25.04,22043379
275.0,24.94,25.00,24.75,24.88,19836085
271.0,24.90,24.99,24.76,24.99,17972307
270.0,24.70,24.90,24.64,24.85,15506352
269.0,24.79,24.86,24.71,24.80,15753794
268.0,24.70,24.93,24.67,24.81,17053449
267.0,24.70,24.84,24.69,24.70,19356815
264.0,24.87,24.97,24.64,24.65,22453672
263.0,24.75,24.91,24.72,24.89,20881827
262.0,24.55,24.75,24.52,24.71,20229017
261.0,24.63,24.69,24.60,24.64,20348896
260.0,24.49,24.66,24.43,24.63,27666914
257.0,24.66,24.66,24.27,24.43,33625941
256.0,24.94,24.94,24.32,24.54,63790214
255.0,25.17,25.27,24.93,25.20,43708550
254.0,25.21,25.27,25.00,25.15,21934971
253.0,25.09,25.37,25.01,25.23,25956067
250.0,24.87,25.06,24.74,25.03,21656527
249.0,25.01,25.11,24.69,24.86,24123698
248.0,24.93,25.21,24.85,24.93,20990550
247.0,25.16,25.12,24.87,24.97,21176784
246.0,24.94,25.22,24.86,25.16,17252442
243.0,25.14,25.21,24.80,25.00,28609413
243.0,25.48,25.50,25.17,25.23,28226460
242.0,25.83,25.84,25.47,25.63,26124216
241.0,25.88,26.01,25.69,25.71,22444236
240.0,25.73,26.00,25.57,25.92,27686408
237.0,25.80,26.02,25.68,25.97,28641293
236.0,25.78,25.90,25.68,25.83,21876611
235.0,25.72,25.79,25.55,25.68,28761335
234.0,25.95,26.08,25.91,25.95,28735712
233.0,25.89,25.95,25.72,25.85,20825966
230.0,25.70,25.96,25.67,25.91,25465861
229.0,25.84,26.00,25.58,25.63,29570341
228.0,25.73,26.05,25.73,25.98,40476713
227.0,25.38,25.68,25.36,25.67,29495978
226.0,25.61,25.65,25.40,25.44,19244308
223.0,25.52,25.65,25.44,25.52,20945929
222.0,25.25,25.52,25.22,25.44,27278787
221.0,25.22,25.50,25.14,25.44,35610460
220.0,25.21,25.31,25.06,25.07,34622899
219.0,25.00,25.25,24.97,25.23,21293566
215.0,25.15,25.25,25.13,25.19,19598757
214.0,24.97,25.14,24.87,25.03,30197226
213.0,24.99,25.11,24.77,25.08,34613220
211.0,24.67,24.90,24.62,24.85,23996086
208.0,24.60,24.78,24.48,24.70,35000284
207.0,24.66,24.80,24.48,24.65,19134751
206.0,24.55,24.78,24.41,24.72,22584002
205.0,24.62,24.74,24.52,24.53,24301971
204.0,24.81,24.90,24.65,24.70,18752284
201.0,24.63,24.90,24.61,24.83,39707996
200.0,24.62,24.71,24.45,24.71,20646826
199.0,24.70,24.75,24.46,24.63,24724403
198.0,24.49,24.62,24.41,24.50,17972802
197.0,24.52,24.73,24.45,24.53,19251335
194.0,24.66,24.78,24.60,24.70,20947626
193.0,24.95,25.01,24.62,24.66,26900429
192.0,24.85,25.17,24.79,25.04,36173954
191.0,24.73,25.10,24.60,25.00,36581952
190.0,24.79,24.95,24.72,24.80,18819050
187.0,24.73,24.95,24.71,24.83,22485479
186.0,24.62,24.74,24.41,24.70,23320286
185.0,24.61,24.65,24.40,24.50,20635113
184.0,24.75,24.82,24.45,24.68,23339056
183.0,24.64,24.80,24.56,24.78,20393395
180.0,24.71,24.75,24.48,24.62,29381576
179.0,24.85,24.92,24.56,24.68,21644415
178.0,24.63,24.93,24.63,24.82,28651605
177.0,24.74,24.88,24.63,24.71,32369061
173.0,24.38,24.57,24.35,24.52,27778949
172.0,24.42,24.54,24.29,24.38,26751009
171.0,24.22,24.65,24.17,24.48,65262617
170.0,24.26,24.39,24.02,24.12,56321957
169.0,24.24,24.44,24.12,24.35,39392687
166.0,24.14,24.44,24.06,24.37,40477610
165.0,24.27,24.69,24.12,24.18,120944457
164.0,22.92,23.05,22.63,22.81,59330114
163.0,23.14,23.21,22.76,22.86,57933097
162.0,23.04,23.34,23.00,23.19,40217552
159.0,22.96,23.11,22.92,23.02,22593850
158.0,22.90,23.17,22.76,23.02,32181435
157.0,22.72,22.90,22.43,22.87,38895231
156.0,22.84,22.89,22.63,22.72,21815152
155.0,22.90,23.00,22.72,22.96,17859321
152.0,23.11,23.12,22.90,22.94,18757383
151.0,23.14,23.15,22.91,23.01,17463860
150.0,23.08,23.14,22.92,23.11,23979302
149.0,23.20,23.21,23.06,23.16,14582958
148.0,23.15,23.24,22.79,23.02,36817120
145.0,23.27,23.32,22.88,23.00,25087265
144.0,23.64,23.64,23.24,23.33,33976746
143.0,23.52,23.57,23.24,23.50,29973292
142.0,23.43,23.61,23.40,23.52,28725094
141.0,23.22,23.59,23.18,23.40,38796361
137.0,23.01,23.29,22.78,23.21,47813602
136.0,23.03,23.15,22.83,23.03,31451928
135.0,22.84,23.00,22.61,22.89,29845393
134.0,22.63,22.94,22.48,22.85,35804789
131.0,22.55,22.99,22.43,22.46,47254044
130.0,23.17,23.26,22.50,22.65,53926961
129.0,23.00,23.32,22.89,23.12,37888567
128.0,22.64,22.97,22.60,22.94,37373940
127.0,22.60,23.07,22.50,22.85,55317116
124.0,23.28,23.35,22.60,22.71,49382348
123.0,23.05,23.30,23.00,23.09,30311153
122.0,23.11,23.13,22.76,22.99,38363707
121.0,22.33,23.31,22.30,23.10,80113826
120.0,22.49,22.64,22.40,22.42,32887846
117.0,22.09,22.54,22.05,22.33,49289378
116.0,22.13,22.39,21.94,22.02,52152335
115.0,22.44,22.69,22.32,22.32,67102413
114.0,21.69,22.36,21.65,22.34,53374279
113.0,21.68,21.79,21.46,21.57,32782091
110.0,21.94,22.10,21.58,21.64,97377342
109.0,21.59,22.00,21.59,21.83,34952767
108.0,21.69,21.80,21.56,21.63,32674256
107.0,21.34,21.71,21.29,21.63,45849610
106.0,21.35,21.62,21.27,21.51,33221895
103.0,21.55,21.65,21.28,21.35,38256705
102.0,21.89,21.92,21.50,21.52,42144410
101.0,21.53,21.92,21.53,21.82,31855258
100.0,21.86,21.93,21.58,21.61,34645658
99.0,21.63,21.82,21.60,21.69,26164042
96.0,21.92,21.94,21.66,21.73,33180970
95.0,21.88,21.98,21.75,21.82,23573297
94.0,21.90,22.05,21.81,21.87,28206193
93.0,21.78,21.89,21.70,21.82,35709590
92.0,21.57,21.82,21.44,21.57,37295927
87.0,21.97,22.11,21.70,21.80,40870739
86.0,21.88,22.05,21.86,21.92,25804236
85.0,21.84,22.02,21.55,21.93,43575225
84.0,22.15,22.22,21.76,21.84,45400603
83.0,22.19,22.34,22.00,22.12,41861632
80.0,22.37,22.45,22.13,22.13,31485147
79.0,22.24,22.40,22.16,22.30,26215321
78.0,22.33,22.56,22.22,22.28,29339087
77.0,22.49,22.54,22.33,22.41,31033686
73.0,22.22,22.77,22.20,22.56,64580952
72.0,21.99,22.27,21.68,22.27,153766718
71.0,22.61,22.92,22.52,22.85,70052969
70.0,22.78,22.88,22.67,22.71,46197556
69.0,22.64,22.88,22.56,22.83,45305882
66.0,22.52,22.72,22.30,22.67,54150067
65.0,22.04,22.58,21.97,22.49,49598524
64.0,21.69,22.07,21.58,21.98,46307515
63.0,21.58,21.82,21.40,21.80,46628558
62.0,21.93,21.95,21.46,21.55,60696033
59.0,21.61,21.99,21.61,21.91,43341195
58.0,21.77,21.99,21.63,21.98,42920860
57.0,21.62,21.84,21.60,21.65,35410890
56.0,21.88,22.00,21.70,21.75,41440550
55.0,21.76,22.11,21.76,22.00,60539669
52.0,22.40,22.54,22.17,22.20,41252882
51.0,22.69,22.85,22.46,22.56,37030454
50.0,22.91,22.95,22.78,22.84,30711027
49.0,22.91,22.95,22.64,22.83,33424737
45.0,22.58,22.78,22.58,22.74,44371925
44.0,22.85,22.91,22.63,22.78,38925362
43.0,22.50,23.00,22.42,22.78,61803332
42.0,22.33,22.52,22.20,22.41,44303004
41.0,22.39,22.82,22.14,22.19,59616556
38.0,22.23,22.28,21.99,22.22,30321787
37.0,22.29,22.31,21.92,22.09,31794896
36.0,22.29,22.36,22.15,22.29,38363526
35.0,22.26,22.41,22.15,22.31,37384888
34.0,21.96,22.23,21.93,22.01,34160810
31.0,22.09,22.12,21.83,21.98,36330724
30.0,22.17,22.29,21.91,22.00,44387713
365.0,22.25,22.47,22.15,22.43,33246316
364.0,22.00,22.33,22.00,22.25,27713912
361.0,21.79,22.05,21.78,22.02,24100877
360.0,21.72,21.88,21.72,21.80,17067392
358.0,21.46,21.76,21.44,21.69,18371968
357.0,21.25,21.62,21.22,21.57,41245933
354.0,21.07,21.25,20.96,21.13,64142321
353.0,21.04,21.08,20.77,21.07,36669506
352.0,20.88,21.04,20.52,21.00,55495317
351.0,20.75,21.13,20.68,20.92,45343332
350.0,20.34,20.75,20.25,20.68,54485551
347.0,20.54,20.58,20.22,20.24,51889614
346.0,20.82,20.83,20.26,20.51,69575109
345.0,20.99,21.01,20.65,20.88,66074985
344.0,21.28,21.34,21.15,21.21,45957588
343.0,21.29,21.33,21.20,21.22,41432870
340.0,21.12,21.32,21.07,21.28,51266300
339.0,21.20,21.30,20.89,20.91,61782051
338.0,21.09,21.35,21.07,21.25,44534992
337.0,21.05,21.26,21.02,21.26,52499711
336.0,21.29,21.30,21.06,21.09,35385225
363.0,21.39,21.44,21.20,21.25,25043707
361.0,21.29,21.35,21.15,21.27,40021060
360.0,21.30,21.41,21.08,21.21,48629279
359.0,21.45,21.52,21.27,21.27,37569831
356.0,21.41,21.50,21.31,21.46,41104992
355.0,21.36,21.49,21.25,21.47,40697974
354.0,21.47,21.47,21.22,21.23,44305728
353.0,21.31,21.54,21.12,21.42,57309745
352.0,21.60,21.72,21.20,21.29,66008941
349.0,21.46,21.69,21.26,21.54,85505962
348.0,20.94,21.44,20.77,21.36,243255407
347.0,23.60,24.00,23.51,24.00,75234897
346.0,23.43,23.84,23.43,23.73,38031125
345.0,23.50,23.58,23.40,23.44,22696520
342.0,23.28,23.52,23.08,23.51,30893268
341.0,23.41,23.56,23.07,23.11,35504442
340.0,23.21,23.37,23.02,23.28,48257796
339.0,22.61,23.24,22.42,23.06,46343551
338.0,22.55,22.64,22.42,22.58,28616959
335.0,22.66,22.68,22.40,22.56,33332149
334.0,22.64,22.71,22.44,22.56,34498901
333.0,22.87,22.94,22.66,22.70,30467844
332.0,22.66,22.93,22.56,22.82,30080623
331.0,22.40,22.55,22.31,22.55,24072140
328.0,22.59,22.63,22.35,22.46,34253447
327.0,22.34,22.43,22.10,22.37,50130329
326.0,22.61,22.64,22.20,22.26,49021438
325.0,22.99,23.00,22.42,22.65,64559921
324.0,23.11,23.11,22.81,22.93,34594575
321.0,22.86,23.14,22.76,22.96,44486609
320.0,22.80,22.88,22.42,22.78,69374311
319.0,23.22,23.30,22.81,23.00,40483038
318.0,23.36,23.42,23.17,23.18,26205212
317.0,23.16,23.36,23.07,23.34,29103136
314.0,23.02,23.38,22.97,23.28,27773822
313.0,22.70,23.08,22.60,23.01,38826052
312.0,22.66,22.76,22.29,22.50,45438315
311.0,22.97,22.97,22.62,22.64,31865739
310.0,22.76,23.04,22.63,22.89,29577899
307.0,22.96,23.09,22.85,23.02,33609079
306.0,23.24,23.35,22.94,23.00,38161128
305.0,23.10,23.36,23.00,23.32,40084672
304.0,23.33,23.48,23.20,23.24,30137572
303.0,23.12,23.53,23.02,23.43,40335731
300.0,23.35,23.55,23.05,23.33,82455460
299.0,24.30,24.36,23.69,23.77,54586540
298.0,24.19,24.55,24.12,24.43,26563702
297.0,24.14,24.32,23.94,24.14,29762311
296.0,24.38,24.45,24.11,24.28,26912170
293.0,24.73,24.75,24.43,24.51,37420375
292.0,24.50,24.75,24.41,24.62,40092098
291.0,24.33,24.80,24.30,24.80,29541235
290.0,24.39,24.54,24.30,24.37,19999495
289.0,24.43,24.47,24.13,24.38,32669920
286.0,24.33,24.41,24.20,24.32,18512274
285.0,24.42,24.45,24.24,24.29,22339950
284.0,24.20,24.41,24.18,24.38,25138816
283.0,24.03,24.25,24.00,24.16,29305576
282.0,23.61,23.98,23.58,23.92,22744618
279.0,23.82,23.84,23.39,23.55,28616525
278.0,23.81,23.84,23.54,23.69,23926392
277.0,23.52,23.92,23.50,23.77,27443823
276.0,23.58,23.77,23.46,23.48,31877566
272.0,23.46,23.55,23.22,23.31,35249290
271.0,23.47,23.75,23.45,23.45,26606434
270.0,23.55,23.58,23.38,23.44,28038094
269.0,23.72,23.79,23.44,23.48,39768652
268.0,23.84,24.05,23.76,23.83,35708491
265.0,24.07,24.16,23.84,23.86,41268535
264.0,24.08,24.22,23.96,24.01,24326800
263.0,24.36,24.48,24.05,24.07,33400180
262.0,24.28,24.56,24.22,24.32,43650196
261.0,24.32,24.66,24.25,24.27,39636913
258.0,24.53,24.66,24.25,24.27,42426174
257.0,24.39,24.83,24.28,24.48,130110058
256.0,26.45,26.45,25.97,26.38,77049321
255.0,26.44,26.48,26.07,26.32,36465993
254.0,25.86,26.45,25.85,26.34,32103551
251.0,26.30,26.35,25.86,26.05,27312054
250.0,26.27,26.32,26.18,26.26,20512420
249.0,26.31,26.49,26.12,26.12,33489573
248.0,26.41,26.42,26.06,26.21,26095394
247.0,26.11,26.42,26.11,26.31,28705410
244.0,25.80,26.19,25.73,26.19,26496621
243.0,25.79,25.92,25.65,25.89,23329997
243.0,25.80,25.89,25.55,25.59,30711452
242.0,25.46,26.04,25.42,25.67,45350667
241.0,25.36,25.47,25.23,25.33,17843717
238.0,25.25,25.50,25.23,25.50,19946804
237.0,25.60,25.62,25.31,25.50,31482645
236.0,25.84,25.99,25.45,25.59,27332657
235.0,25.70,25.77,25.49,25.56,27962216
234.0,26.00,26.04,25.48,25.72,30420308
231.0,25.86,26.00,25.62,25.82,39225635
230.0,25.87,26.15,25.73,25.86,33000015
229.0,25.80,25.86,25.60,25.72,22080747
228.0,25.86,25.99,25.63,25.71,26336516
227.0,25.78,25.99,25.64,25.93,26880510
224.0,25.85,25.95,25.66,25.94,28410005
223.0,25.62,25.93,25.57,25.87,45945171
222.0,25.07,25.56,25.06,25.41,37757716
221.0,24.76,25.20,24.74,25.16,46106700
220.0,24.66,24.74,24.39,24.62,34670562
217.0,24.64,24.66,24.25,24.57,19987806
215.0,24.36,24.84,24.27,24.59,24774963
214.0,24.24,24.64,24.22,24.32,31098675
213.0,24.42,24.83,24.30,24.34,33681550
209.0,24.43,24.61,24.30,24.34,35576332
208.0,24.47,24.71,24.46,24.63,27115364
207.0,24.30,24.45,24.18,24.38,32722839
206.0,24.31,24.44,23.99,24.00,41341710
205.0,24.32,24.47,24.04,24.06,35973155
202.0,24.38,24.62,24.21,24.48,62053278
201.0,24.48,24.73,24.30,24.44,47758974
200.0,24.78,24.96,24.68,24.68,29474648
199.0,24.72,24.98,24.70,24.82,34941870
198.0,24.26,24.96,24.23,24.70,46042721
195.0,24.31,24.50,24.08,24.09,29791956
194.0,23.93,24.40,23.88,24.35,27240075
193.0,24.22,24.31,23.98,23.99,29985664
192.0,24.13,24.44,24.05,24.07,28046728
191.0,24.57,24.67,24.28,24.36,33779401
188.0,24.62,24.78,24.38,24.49,42730615
187.0,24.48,24.69,24.24,24.55,44833668
186.0,24.27,24.64,24.21,24.32,45744144
185.0,24.27,24.60,24.03,24.36,30629616
184.0,24.26,24.50,24.03,24.38,30815299
181.0,24.20,24.53,24.08,24.12,40885722
180.0,24.15,24.68,24.02,24.37,45165939
179.0,23.71,24.24,23.70,24.12,37314101
178.0,23.81,24.12,23.69,23.89,40025413
174.0,23.39,23.66,23.31,23.53,25038918
173.0,23.12,23.61,23.06,23.51,44377023
172.0,24.00,24.02,23.25,23.34,46841932
171.0,23.89,24.06,23.59,24.01,48141152
170.0,23.90,23.97,23.64,23.94,54637200
167.0,23.85,24.25,23.70,24.24,78572509
166.0,23.51,24.24,23.36,23.89,201626425
165.0,21.25,21.29,21.12,21.21,55412888
164.0,21.21,21.42,21.15,21.27,38494264
163.0,21.14,21.28,21.05,21.27,35347148
160.0,20.83,21.10,20.82,21.10,26932211
159.0,20.72,20.95,20.62,20.83,25790132
158.0,20.40,20.76,20.40,20.72,37413419
157.0,20.68,20.71,20.29,20.38,55003310
156.0,20.87,20.92,20.74,20.81,31322097
153.0,20.93,20.96,20.76,20.83,41964381
152.0,20.47,20.75,20.44,20.73,54871858
151.0,20.83,20.90,20.35,20.38,44781860
150.0,20.99,21.25,20.80,20.92,37778467
149.0,20.65,21.07,20.47,20.98,29478054
146.0,20.61,20.71,20.51,20.67,33713939
145.0,20.50,20.77,20.39,20.64,40488768
144.0,20.47,20.53,20.26,20.39,55759202
143.0,20.75,21.10,20.73,20.91,34873444
142.0,20.53,20.65,20.27,20.59,31453213
139.0,20.20,20.55,19.98,20.46,51141907
138.0,20.74,20.85,20.45,20.58,35403996
137.0,20.95,21.02,20.59,20.63,30876264
136.0,21.14,21.17,20.95,21.16,32745839
135.0,21.45,21.64,21.05,21.05,27964620
132.0,21.67,21.70,21.12,21.54,31588300
131.0,21.33,21.70,21.27,21.68,35995214
130.0,21.07,21.60,21.02,21.47,39310798
129.0,20.64,21.05,20.58,20.97,27529913
128.0,20.69,20.73,20.47,20.57,22969094
125.0,20.25,20.70,20.00,20.61,54769174
124.0,21.01,21.09,20.96,21.04,25075085
123.0,21.28,21.37,21.11,21.20,30104836
122.0,20.96,21.29,20.90,21.22,34098951
121.0,21.04,21.38,20.78,20.83,40011310
117.0,20.84,20.94,20.76,20.90,28326849
116.0,20.68,20.90,20.61,20.83,27761170
115.0,20.94,20.96,20.69,20.84,27628947
114.0,20.88,20.99,20.71,20.85,36429534
111.0,20.93,21.07,20.69,20.75,39902825
110.0,21.00,21.18,20.72,20.84,64437665
109.0,21.63,21.74,21.58,21.67,24571773
108.0,21.71,21.74,21.30,21.52,27265647
107.0,21.74,21.95,21.61,21.67,30222249
104.0,21.57,21.95,21.38,21.92,59806300
103.0,21.70,21.86,21.45,21.59,40479513
102.0,21.65,21.80,21.51,21.58,30192780
101.0,21.76,21.84,21.54,21.70,25990462
100.0,21.77,21.98,21.65,21.88,29119951
97.0,21.84,21.97,21.77,21.83,23839806
96.0,21.72,21.97,21.68,21.80,37385266
95.0,21.30,21.79,21.24,21.72,45970538
94.0,20.83,21.25,20.83,21.22,32830796
93.0,20.74,20.78,20.58,20.74,22635809
90.0,20.71,20.90,20.55,20.83,24176858
87.0,20.89,21.04,20.74,20.86,30343562
86.0,20.60,21.02,20.44,20.89,25191471
85.0,20.54,20.78,20.50,20.61,34261247
84.0,21.00,21.20,20.65,20.66,37391310
81.0,20.81,20.93,20.72,20.90,20484665
80.0,21.00,21.02,20.71,20.76,33011117
79.0,21.49,21.67,21.07,21.10,47498588
78.0,21.01,21.48,20.95,21.46,45592435
74.0,20.94,21.07,20.92,20.99,44445627
73.0,20.88,21.00,20.51,20.99,67171975
72.0,21.00,21.14,20.93,21.14,63608638
71.0,21.25,21.27,20.94,20.97,46469572
70.0,21.24,21.34,21.15,21.27,33552732
67.0,21.17,21.30,21.13,21.16,23058574
66.0,21.21,21.26,21.00,21.10,34443942
65.0,21.05,21.22,20.98,21.19,27852171
64.0,20.88,21.20,20.88,21.08,24952598
63.0,20.87,21.13,20.79,20.82,32061620
60.0,20.73,20.90,20.60,20.83,25755139
59.0,20.62,20.90,20.56,20.57,29997928
58.0,20.86,20.87,20.40,20.58,35261172
57.0,20.98,20.99,20.65,20.78,35304682
56.0,21.21,21.26,21.05,21.06,30439506
53.0,21.10,21.25,21.05,21.15,28356976
52.0,20.85,21.10,20.82,21.02,47257447
51.0,20.88,20.89,20.61,20.62,37138991
50.0,20.95,21.00,20.61,20.87,35957158
46.0,20.85,21.04,20.81,21.02,42837639
45.0,20.78,21.03,20.78,20.95,41951346
44.0,20.91,21.18,20.88,21.03,39685053
43.0,20.92,20.99,20.78,20.98,29550857
42.0,20.68,20.99,20.65,20.97,55160404
39.0,20.40,20.51,20.33,20.48,23424728
38.0,20.35,20.49,20.28,20.44,31419269
37.0,20.26,20.54,20.25,20.30,30380431
36.0,20.18,20.34,20.08,20.31,33218619
35.0,20.38,20.42,20.16,20.29,30791181
32.0,20.41,20.68,20.39,20.48,36385108
31.0,20.46,20.50,20.30,20.45,50609800
30.0,20.12,20.34,20.01,20.34,40310139
365.0,19.38,19.76,19.31,19.65,32393583
362.0,19.49,19.64,19.42,19.45,24600582
361.0,19.89,19.91,19.45,19.65,35286588
360.0,19.83,20.07,19.75,19.92,22084485
358.0,19.87,19.96,19.74,19.83,12550685
355.0,19.95,20.05,19.59,19.96,67613700
354.0,20.27,20.33,20.14,20.24,29944699
353.0,20.42,20.54,20.24,20.27,38097851
352.0,20.10,20.42,20.02,20.38,41967904
351.0,19.88,20.14,19.80,20.11,46866023
348.0,19.74,20.00,19.69,19.86,40804837
347.0,19.69,19.84,19.60,19.74,37844395
346.0,19.84,19.89,19.69,19.73,38701387
345.0,19.85,20.07,19.67,19.78,58464166
344.0,19.35,19.90,19.34,19.79,62864989
341.0,19.60,19.74,19.16,19.34,50602443
340.0,19.22,19.50,19.20,19.48,35837076
339.0,19.16,19.45,19.14,19.21,36983476
338.0,19.08,19.20,19.00,19.17,34315694
337.0,19.02,19.16,18.95,19.03,32381498
364.0,19.04,19.13,18.83,18.91,45203054
363.0,18.98,19.10,18.92,19.01,32452515
362.0,18.89,18.96,18.55,18.83,41265152
361.0,18.90,19.10,18.84,18.96,53080382
360.0,18.79,19.07,18.59,19.06,34609553
357.0,18.60,18.89,18.53,18.84,17262013
355.0,18.37,18.62,18.27,18.48,30479820
354.0,18.29,18.36,18.07,18.34,30380699
353.0,18.27,18.34,18.10,18.30,40616346
350.0,17.93,18.05,17.80,17.99,60823625
349.0,17.75,18.08,17.74,17.94,55892312
348.0,18.05,18.25,17.62,17.66,97062101
347.0,16.71,16.94,16.69,16.85,72206117
346.0,16.86,17.09,16.75,16.86,28773104
343.0,16.70,17.03,16.68,16.82,43089923
342.0,17.22,17.36,16.78,16.83,56064779
341.0,17.45,17.90,17.09,17.21,49611632
340.0,17.44,17.71,17.35,17.48,35546811
339.0,17.33,17.44,17.20,17.40,22191379
336.0,17.64,17.68,17.31,17.35,28771081
335.0,17.17,17.58,17.00,17.50,32486083
334.0,17.38,17.43,17.01,17.14,36798251
329.0,17.20,17.39,17.11,17.29,31189060
328.0,17.53,17.53,17.07,17.20,46350437
327.0,18.03,18.08,17.29,17.38,61969166
326.0,18.00,18.17,17.94,18.01,33993063
325.0,18.12,18.23,18.01,18.19,26335454
322.0,18.58,18.60,18.00,18.04,63726266
321.0,18.61,18.75,18.50,18.60,40273159
320.0,18.57,18.80,18.50,18.70,28360764
319.0,18.63,18.91,18.55,18.85,28580119
318.0,18.49,18.64,18.41,18.55,27799236
315.0,18.26,18.46,18.22,18.40,27102171
314.0,18.47,18.48,18.15,18.26,28341169
313.0,18.80,18.80,18.29,18.31,42091215
312.0,18.93,19.06,18.76,18.80,42384003
311.0,18.99,19.08,18.81,18.90,24172916
308.0,19.04,19.14,18.80,18.86,27751005
307.0,19.01,19.05,18.85,18.90,29737616
306.0,18.96,19.10,18.88,18.93,33817912
305.0,19.09,19.14,18.73,18.87,34712533
304.0,19.23,19.40,18.94,19.04,37481053
301.0,19.00,19.36,19.00,19.10,61124653
300.0,18.68,18.88,18.55,18.80,29814408
299.0,18.69,18.75,18.35,18.58,30273693
298.0,18.95,18.97,18.63,18.66,33992452
297.0,18.86,18.98,18.69,18.80,32181414
294.0,19.15,19.20,18.89,18.90,42199738
293.0,19.03,19.11,18.90,19.11,25119268
292.0,19.18,19.21,18.95,19.12,29694442
291.0,19.06,19.27,19.01,19.04,45481355
290.0,19.16,19.30,19.06,19.16,36731922
287.0,19.36,19.69,19.34,19.49,46352168
286.0,19.06,19.52,19.02,19.36,37785315
285.0,19.11,19.27,19.04,19.08,28488525
284.0,19.12,19.25,18.93,19.04,31320044
283.0,19.43,19.47,19.10,19.15,40050688
280.0,19.55,19.65,19.25,19.56,44786564
279.0,19.07,19.75,19.05,19.72,59444047
278.0,19.00,19.12,18.87,18.90,30585934
277.0,18.99,19.14,18.80,19.00,27008472
273.0,19.10,19.25,18.92,19.08,38503380
272.0,19.08,19.08,18.83,18.90,24683846
271.0,19.22,19.26,19.00,19.20,29766787
270.0,19.31,19.35,19.16,19.22,30469793
269.0,19.24,19.37,19.14,19.36,32092449
266.0,19.04,19.24,18.93,19.20,32440259
265.0,19.15,19.38,19.04,19.12,37601013
264.0,19.07,19.22,18.96,19.22,47550007
263.0,19.00,19.27,18.98,19.16,45522240
262.0,19.00,19.15,18.80,18.94,39389827
259.0,19.03,19.23,18.96,19.06,55706695
258.0,18.63,19.14,18.57,19.02,152184023
257.0,17.15,17.53,17.12,17.35,63234907
256.0,17.40,17.40,17.11,17.17,40256544
255.0,17.54,17.59,17.23,17.34,33824013
252.0,17.49,17.56,17.30,17.54,38278462
251.0,17.61,17.79,17.48,17.70,61058459
250.0,17.04,17.16,16.86,17.16,24823793
249.0,16.84,17.21,16.81,17.14,41694638
248.0,16.49,16.83,16.46,16.69,32129693
245.0,16.08,16.44,15.97,16.35,40928221
244.0,15.80,16.11,15.65,15.74,47431472
243.0,16.01,16.07,15.76,15.98,47401078
243.0,15.87,16.11,15.85,15.95,33962244
242.0,15.71,16.07,15.67,15.87,36369030
239.0,15.51,15.76,15.30,15.69,40308363
238.0,15.70,15.78,15.35,15.38,55947100
237.0,15.20,15.56,14.96,15.42,61477857
236.0,15.75,15.75,15.00,15.12,101815932
235.0,16.06,16.15,15.93,16.07,40089941
232.0,16.58,16.74,16.35,16.36,36051323
231.0,16.73,16.80,16.59,16.68,30428470
230.0,16.25,16.76,16.20,16.70,33896075
229.0,16.37,16.37,15.94,16.23,30993823
228.0,16.21,16.25,16.02,16.19,26437837
225.0,15.99,16.37,15.98,16.31,24553968
224.0,16.16,16.24,15.96,15.98,70090158
223.0,16.40,16.59,16.26,16.38,45508922
222.0,16.76,16.78,16.33,16.41,35584015
221.0,16.73,16.77,16.59,16.65,25581319
218.0,16.88,16.94,16.67,16.77,27190755
217.0,16.99,17.03,16.88,16.94,26300776
215.0,17.02,17.23,17.01,17.15,15823670
214.0,17.11,17.16,16.96,17.08,20020591
210.0,16.79,17.17,16.72,17.17,51020155
209.0,16.63,16.63,16.22,16.48,56591318
208.0,16.87,16.96,16.64,16.73,43506962
207.0,16.97,16.99,16.65,16.82,31871596
206.0,17.01,17.03,16.78,16.94,33220413
203.0,16.98,17.19,16.95,17.13,46489633
202.0,17.51,17.54,16.87,16.92,44128788
201.0,17.37,17.63,17.30,17.51,46247558
200.0,17.28,17.36,17.11,17.18,41828144
199.0,17.08,17.25,17.03,17.14,35403523
196.0,16.97,17.17,16.93,17.10,42611022
195.0,16.68,17.04,16.60,16.92,39582973
194.0,16.74,16.85,16.56,16.66,39122800
193.0,16.57,16.84,16.51,16.79,32713457
192.0,16.87,16.88,16.45,16.48,31131582
189.0,16.56,16.78,16.49,16.73,29774055
188.0,16.88,16.92,16.53,16.58,34271359
187.0,16.29,16.69,16.23,16.68,33226034
186.0,16.06,16.28,15.98,16.12,34650033
185.0,15.98,16.13,15.92,16.11,29750741
182.0,16.08,16.15,15.94,15.96,48496285
181.0,16.36,16.52,16.26,16.33,51975483
180.0,16.46,16.48,16.35,16.39,36489870
179.0,16.51,16.64,16.39,16.59,37092111
175.0,16.46,16.56,16.32,16.33,41844792
174.0,16.69,16.70,16.35,16.39,52604223
173.0,16.56,16.76,16.43,16.69,42459136
172.0,16.66,16.82,16.62,16.73,43016431
171.0,16.51,16.70,16.37,16.67,37632738
168.0,16.61,16.64,16.37,16.47,57521858
167.0,16.69,16.80,16.55,16.55,41625010
166.0,16.83,16.89,16.61,16.69,57803782
165.0,16.74,16.76,16.51,16.54,66147940
164.0,16.40,16.83,16.37,16.70,57502189
161.0,16.76,16.99,16.50,16.50,75215296
160.0,17.17,17.32,16.76,16.81,198450536
159.0,18.58,18.89,18.48,18.78,78274068
158.0,18.90,18.90,18.62,18.71,52277917
157.0,19.02,19.26,19.00,19.08,34077286
154.0,19.52,19.53,19.03,19.12,41737248
153.0,19.92,19.95,19.65,19.72,29629109
152.0,19.91,19.94,19.63,19.84,32170036
151.0,20.11,20.16,19.98,19.98,31765923
150.0,19.85,20.17,19.82,20.16,36405468
147.0,19.64,20.03,19.58,19.98,47506436
146.0,19.48,19.67,19.37,19.60,43039620
145.0,19.59,19.69,19.27,19.49,48462443
144.0,19.76,19.85,19.35,19.42,67526570
143.0,19.77,19.78,19.58,19.68,27407012
140.0,19.93,20.04,19.84,19.91,34259698
139.0,20.02,20.31,19.78,19.90,34592986
138.0,19.95,20.15,19.88,20.06,27563369
137.0,19.81,20.15,19.75,20.08,28779665
136.0,19.92,19.96,19.57,19.72,35250893
133.0,20.02,20.04,19.79,19.85,27910857
132.0,20.09,20.28,19.98,20.06,32047552
131.0,19.68,20.04,19.62,20.02,40612745
130.0,19.94,20.10,19.52,19.55,44897937
129.0,19.97,20.16,19.87,19.96,26418904
125.0,20.18,20.37,20.07,20.22,30616155
124.0,20.64,20.77,20.25,20.36,43849468
123.0,21.11,21.19,20.63,20.82,64107723
122.0,21.14,21.30,21.05,21.19,30716442
119.0,21.12,21.19,20.98,21.15,35675182
118.0,20.96,21.24,20.85,21.03,36521150
117.0,20.85,21.11,20.73,21.08,39840538
116.0,20.93,21.05,20.88,20.91,44476323
115.0,20.70,20.86,20.65,20.84,29100860
112.0,20.34,20.59,20.25,20.53,27646958
111.0,20.35,20.57,20.27,20.38,32213127
110.0,20.56,20.65,20.35,20.50,39135454
109.0,20.04,20.64,20.01,20.57,61659559
108.0,19.94,20.28,19.94,20.14,30278764
105.0,20.01,20.05,19.90,20.03,56366857
104.0,20.06,20.20,19.80,19.91,55020542
103.0,20.16,20.38,20.06,20.20,41192828
102.0,19.90,20.22,19.89,20.22,33325974
101.0,19.82,19.88,19.66,19.83,26319377
98.0,19.73,19.89,19.68,19.80,26278766
97.0,19.57,19.78,19.53,19.68,36655483
96.0,19.50,19.53,19.40,19.41,34754296
95.0,19.43,19.53,19.32,19.48,36744129
94.0,19.73,19.75,19.46,19.60,31971220
91.0,19.84,19.89,19.71,19.76,27450272
90.0,19.91,19.96,19.74,19.88,43149293
88.0,20.18,20.20,19.84,19.88,46235612
87.0,20.16,20.22,20.02,20.20,34352454
86.0,19.99,20.26,19.97,20.17,37170181
83.0,20.27,20.33,20.11,20.14,27224098
82.0,20.08,20.25,19.92,20.23,30009911
81.0,20.41,20.46,20.05,20.12,36222575
80.0,20.30,20.49,20.17,20.36,41223836
76.0,20.20,20.35,20.00,20.29,54252249
75.0,19.98,20.27,19.91,20.19,42558766
74.0,20.09,20.21,19.85,19.91,44889551
73.0,19.90,20.07,19.83,20.07,31859473
72.0,20.01,20.06,19.90,20.03,50426575
69.0,19.79,20.06,19.73,19.90,63115187
68.0,20.23,20.49,19.87,20.00,131157192
67.0,20.22,20.45,20.09,20.43,91349111
66.0,20.09,20.33,20.00,20.20,61427311
65.0,20.04,20.20,19.92,20.19,37141820
62.0,19.99,20.20,19.91,20.09,54490923
61.0,19.83,19.98,19.80,19.80,36412718
60.0,19.84,19.95,19.70,19.80,57083909
59.0,19.69,19.73,19.44,19.64,40629526
58.0,19.40,19.63,19.27,19.56,31384772
55.0,19.58,19.69,19.36,19.56,43541146
54.0,19.97,19.99,19.71,19.83,36827222
53.0,19.80,19.87,19.48,19.83,37213252
52.0,19.75,19.86,19.56,19.82,30831062
51.0,19.85,20.07,19.56,19.83,50013636
48.0,19.75,19.93,19.67,19.92,42052599
47.0,19.68,19.95,19.60,19.79,52482052
46.0,19.37,19.63,19.33,19.54,56573407
45.0,19.23,19.32,19.11,19.30,40409210
41.0,19.01,19.17,18.88,19.06,32145248
40.0,19.12,19.20,18.96,19.15,31101675
39.0,18.94,19.14,18.87,19.07,32482186
38.0,19.08,19.25,18.77,18.83,45488277
37.0,18.87,19.10,18.79,18.97,37811418
34.0,18.95,19.00,18.83,18.85,27797622
33.0,18.93,19.00,18.67,18.92,37865567
32.0,18.44,19.00,18.35,18.99,52932879
31.0,18.55,18.86,18.48,18.63,41240172
364.0,18.19,18.29,18.05,18.08,20779976
363.0,18.15,18.27,18.14,18.25,17641213
362.0,18.52,18.59,18.11,18.16,26741362
361.0,18.48,18.64,18.46,18.58,22939340
357.0,18.15,18.49,18.13,18.46,23347798
356.0,18.01,18.22,17.97,18.13,37604359
355.0,18.23,18.35,17.82,17.92,57677616
354.0,17.92,18.48,17.91,18.40,44835090
353.0,17.96,18.01,17.62,17.69,39711535
350.0,18.19,18.53,17.94,17.94,94965686
349.0,18.17,18.25,17.93,18.04,39810809
348.0,18.46,18.50,17.88,17.98,59677007
347.0,18.57,18.85,18.34,18.47,48006880
346.0,18.62,18.70,18.26,18.53,44118525
343.0,18.58,18.96,18.49,18.88,44022673
342.0,18.87,19.07,18.45,18.57,47302730
341.0,18.76,19.05,18.57,18.99,54878156
340.0,18.78,18.88,18.71,18.73,29138023
339.0,18.84,18.89,18.66,18.79,43530121
336.0,18.68,18.98,18.53,18.55,46255335
335.0,18.68,18.72,18.32,18.58,41444404
364.0,18.24,18.79,18.16,18.64,74536560
363.0,18.01,18.15,17.66,17.68,53298581
362.0,17.92,18.10,17.84,18.01,45999135
359.0,17.25,17.80,17.22,17.50,24466202
357.0,17.72,17.80,17.40,17.40,47641808
356.0,17.90,18.13,17.70,17.92,39707790
355.0,18.13,18.31,17.78,18.00,54365731
352.0,18.46,18.63,18.22,18.42,38222235
351.0,18.80,18.82,18.22,18.48,55373711
350.0,18.95,19.15,18.77,18.80,54567517
349.0,18.81,19.19,18.79,19.12,45568412
348.0,18.95,19.10,18.86,18.94,46652170
345.0,18.79,19.15,18.76,19.02,80558353
344.0,18.69,18.91,18.42,18.61,148101819
343.0,18.04,18.04,17.44,17.61,80049427
342.0,18.15,18.34,17.96,18.31,50448165
341.0,18.00,18.24,17.79,18.01,44480961
338.0,18.08,18.10,17.75,18.03,39823512
337.0,17.98,18.20,17.71,18.18,39658437
336.0,17.74,17.94,17.59,17.85,38992092
335.0,18.05,18.05,17.53,17.59,67821539
334.0,18.34,18.55,18.21,18.53,50718108
331.0,18.28,18.60,18.21,18.56,47742448
330.0,18.04,18.58,17.99,18.44,105736729
329.0,17.76,17.89,17.30,17.61,44781660
328.0,17.54,17.74,17.49,17.62,44041807
327.0,17.38,17.67,17.26,17.54,37800334
324.0,17.33,17.60,17.19,17.38,46178989
323.0,17.20,17.26,16.80,17.19,39740329
322.0,17.40,17.54,17.05,17.16,35836589
321.0,17.18,17.66,16.97,17.51,42790001
320.0,17.37,17.47,17.02,17.17,37621669
317.0,17.54,17.67,17.35,17.55,43861691
316.0,17.17,17.43,17.16,17.42,44237947
315.0,17.13,17.40,17.01,17.25,70257893
314.0,17.00,17.10,16.86,16.99,53683070
313.0,16.91,17.14,16.85,17.09,48939921
310.0,16.76,16.94,16.50,16.66,58376119
309.0,16.21,16.76,16.17,16.75,74775093
308.0,15.57,16.52,15.50,16.16,119801962
307.0,14.95,15.62,14.93,15.58,80847153
306.0,15.30,15.47,15.17,15.19,79210739
303.0,15.63,15.77,15.48,15.50,50463408
302.0,16.09,16.25,15.53,15.85,59527490
301.0,16.18,16.36,15.81,15.84,47967982
300.0,16.16,16.36,15.97,16.07,64908155
299.0,15.65,16.02,15.50,15.99,53217221
296.0,15.16,15.84,15.12,15.61,66118106
295.0,15.49,15.71,14.96,15.33,92159632
294.0,16.53,16.60,15.83,15.84,70842441
293.0,16.45,16.67,16.33,16.53,48834995
292.0,16.45,16.58,16.16,16.51,42149303
289.0,16.72,16.84,16.53,16.62,62298535
288.0,16.47,16.70,16.32,16.67,47652310
287.0,16.39,16.66,16.31,16.33,79447465
286.0,16.08,16.50,15.94,16.35,82625219
285.0,15.55,16.10,15.55,16.09,53942563
282.0,16.15,16.18,15.72,15.82,79002779
281.0,15.85,16.45,15.82,16.29,103787312
280.0,15.42,15.91,15.41,15.88,58514911
279.0,15.10,15.29,15.01,15.28,62391301
275.0,15.51,15.72,15.30,15.41,55499617
274.0,15.69,16.00,15.61,15.82,73756451
273.0,15.73,15.95,15.54,15.67,50689562
272.0,15.67,15.78,15.39,15.63,51036757
271.0,15.51,15.76,15.40,15.74,39188133
268.0,15.08,15.54,15.02,15.32,49953054
267.0,15.52,15.54,15.02,15.08,54369204
266.0,15.36,15.56,15.16,15.46,59278850
265.0,15.01,15.44,15.01,15.44,57778413
264.0,15.23,15.40,14.95,15.01,68733846
261.0,14.92,15.46,14.90,15.08,90584294
260.0,15.39,15.47,14.90,15.01,104626560
259.0,15.97,16.07,15.65,15.85,54515014
258.0,15.86,16.06,15.70,16.00,58994013
257.0,16.01,16.07,15.83,16.03,65125882
254.0,15.94,16.20,15.64,15.99,95554292
253.0,15.45,16.24,15.36,15.92,286920002
252.0,13.93,14.23,13.70,13.73,146475080
251.0,14.07,14.12,13.30,14.06,144579225
250.0,14.41,14.63,13.94,13.94,125325983
247.0,14.91,15.28,14.36,14.94,122398068
246.0,15.27,15.32,14.81,14.82,92196432
245.0,15.34,15.54,15.18,15.49,70377578
244.0,15.61,15.48,15.18,15.33,80157378
243.0,16.08,16.25,15.55,15.83,60650540
241.0,15.90,16.13,15.80,15.97,66850157
240.0,15.96,16.30,15.83,16.01,79457728
239.0,15.92,16.01,15.58,15.69,80761871
238.0,16.26,16.39,16.20,16.29,40153908
237.0,16.34,16.38,16.16,16.28,33874992
234.0,16.44,16.50,16.25,16.46,48364746
233.0,15.82,16.47,15.82,16.35,93220530
232.0,15.64,15.95,15.58,15.82,60146326
231.0,15.55,15.70,15.42,15.66,58285752
230.0,15.49,15.54,15.27,15.44,45271132
227.0,15.52,15.70,15.45,15.59,54800187
226.0,15.56,15.76,15.40,15.43,50153289
225.0,15.70,15.85,15.50,15.57,47732605
224.0,15.43,15.96,15.42,15.60,88250087
223.0,15.55,15.62,15.33,15.43,44415754
220.0,15.76,15.90,15.56,15.74,50356962
219.0,15.64,15.99,15.61,15.90,70178784
218.0,15.62,15.68,15.45,15.56,43221634
217.0,15.87,15.92,15.55,15.67,44364510
213.0,15.63,15.95,15.60,15.86,65135439
211.0,15.36,15.66,15.34,15.61,52618459
210.0,15.18,15.40,15.12,15.34,47462136
209.0,15.08,15.14,14.96,15.13,52428608
208.0,14.94,15.15,14.94,15.05,76915155
205.0,15.44,15.44,14.92,14.93,177861556
204.0,15.18,15.49,15.08,15.47,63981414
203.0,15.48,15.64,15.33,15.36,48404252
202.0,15.20,15.57,15.15,15.51,85430683
201.0,14.94,15.17,14.93,15.14,54052538
198.0,15.18,15.20,14.90,14.97,80912885
197.0,14.84,15.10,14.80,15.05,73024219
196.0,14.96,14.99,14.78,14.84,92323100
195.0,15.11,15.22,14.92,15.08,91534534
194.0,15.14,15.28,15.04,15.06,63586044
191.0,15.31,15.36,15.01,15.12,78257754
190.0,15.32,15.47,15.25,15.31,67591170
189.0,15.41,15.58,15.21,15.30,100248362
188.0,16.04,16.04,15.49,15.51,107881030
187.0,16.04,16.17,15.88,15.99,58219738
184.0,16.14,16.19,15.98,16.01,74861021
183.0,16.31,16.52,16.23,16.25,62685151
182.0,16.76,16.77,16.36,16.38,61885899
181.0,16.59,16.82,16.51,16.80,56637467
177.0,16.24,16.51,16.24,16.46,49543225
176.0,16.16,16.37,16.15,16.25,64706469
175.0,16.15,16.26,16.11,16.19,59601864
174.0,16.40,16.46,16.25,16.27,42476550
173.0,16.41,16.44,16.22,16.35,68265450
170.0,16.68,16.72,16.51,16.53,50894173
169.0,16.75,16.83,16.56,16.66,68259864
168.0,16.64,16.66,16.34,16.65,92724663
167.0,16.50,16.72,16.46,16.64,78206612
166.0,16.82,16.87,16.60,16.60,81626357
163.0,16.86,16.96,16.78,16.88,80195326
162.0,16.96,17.08,16.64,16.93,238334305
161.0,17.82,17.99,17.65,17.78,129229938
160.0,17.65,17.94,17.65,17.79,68806102
159.0,17.53,17.67,17.47,17.60,46986881
156.0,17.63,17.70,17.50,17.56,60439423
155.0,17.48,17.68,17.45,17.48,67929254
154.0,17.37,17.56,17.28,17.47,58190483
153.0,17.53,17.57,17.29,17.41,56884525
152.0,17.51,17.60,17.39,17.58,46838717
149.0,17.32,17.56,17.26,17.52,137455282
148.0,17.20,17.38,17.18,17.29,52918574
147.0,17.60,17.64,17.08,17.19,97724097
146.0,17.21,17.64,17.14,17.52,81649533
145.0,16.93,17.16,16.90,17.10,42745359
141.0,16.94,16.99,16.86,16.94,57013357
140.0,16.90,16.96,16.79,16.93,86372585
139.0,16.65,16.76,16.52,16.61,76497993
138.0,16.88,16.90,16.59,16.73,86550320
135.0,17.19,17.30,16.97,17.03,82667624
134.0,17.15,17.22,17.05,17.17,58256338
133.0,17.50,17.50,17.22,17.25,60956267
132.0,17.50,17.58,17.36,17.44,65895068
131.0,17.71,17.76,17.36,17.47,56427828
128.0,17.97,17.99,17.53,17.65,82734604
127.0,18.16,18.29,17.72,17.91,119269194
126.0,17.44,18.19,17.38,18.07,176814153
125.0,17.16,17.49,17.12,17.22,103519787
124.0,17.01,17.14,17.00,17.06,57644273
121.0,17.29,17.30,16.99,17.04,62747101
120.0,17.32,17.45,17.15,17.15,65036578
119.0,17.58,17.60,17.30,17.33,60260839
118.0,17.21,17.45,17.19,17.44,57191828
117.0,17.36,17.54,17.17,17.19,63408295
114.0,17.38,17.41,17.20,17.28,53222852
113.0,17.62,17.64,17.35,17.36,57829006
112.0,17.42,17.60,17.34,17.58,52156908
111.0,17.42,17.61,17.29,17.45,63936008
110.0,17.34,17.55,17.30,17.39,57429369
107.0,17.35,17.42,17.07,17.14,125170907
106.0,17.13,17.20,16.97,17.00,83343474
105.0,17.33,17.57,17.01,17.05,93486561
104.0,17.31,17.48,17.25,17.39,97003673
103.0,17.81,17.88,17.74,17.85,45149943
100.0,17.81,18.01,17.76,17.95,68254368
99.0,18.04,18.07,17.90,17.92,63914609
98.0,18.11,18.20,18.02,18.12,53213764
97.0,18.17,18.30,18.02,18.22,54964242
96.0,18.36,18.37,18.03,18.20,70862459
93.0,18.53,18.59,18.31,18.40,57402965
92.0,18.63,18.65,18.50,18.53,57031268
91.0,18.49,18.62,18.44,18.50,63392601
90.0,18.67,18.79,18.50,18.56,61976873
87.0,18.62,18.75,18.51,18.56,62256274
84.0,18.51,18.70,18.47,18.64,49209546
83.0,18.39,18.51,18.23,18.36,71863619
82.0,18.57,18.66,18.29,18.40,89184620
81.0,18.73,18.74,18.55,18.59,74954416
77.0,18.74,19.02,18.68,18.85,90035781
76.0,18.63,18.76,18.58,18.68,89097589
75.0,18.77,18.79,18.56,18.58,101531791
74.0,18.89,18.92,18.63,18.67,90320436
73.0,18.84,18.95,18.68,18.81,109308307
70.0,19.11,19.14,18.61,18.70,189326315
69.0,19.65,19.70,18.79,18.92,560038939
68.0,21.92,22.15,21.90,22.04,125425536
67.0,21.95,22.01,21.71,21.99,73162835
66.0,22.11,22.34,22.03,22.03,52408390
63.0,21.90,22.15,21.81,22.05,60134728
62.0,21.70,21.97,21.65,21.91,54001956
61.0,21.52,21.69,21.42,21.62,41287380
60.0,21.27,21.56,21.26,21.47,40519766
59.0,20.93,21.18,20.71,21.15,40390731
56.0,21.49,21.57,20.86,20.93,46540420
55.0,21.37,21.49,21.26,21.44,36827190
54.0,21.48,21.61,21.26,21.42,65524948
53.0,21.16,21.57,21.08,21.54,72726380
52.0,20.84,21.18,20.73,21.17,44068334
49.0,20.97,20.98,20.68,20.72,40172323
48.0,20.61,20.91,20.50,20.77,53291633
47.0,21.32,21.33,20.70,20.82,53574597
46.0,21.22,21.33,21.21,21.22,46668310
42.0,21.13,21.24,21.06,21.21,35176357
41.0,21.18,21.23,21.01,21.08,35030203
40.0,21.00,21.14,20.96,21.12,40646018
39.0,20.90,20.96,20.79,20.88,38352360
38.0,20.94,20.95,20.70,20.79,40679682
35.0,20.86,21.00,20.83,20.97,67738111
34.0,20.91,20.96,20.76,20.95,65845317
33.0,20.58,20.85,20.53,20.77,69378545
32.0,20.51,20.60,20.40,20.52,46273788
31.0,20.45,20.62,20.38,20.49,54310117
365.0,20.24,20.24,20.08,20.23,28712415
364.0,20.32,20.35,20.21,20.23,25581990
363.0,20.49,20.51,20.25,20.25,32976811
362.0,20.37,20.51,20.28,20.35,57275349
361.0,19.84,20.40,19.81,20.16,62054576
357.0,19.54,19.76,19.50,19.69,41614144
356.0,19.54,19.57,19.51,19.56,42787073
355.0,19.64,19.77,19.50,19.53,62386087
354.0,19.58,19.72,19.52,19.62,49113499
351.0,19.70,19.78,19.50,19.55,115524969
350.0,19.44,19.76,19.43,19.75,61252967
349.0,19.58,19.67,19.43,19.47,57939296
348.0,19.65,19.87,19.52,19.54,57054594
347.0,19.85,19.92,19.56,19.58,62987119
344.0,19.75,19.76,19.51,19.70,64813048
343.0,19.49,19.82,19.39,19.70,91965368
342.0,19.37,19.45,19.31,19.35,53976865
341.0,19.70,19.70,19.36,19.39,74980252
340.0,19.31,19.60,19.27,19.43,79017386
337.0,19.16,19.17,19.00,19.07,89384937
336.0,19.36,19.40,19.12,19.22,113701390
335.0,19.34,19.39,19.26,19.32,79322759
364.0,19.24,19.35,19.13,19.16,63406657
363.0,19.47,19.54,19.23,19.44,51959107
360.0,19.49,19.72,19.41,19.49,26258169
358.0,19.33,19.55,19.32,19.46,63907917
357.0,19.44,19.44,19.18,19.20,91969472
356.0,19.65,19.68,19.38,19.56,65401945
353.0,19.83,19.84,19.50,19.61,100759489
352.0,19.73,19.80,19.53,19.61,102255826
351.0,19.62,19.68,19.39,19.40,112435922
350.0,19.88,19.94,19.34,19.44,212576442
349.0,20.37,20.37,19.92,19.95,137860795
346.0,20.62,20.67,20.03,20.15,234765374
345.0,20.46,20.96,20.25,20.52,553078278
344.0,24.29,24.51,23.99,24.49,115576157
343.0,24.49,24.60,24.18,24.35,51216109
342.0,24.35,24.58,24.28,24.39,40378093
339.0,24.26,24.34,23.88,24.26,41012289
338.0,23.92,24.34,23.89,24.21,55897795
337.0,23.29,23.74,23.18,23.71,53861120
336.0,23.17,23.30,23.06,23.17,37381022
335.0,22.95,23.30,22.88,22.92,49174226
332.0,23.12,23.22,22.82,22.86,44587820
331.0,23.43,23.49,23.07,23.19,33695074
330.0,23.25,23.36,23.03,23.29,39164377
329.0,23.49,23.75,23.36,23.40,37679966
328.0,23.63,23.90,23.57,23.61,37085774
325.0,23.25,23.49,23.18,23.48,23676566
324.0,23.48,23.54,22.98,23.26,38537219
323.0,22.91,23.58,22.91,23.40,44947212
322.0,23.10,23.18,22.76,22.97,53769368
321.0,23.35,23.50,23.23,23.30,40615236
318.0,23.24,23.40,23.00,23.36,50265795
317.0,23.26,23.30,22.85,23.07,38847138
316.0,22.93,23.40,22.83,23.18,66127091
315.0,22.38,22.75,22.27,22.62,35299050
314.0,22.48,22.65,22.38,22.47,28434493
311.0,22.37,22.52,22.09,22.48,37806362
310.0,22.47,22.50,22.11,22.39,37864547
309.0,22.03,22.40,22.01,22.30,52793004
308.0,22.02,22.12,21.77,21.98,59683703
307.0,21.81,22.00,21.50,21.76,31731136
304.0,22.12,22.22,21.78,21.91,42192694
303.0,22.05,22.28,21.67,21.90,56850332
302.0,21.63,21.91,21.56,21.87,46307240
301.0,22.00,22.11,21.45,21.86,64748304
300.0,22.01,22.31,21.86,22.11,48671792
297.0,21.84,22.25,21.75,22.09,54235014
296.0,21.55,21.81,21.43,21.53,36039034
295.0,21.67,21.89,21.40,21.67,49272150
294.0,21.78,21.96,21.37,21.64,69776145
293.0,21.97,21.99,21.64,21.75,55744883
290.0,22.07,22.12,21.77,21.86,54755960
289.0,21.58,21.96,21.52,21.93,47579140
288.0,21.54,21.86,21.49,21.59,60902383
287.0,21.36,22.17,21.21,21.45,109222307
286.0,20.92,21.34,20.86,21.26,62445813
283.0,20.63,20.68,20.32,20.62,48400542
282.0,20.96,21.05,20.58,20.61,43600967
281.0,20.68,20.89,20.55,20.64,40612920
280.0,20.90,20.99,20.53,20.58,60556771
276.0,20.97,21.13,20.76,21.04,54485164
275.0,20.48,20.70,20.31,20.52,59438997
274.0,20.35,20.70,20.25,20.26,80172983
273.0,20.11,20.37,19.82,19.98,94449389
272.0,20.80,20.89,20.29,20.32,58982939
269.0,20.84,20.94,20.36,20.81,62258927
268.0,21.18,21.31,20.69,20.70,53499631
267.0,20.99,21.35,20.82,21.21,54310986
266.0,21.43,21.45,21.10,21.13,74401814
265.0,22.47,22.48,21.65,21.68,49308860
262.0,22.19,22.41,22.13,22.23,54662666
261.0,22.34,22.50,22.01,22.22,71331723
260.0,22.04,22.51,22.02,22.41,73169165
259.0,22.07,22.29,21.95,22.05,82948625
258.0,21.24,22.12,21.22,21.91,88628302
255.0,21.51,21.58,21.25,21.36,67924079
254.0,21.42,21.61,21.00,21.36,227308153
253.0,23.86,23.95,23.45,23.73,71535679
252.0,24.46,24.59,24.16,24.31,59163669
251.0,24.21,24.87,24.20,24.77,64011003
248.0,23.92,24.17,23.60,24.07,40448587
247.0,24.03,24.18,23.83,24.17,30216444
246.0,23.79,24.25,23.78,24.14,48335001
245.0,23.84,23.89,23.62,23.82,27135880
244.0,23.43,23.94,23.40,23.80,43032193
242.0,23.02,23.40,22.88,23.07,42185306
241.0,23.53,26.00,22.96,23.21,37489144
240.0,23.29,23.62,23.25,23.39,41763317
239.0,23.68,23.72,23.20,23.30,47987843
238.0,23.32,23.61,23.20,23.61,38334855
235.0,23.16,23.41,23.01,23.35,39345335
234.0,22.73,23.36,22.73,23.27,57954474
233.0,23.06,23.22,22.40,22.56,45752008
232.0,22.27,23.08,22.05,23.05,66166871
231.0,22.87,23.03,22.55,22.73,54701821
228.0,23.87,23.87,22.61,22.75,77068973
227.0,23.70,23.96,23.42,23.92,51771266
226.0,23.43,23.89,23.39,23.74,61469602
225.0,23.04,23.28,22.99,23.09,45007656
224.0,22.61,22.98,22.61,22.86,30564542
221.0,22.55,22.81,22.43,22.70,41492409
220.0,22.67,22.79,22.15,22.55,55312636
219.0,21.49,22.49,21.45,22.48,70562838
218.0,21.42,21.67,21.05,21.34,51189136
214.0,21.21,21.31,20.99,21.13,46266974
213.0,21.20,21.49,20.93,21.26,66347865
211.0,21.52,21.73,21.24,21.31,57127979
210.0,22.15,22.19,21.40,21.62,68955137
209.0,22.30,22.75,22.29,22.42,43405084
206.0,22.59,22.67,22.11,22.18,76908892
205.0,22.68,22.98,22.47,22.57,58022758
204.0,23.11,23.14,22.64,22.86,54088268
203.0,23.32,23.65,22.92,22.97,42148144
202.0,23.84,23.94,23.12,23.34,54836676
199.0,23.28,23.65,23.15,23.49,52422473
198.0,23.49,23.50,23.05,23.17,52819627
197.0,23.11,23.78,23.09,23.29,73637987
196.0,22.82,23.45,22.80,23.33,77844187
195.0,23.08,23.28,22.73,22.76,57279195
192.0,22.53,22.99,22.52,22.91,56325401
191.0,23.00,23.10,22.51,22.77,98936096
190.0,23.02,23.45,22.74,22.78,47727653
189.0,22.91,23.00,22.52,22.96,71580712
188.0,23.01,23.29,22.68,22.76,50264802
185.0,23.32,23.55,22.76,22.96,60603858
184.0,23.49,23.77,23.27,23.72,49011801
183.0,23.07,23.37,22.74,23.35,45755800
182.0,22.94,23.48,22.92,23.00,56347864
178.0,23.52,23.57,22.99,23.16,56435886
177.0,23.39,23.68,23.02,23.67,59790326
176.0,23.56,23.75,22.84,22.89,72466092
175.0,22.73,23.31,22.60,23.31,64858977
174.0,23.46,23.70,23.13,23.37,48173256
171.0,22.67,23.51,22.56,23.46,88187275
170.0,23.56,23.89,23.13,23.31,97381316
169.0,24.23,24.52,23.97,24.26,62398375
168.0,25.00,25.02,24.18,24.36,59688862
167.0,24.97,24.98,24.26,24.87,72486600
164.0,25.26,25.30,24.69,24.94,82159544
163.0,26.09,26.10,25.37,25.53,143656254
162.0,26.22,26.80,26.19,26.74,66161698
161.0,26.06,26.77,25.82,25.96,53764962
160.0,26.12,26.53,25.90,26.13,74912109
157.0,25.52,25.64,24.33,24.71,95894494
156.0,26.40,26.65,23.23,25.49,97907977
155.0,26.30,26.82,26.15,26.55,49889219
154.0,27.24,27.25,26.40,26.56,52356974
153.0,27.03,27.69,27.01,27.54,44976901
150.0,27.68,27.74,26.92,26.93,41896141
149.0,27.10,27.64,27.10,27.53,41867386
148.0,27.11,27.38,26.82,27.04,54476828
147.0,27.41,27.58,26.73,27.01,57168820
146.0,27.58,27.70,27.48,27.57,35668511
143.0,27.38,27.51,27.21,27.47,39306783
142.0,27.08,27.37,26.72,27.32,44845750
141.0,27.17,27.40,27.12,27.24,42738482
140.0,27.19,27.45,27.06,27.18,47169807
139.0,26.93,27.11,26.55,27.07,43890768
136.0,27.15,27.44,26.79,26.98,68529424
135.0,27.00,27.25,26.95,27.21,47016475
134.0,26.63,26.93,26.56,26.88,44610066
133.0,26.45,26.50,26.17,26.44,42863803
132.0,26.57,26.74,26.49,26.53,28374334
129.0,26.28,26.64,26.22,26.60,34613451
128.0,26.28,26.39,26.00,26.28,38623382
127.0,26.10,26.59,26.10,26.34,43840982
126.0,26.13,26.38,26.05,26.22,31124212
125.0,25.87,26.24,25.80,26.17,34806121
120.0,26.52,26.61,25.96,26.03,54749425
119.0,26.64,26.71,26.34,26.65,32976160
118.0,26.61,26.69,26.45,26.51,30388646
115.0,26.44,26.75,26.34,26.47,37528221
114.0,26.66,26.85,26.42,26.43,35142599
113.0,26.56,26.62,26.44,26.45,35299217
112.0,26.19,26.75,26.17,26.64,48863070
111.0,25.92,26.38,25.89,26.28,31906705
108.0,26.37,26.44,26.07,26.15,55661784
107.0,26.24,26.42,26.22,26.34,27087994
106.0,26.20,26.40,26.18,26.26,32465840
105.0,26.03,26.34,26.01,26.15,53894258
104.0,25.76,26.09,25.74,26.08,36768501
101.0,26.00,26.03,25.78,25.88,31167192
100.0,25.79,25.98,25.72,25.97,37340472
99.0,25.85,26.06,25.75,25.87,69660735
98.0,26.33,26.48,25.70,26.13,160887564
97.0,25.31,26.36,25.26,26.13,116178158
94.0,24.97,25.24,24.92,25.21,57060394
93.0,24.84,24.98,24.66,24.95,40261904
92.0,24.70,24.93,24.60,24.84,50695027
91.0,24.66,24.75,24.44,24.61,51404889
90.0,24.33,24.65,24.32,24.60,41782570
85.0,24.36,24.46,24.21,24.33,30727510
84.0,24.00,24.39,23.87,24.33,37112486
83.0,24.09,24.45,24.08,24.34,33183888
82.0,24.16,24.23,23.83,24.05,36289256
81.0,24.39,24.46,24.15,24.30,31379801
78.0,24.13,24.38,24.06,24.36,38782047
77.0,24.05,24.36,23.90,24.28,41154603
76.0,23.99,24.09,23.74,24.07,48507156
75.0,23.96,24.00,23.80,24.00,46760215
71.0,23.72,23.80,23.51,23.76,56456377
70.0,23.67,23.99,23.54,23.93,42462558
69.0,23.86,24.00,23.62,23.76,50574101
68.0,23.80,24.00,23.58,23.89,60339781
67.0,23.78,23.90,23.48,23.50,69908952
64.0,23.30,23.88,23.16,23.70,99148510
63.0,23.41,23.77,23.10,23.16,126098577
62.0,23.16,23.25,22.85,23.07,80035486
61.0,22.81,23.11,22.51,23.02,54108901
60.0,22.65,22.94,22.38,22.73,54386091
57.0,22.95,23.13,22.44,22.47,73431860
56.0,23.18,23.22,22.35,22.52,63623264
55.0,22.89,23.26,22.76,23.15,51807879
54.0,22.80,23.20,22.64,22.90,55316794
53.0,23.10,23.18,22.74,22.99,51293508
50.0,23.84,23.93,22.87,22.97,70431639
49.0,24.51,24.65,23.86,23.98,54767434
48.0,24.62,24.73,24.12,24.41,42135001
47.0,24.54,24.88,24.50,24.85,37607446
43.0,25.00,25.10,24.30,24.40,51649587
42.0,24.58,25.08,24.52,24.95,52307589
41.0,24.28,24.70,24.20,24.64,43683890
40.0,24.44,24.50,24.08,24.20,35780391
39.0,24.64,24.89,24.41,24.59,35852823
36.0,24.38,24.70,24.25,24.66,39115841
35.0,24.30,24.57,24.17,24.53,31540614
34.0,24.54,24.74,24.34,24.42,35716784
33.0,24.60,24.73,24.38,24.58,45128409
32.0,24.11,24.84,24.01,24.69,59859189
365.0,24.10,24.17,23.94,23.94,25210906
364.0,24.01,24.20,24.00,24.18,17203288
363.0,24.03,24.17,24.00,24.10,21897234
362.0,23.89,24.10,23.81,24.08,20191853
358.0,23.80,23.99,23.79,23.96,9900539
357.0,23.79,23.93,23.70,23.78,23857577
356.0,23.63,23.87,23.57,23.75,27145022
355.0,23.52,23.82,23.48,23.64,35589842
352.0,23.13,23.37,23.02,23.33,67228025
351.0,23.46,23.47,23.14,23.18,33439130
350.0,23.57,23.69,23.35,23.45,41819323
349.0,23.81,23.90,23.47,23.48,52394647
348.0,24.01,24.15,23.84,23.84,35444320
345.0,24.04,24.07,23.67,23.77,27739068
344.0,24.00,24.20,23.81,23.94,33704770
343.0,23.78,23.89,23.44,23.86,38453421
342.0,24.02,24.21,23.75,23.81,44130071
341.0,24.11,24.40,24.10,24.21,33098619
338.0,24.08,24.42,23.91,24.16,49539542
337.0,23.98,24.19,23.83,23.83,35485393
336.0,23.84,24.10,23.74,23.87,30990562
335.0,23.43,24.00,23.39,23.92,39947105
364.0,23.31,23.54,23.19,23.40,34349778
361.0,23.10,23.52,23.02,23.38,21773858
359.0,23.76,23.87,23.65,23.74,27084230
358.0,23.83,23.90,23.56,23.74,29988291
357.0,23.69,23.91,23.65,23.90,29301116
354.0,23.50,23.57,23.30,23.46,36322671
353.0,23.87,23.88,23.41,23.68,38106293
352.0,24.01,24.04,23.79,24.00,27236996
351.0,23.92,24.11,23.82,24.09,37209226
350.0,23.77,24.10,23.64,23.87,47598135
347.0,23.51,23.80,23.45,23.71,35803979
346.0,23.74,23.84,23.17,23.40,63814362
345.0,23.73,24.00,23.71,23.92,39237490
344.0,23.70,23.87,23.55,23.65,43081820
343.0,23.93,24.00,23.72,23.99,46894337
340.0,23.71,24.00,23.66,23.82,36619392
339.0,24.05,24.07,23.62,23.93,87742264
338.0,23.31,23.43,23.00,23.29,65580804
337.0,22.82,23.04,22.55,22.91,46384002
336.0,22.87,23.20,22.62,23.00,55071942
333.0,23.46,23.48,22.64,22.81,61218215
332.0,23.11,23.58,23.06,23.52,40057526
331.0,23.37,23.53,22.97,23.02,47534441
330.0,23.72,23.95,23.40,23.54,42703527
329.0,24.15,24.40,23.63,23.70,45681938
326.0,24.52,24.52,24.03,24.17,42528768
325.0,23.90,24.25,23.83,24.18,33914772
324.0,24.12,24.50,23.85,23.96,41883824
323.0,24.37,24.55,23.96,24.11,52460423
322.0,24.13,24.82,23.96,24.25,30644644
319.0,24.10,24.13,23.70,24.02,38028021
318.0,24.25,24.37,24.06,24.37,35860662
317.0,24.26,24.50,24.18,24.38,49212738
316.0,23.58,24.13,23.57,23.89,45600471
315.0,24.07,24.22,23.62,23.78,32801618
312.0,23.64,24.08,23.50,24.03,45654147
311.0,23.83,23.92,23.55,23.67,45906865
310.0,23.48,23.78,23.41,23.61,43260013
309.0,23.16,23.57,23.07,23.35,41395885
308.0,22.91,23.11,22.58,22.94,38749031
305.0,22.86,23.08,22.62,22.67,42038580
304.0,23.35,23.58,23.07,23.09,63043841
303.0,23.55,23.79,22.96,23.54,64480047
302.0,23.62,23.74,23.21,23.30,40230435
301.0,23.29,23.87,23.27,23.61,68947038
298.0,22.57,22.92,22.57,22.62,41075669
297.0,22.84,22.99,22.46,22.65,39005374
296.0,23.52,23.53,22.75,22.80,65549537
295.0,23.71,23.72,23.30,23.41,34928475
294.0,23.20,23.85,23.18,23.63,51081211
291.0,23.50,23.61,23.24,23.40,53797478
290.0,23.22,23.49,23.16,23.39,40431630
289.0,23.07,23.45,23.00,23.36,53658457
288.0,22.83,23.19,22.66,22.98,50926889
287.0,22.85,22.99,22.61,22.79,60622743
284.0,22.92,23.13,22.61,23.09,53498121
283.0,22.15,23.05,22.01,23.01,76624178
282.0,21.97,22.52,21.96,22.23,45121195
281.0,22.00,22.21,21.79,21.92,39951465
277.0,21.59,21.96,21.40,21.84,28952320
276.0,21.73,21.90,21.34,21.49,33835239
275.0,21.09,21.73,21.07,21.55,40254299
274.0,21.46,21.87,21.08,21.17,48754043
273.0,21.74,21.84,21.51,21.60,31409836
270.0,22.15,22.35,21.80,22.00,35945809
269.0,21.67,21.91,21.47,21.88,30293756
268.0,21.91,22.00,21.81,21.93,33585013
267.0,22.16,22.25,21.85,22.00,28409753
266.0,22.22,22.64,21.93,22.06,52702738
263.0,22.08,22.27,21.77,22.19,56593433
262.0,21.25,21.96,21.20,21.89,55777105
261.0,20.76,21.44,20.74,21.24,39237165
260.0,20.82,21.15,20.79,21.01,33340937
259.0,20.94,20.96,20.68,20.73,32440102
256.0,21.47,21.55,21.00,21.31,35178631
255.0,21.54,21.65,21.34,21.51,38935602
254.0,21.23,21.61,21.18,21.43,49475202
253.0,21.47,21.53,21.06,21.17,53628274
252.0,21.98,22.12,21.50,21.64,46640039
249.0,22.49,22.74,22.15,22.19,46924767
248.0,22.04,22.41,21.68,22.31,83321940
247.0,22.55,22.57,22.01,22.17,79003196
246.0,22.45,22.55,22.19,22.44,55890023
245.0,22.21,22.61,22.19,22.57,61219731
243.0,21.94,22.18,21.85,22.01,41674379
242.0,21.98,22.40,21.84,21.98,52888965
241.0,21.80,21.87,21.50,21.72,33626743
240.0,21.62,21.99,21.37,21.93,40081691
239.0,21.85,21.95,21.67,21.84,31608064
236.0,21.48,21.97,21.42,21.88,40640018
235.0,21.44,22.07,21.28,21.90,62820665
234.0,21.44,21.83,21.27,21.45,52608661
233.0,21.27,21.59,20.88,21.59,72575041
232.0,20.82,21.27,20.80,21.15,78891886
229.0,20.18,20.58,19.98,20.51,69179972
228.0,19.74,20.20,19.71,20.12,57779333
227.0,19.32,19.88,19.16,19.81,87952328
226.0,18.43,18.94,18.43,18.73,46985796
225.0,18.41,18.58,17.92,18.57,62382429
222.0,18.08,18.45,18.02,18.34,46642839
221.0,18.27,18.51,18.06,18.17,52949357
220.0,18.25,18.33,17.82,18.13,53555533
219.0,18.54,18.62,18.19,18.24,41560357
218.0,18.32,18.70,18.30,18.53,35302300
214.0,18.67,18.73,18.45,18.50,41562541
213.0,18.84,19.10,18.76,18.80,36649954
211.0,18.94,19.07,18.53,18.65,53796486
210.0,19.00,19.05,18.79,18.99,49234504
207.0,18.92,19.16,18.85,18.91,47178080
206.0,18.59,19.19,18.50,19.03,43536908
205.0,18.74,19.00,18.52,18.61,47142283
204.0,18.43,18.71,18.25,18.57,42678110
203.0,18.75,18.80,18.35,18.41,46186450
200.0,19.18,19.20,18.80,18.92,71703553
199.0,19.23,19.29,18.92,18.99,37569822
198.0,19.04,19.49,18.97,19.20,48812257
197.0,19.42,19.48,19.03,19.08,45361326
196.0,19.68,19.70,19.10,19.36,47975950
193.0,19.93,20.00,19.63,19.91,41372311
192.0,19.93,20.35,19.90,20.10,44784698
191.0,20.19,20.24,19.60,19.95,58391441
190.0,19.95,20.20,19.68,20.08,49764170
189.0,19.74,20.06,19.53,19.87,42854962
186.0,19.94,20.02,19.52,19.87,86048235
185.0,19.46,19.81,19.30,19.67,40588573
184.0,19.55,19.61,19.10,19.36,55122869
183.0,19.57,19.86,19.41,19.61,53783622
182.0,19.15,19.77,19.01,19.50,103321405
179.0,18.54,18.60,18.09,18.50,61034747
178.0,18.35,18.66,18.06,18.51,53072710
177.0,18.41,18.71,18.11,18.22,40025403
176.0,17.66,18.67,17.61,18.49,48660341
172.0,18.09,18.15,17.66,17.90,33247857
171.0,18.43,18.50,17.85,18.10,63317389
170.0,19.02,19.06,18.46,18.60,49039766
169.0,18.71,19.35,18.64,18.88,53827481
168.0,18.14,18.81,18.06,18.72,67491222
165.0,18.14,18.21,17.77,17.92,72110052
164.0,18.07,18.29,18.05,18.09,43087893
163.0,18.49,18.60,18.03,18.05,50714941
162.0,18.67,18.82,18.55,18.72,39761786
161.0,18.45,18.83,18.27,18.61,44324800
158.0,19.00,19.22,18.55,18.73,65450933
157.0,20.00,20.00,18.60,18.95,92373283
156.0,19.76,19.85,19.03,19.61,93198816
155.0,19.50,19.63,19.28,19.63,46395411
154.0,19.82,19.87,19.26,19.50,63902242
151.0,19.24,19.78,19.06,19.58,40342351
150.0,19.69,19.93,19.10,19.32,60350794
149.0,18.83,19.53,18.73,19.25,48502092
148.0,18.30,18.96,18.15,18.67,47826175
147.0,18.10,18.59,18.01,18.37,42312865
144.0,18.12,18.50,17.97,18.42,55667021
143.0,17.52,17.64,17.13,17.62,44000231
142.0,17.45,18.02,17.43,17.44,54731375
141.0,17.20,17.79,17.14,17.69,45752146
140.0,17.71,17.79,17.20,17.31,55170924
137.0,18.10,18.17,17.83,17.99,55985073
136.0,17.82,18.18,17.65,18.08,51388170
135.0,17.75,18.00,17.34,17.56,51890519
134.0,17.80,18.18,17.61,17.93,42821461
133.0,17.85,18.05,17.76,17.89,33973122
129.0,17.67,18.08,17.58,17.82,53098137
128.0,17.29,17.33,16.94,17.13,45389036
127.0,17.20,17.25,16.58,16.85,59902590
126.0,17.56,17.64,17.07,17.53,63363139
123.0,18.30,18.54,17.95,18.16,59474243
122.0,17.83,18.61,17.79,18.14,88346092
121.0,16.51,17.54,16.30,17.46,73415210
120.0,16.53,17.01,16.37,16.77,59050133
119.0,16.57,16.57,16.08,16.31,45060454
116.0,17.00,17.17,16.85,16.95,37833604
115.0,16.80,17.39,16.76,17.31,58051616
114.0,16.50,17.05,16.28,16.57,64207766
113.0,16.70,17.04,16.58,16.68,44614408
112.0,16.31,17.00,15.90,16.98,64336343
109.0,16.37,16.57,15.75,15.91,66078961
108.0,16.68,16.68,16.06,16.23,56673233
107.0,16.03,16.94,16.02,16.50,85030630
106.0,15.72,16.15,15.57,16.14,52248877
105.0,15.79,15.88,15.35,15.45,50267705
102.0,15.46,15.69,15.25,15.51,43124501
101.0,15.00,15.51,14.77,15.51,49618488
100.0,14.79,15.20,14.52,15.02,55007392
99.0,14.04,14.79,13.92,14.64,71743253
98.0,14.00,14.43,13.61,13.62,78305971
95.0,14.58,14.93,13.98,14.18,113692164
94.0,14.94,15.09,14.51,14.55,67034454
93.0,14.64,15.52,14.63,15.25,69582246
92.0,14.49,14.73,14.36,14.39,62326519
91.0,14.33,14.78,14.27,14.32,59924533
86.0,14.30,14.82,14.30,14.57,76737766
85.0,15.05,15.21,14.49,14.49,51015815
84.0,14.92,15.13,14.37,14.77,56286282
83.0,14.39,15.05,14.38,14.99,55486802
82.0,15.20,15.35,14.31,14.36,51689452
79.0,14.96,15.34,14.88,15.08,59382991
78.0,15.46,15.52,15.01,15.04,42983526
77.0,15.45,15.73,15.15,15.37,40633586
76.0,15.68,15.76,15.28,15.29,47981089
72.0,16.20,16.46,15.95,16.10,43643260
71.0,15.97,16.22,15.63,16.20,57651617
70.0,16.18,16.27,15.85,16.17,46280125
69.0,16.59,16.93,15.92,16.05,69148864
68.0,16.99,17.05,16.62,16.85,37633485
65.0,16.42,17.09,16.21,17.04,62909898
64.0,15.54,16.65,15.45,16.35,115570196
63.0,15.72,16.16,15.38,15.84,95750520
62.0,15.48,15.75,15.01,15.62,65941509
61.0,14.86,15.46,14.83,15.31,55291653
58.0,15.91,16.09,14.91,14.97,75295497
57.0,16.70,16.70,15.80,15.93,53240926
56.0,17.06,17.19,16.69,16.88,60150939
55.0,16.43,17.00,16.29,16.73,50351536
54.0,15.85,16.50,15.78,16.30,44640243
51.0,15.04,16.02,15.00,15.89,56556867
50.0,15.38,15.59,15.00,15.37,56676908
49.0,15.32,15.76,15.05,15.70,56241601
48.0,15.81,15.93,15.01,15.01,57814652
44.0,16.22,16.33,15.50,15.82,66935323
43.0,15.62,15.95,15.19,15.81,61826648
42.0,16.10,16.22,15.60,15.74,50175827
41.0,16.29,16.54,16.11,16.45,51936878
40.0,16.68,16.78,16.03,16.40,54975603
37.0,17.24,17.26,16.61,16.70,68240432
36.0,17.23,17.57,17.00,17.54,46489622
35.0,17.37,17.58,17.11,17.32,50263537
34.0,17.33,17.98,17.26,17.79,58276394
33.0,16.85,17.30,16.75,17.11,45480551
30.0,16.41,17.00,16.25,16.96,40983122
