323.0,81.95,81.95,80.45,81.21,9188325
322.0,81.53,82.47,80.51,81.59,15565183
321.0,80.26,80.84,79.76,80.01,7181878
320.0,80.00,80.71,79.56,80.24,7041810
319.0,81.13,81.21,79.55,79.95,7377562
316.0,81.27,81.58,80.65,81.17,5682947
315.0,82.57,82.82,81.02,81.30,6763601
314.0,83.06,83.29,82.31,82.57,6770178
313.0,81.90,83.06,81.86,83.04,5750138
312.0,82.36,82.76,81.56,81.98,3959787
309.0,82.94,83.22,81.95,82.14,5797031
308.0,82.22,83.53,82.13,83.51,6717111
307.0,83.23,83.26,82.07,82.42,6711405
306.0,83.50,84.23,82.13,83.19,6513179
305.0,81.21,83.63,81.18,83.52,9805354
302.0,81.20,81.96,79.31,81.02,13301278
301.0,83.51,83.60,79.21,80.91,17739851
300.0,83.98,84.55,83.46,83.86,6800751
299.0,83.67,84.73,83.55,83.76,7900004
298.0,83.41,84.28,82.86,83.61,8473407
295.0,82.47,83.37,82.01,83.27,5654657
294.0,82.73,83.41,82.23,82.62,6194703
293.0,82.36,82.90,81.84,82.64,6355125
292.0,83.39,83.39,82.13,82.29,6310482
291.0,82.53,83.50,81.54,82.97,7886494
288.0,82.79,83.50,82.30,82.36,12401948
287.0,83.14,83.14,81.57,82.29,9605350
286.0,84.50,84.51,83.37,83.68,7594819
285.0,84.15,84.75,83.80,84.51,8907882
284.0,85.68,86.00,84.14,84.52,10125177
281.0,85.29,86.27,84.90,85.10,11611092
280.0,83.12,85.62,82.90,85.47,13147848
279.0,82.85,83.43,82.51,82.95,10694595
278.0,83.24,83.62,81.35,82.56,13738483
274.0,83.36,84.10,82.25,83.75,14311629
273.0,81.50,84.13,81.47,83.71,30895655
272.0,75.82,81.44,75.74,81.23,35927090
271.0,74.29,75.80,74.22,75.74,10688590
270.0,74.90,75.94,74.20,74.69,18800009
267.0,74.23,74.43,73.69,73.79,3729031
266.0,73.81,74.30,73.65,74.02,4929321
265.0,73.27,74.20,73.06,73.74,6499314
264.0,72.66,73.76,72.65,73.34,4729252
263.0,72.08,72.96,72.08,72.60,5531782
260.0,72.32,72.63,71.84,72.11,6052601
259.0,73.09,73.41,72.28,72.34,9065427
258.0,73.19,73.77,73.12,73.35,5237298
257.0,73.00,73.38,72.73,73.12,5212091
256.0,72.87,73.12,72.56,72.81,4952756
253.0,72.52,72.68,71.82,72.40,7029745
252.0,73.52,73.78,72.53,72.70,8812963
251.0,72.83,74.68,72.83,73.90,12054582
250.0,73.42,73.67,72.81,73.27,7943896
249.0,72.80,73.50,72.28,73.44,7556523
246.0,73.73,73.76,72.58,73.16,14960878
245.0,75.77,76.00,74.30,74.37,11161061
244.0,75.54,75.90,75.17,75.84,7086183
243.0,76.35,76.36,75.52,75.70,7296609
243.0,76.00,76.49,75.83,76.09,7994072
240.0,75.01,76.03,74.75,75.94,8954646
239.0,75.43,75.99,74.45,74.96,13870979
238.0,74.10,74.27,73.62,74.19,10695344
237.0,74.72,75.29,73.62,73.74,9061164
236.0,73.70,74.42,73.19,74.39,8943242
233.0,73.32,74.41,73.28,73.76,8874021
232.0,72.86,73.74,72.77,73.42,9271390
231.0,72.00,72.74,71.77,72.72,8312410
230.0,71.30,71.73,70.72,71.69,6096667
229.0,70.58,71.86,70.40,71.15,7612423
226.0,70.74,71.03,70.42,70.57,5234624
225.0,69.99,70.98,69.52,70.58,7533925
224.0,69.77,70.13,69.60,69.80,5585245
223.0,68.99,69.50,68.61,69.35,6442685
222.0,69.24,69.74,69.12,69.29,6485909
219.0,69.69,69.69,68.54,69.25,6535797
218.0,70.66,70.74,69.19,69.48,7989034
217.0,70.83,71.28,70.16,70.86,7219556
215.0,71.11,71.60,70.56,70.70,3453349
211.0,71.56,71.64,70.32,70.78,6727125
210.0,72.00,72.17,70.02,70.86,11437399
209.0,70.97,72.09,70.83,71.92,10606185
208.0,71.40,71.90,70.64,70.65,10768678
207.0,71.25,71.76,70.72,71.24,14129108
204.0,71.24,71.37,69.84,70.52,22911223
203.0,68.32,71.44,68.29,70.48,28962895
202.0,65.82,67.69,65.61,67.50,13981339
201.0,64.89,66.00,64.02,65.59,13114602
200.0,64.23,64.98,64.08,64.82,7900091
197.0,64.79,64.84,63.76,64.12,10246580
196.0,64.71,65.16,64.10,64.81,6858063
195.0,64.92,65.36,64.54,64.99,6795699
194.0,65.61,65.65,65.01,65.15,8185266
193.0,64.60,66.70,64.55,65.43,10459196
190.0,64.11,64.94,63.95,64.70,9338911
189.0,64.16,64.58,64.06,64.12,8744915
188.0,65.03,65.17,64.20,64.32,7790401
187.0,65.19,65.38,64.64,64.85,7282818
186.0,65.59,65.79,65.04,65.48,6184771
183.0,64.90,65.55,64.76,65.40,6459346
182.0,65.01,65.71,64.51,64.62,9316328
181.0,64.47,64.92,64.18,64.89,9190184
180.0,64.47,64.77,64.30,64.49,6979904
176.0,64.37,64.75,64.31,64.50,4021883
175.0,64.50,64.83,64.21,64.56,5659024
174.0,64.73,64.79,64.23,64.31,5993126
173.0,64.36,64.80,64.30,64.69,5094633
172.0,64.24,64.64,64.12,64.36,7162917
169.0,64.38,64.80,64.08,64.23,8429358
168.0,64.45,64.67,63.88,64.43,7925979
167.0,65.37,65.62,64.46,64.51,8976053
166.0,65.74,66.03,65.48,65.72,5960979
165.0,66.08,66.17,65.73,65.95,6202813
162.0,66.87,66.90,65.74,66.06,8091201
161.0,66.77,66.84,66.06,66.71,8055549
160.0,67.69,67.80,66.71,66.92,7190500
159.0,67.22,67.75,67.10,67.61,5557392
158.0,67.78,67.82,67.08,67.21,7126917
155.0,68.10,68.45,67.51,67.80,5788814
154.0,67.42,68.57,67.33,68.08,8702934
153.0,67.11,67.58,66.27,67.21,13591221
152.0,68.29,69.16,68.16,68.59,12987185
151.0,68.54,68.81,68.05,68.11,5372585
148.0,68.83,68.96,68.24,68.55,6257542
147.0,68.17,68.76,68.05,68.58,6734653
146.0,67.41,68.60,67.27,68.22,15156261
145.0,66.60,67.53,66.56,67.12,9007022
144.0,66.49,66.49,65.71,66.25,9117141
141.0,66.54,66.68,65.75,65.93,7241809
140.0,66.36,66.67,66.16,66.50,6380448
139.0,66.19,66.40,65.89,66.28,5343052
138.0,66.59,66.87,65.70,66.06,7358074
137.0,66.81,67.15,66.60,66.70,5684319
133.0,66.18,66.82,66.09,66.51,6098366
132.0,66.33,66.37,65.79,66.22,7819118
131.0,66.43,66.53,65.82,66.02,7329370
130.0,66.56,67.24,66.39,66.42,6549610
127.0,66.42,66.84,66.27,66.58,7618920
126.0,66.43,66.80,66.23,66.48,8716029
125.0,66.98,67.12,66.40,66.47,7113649
124.0,67.04,67.14,66.65,66.98,5895010
123.0,67.85,68.02,66.75,67.10,8446719
120.0,67.37,68.33,67.37,67.92,8876466
119.0,67.36,67.78,67.10,67.53,5198714
118.0,67.10,67.56,66.91,67.26,7224725
117.0,67.45,67.48,66.80,67.10,8509127
116.0,67.11,67.82,66.97,67.50,5455289
113.0,67.57,67.87,67.20,67.51,6037791
112.0,67.61,67.92,67.26,67.49,6174908
111.0,67.80,68.05,67.50,67.83,5402777
110.0,68.80,69.08,67.43,67.74,8691531
109.0,68.94,69.21,68.64,68.71,6287436
106.0,68.76,69.88,68.25,69.06,18240956
105.0,68.74,68.78,68.21,68.54,6854991
104.0,67.97,68.78,67.61,68.47,8312632
103.0,67.41,68.10,67.40,67.77,6109500
102.0,68.32,68.35,67.53,68.10,8493496
99.0,68.57,68.61,67.45,68.19,14480510
98.0,69.21,69.25,67.81,68.39,13597006
97.0,69.02,70.00,68.88,69.70,7379483
96.0,69.59,69.96,68.78,69.02,9044155
95.0,70.56,70.60,69.70,70.12,7335858
92.0,70.67,70.81,70.22,70.74,6626058
91.0,70.00,70.89,70.00,70.53,8672850
90.0,70.82,70.99,70.02,70.19,9629398
87.0,70.37,70.94,70.01,70.48,8828777
86.0,69.82,70.54,69.80,70.50,6354158
83.0,69.32,70.07,69.05,69.94,7382357
82.0,68.74,69.52,68.43,69.37,7529059
81.0,69.11,69.73,68.66,68.83,10073355
80.0,70.00,70.00,68.83,69.29,11190406
76.0,70.18,70.79,69.71,69.85,11186926
75.0,70.00,70.67,69.26,70.31,10965471
74.0,67.70,69.98,67.66,69.80,16656620
73.0,68.60,68.67,67.33,67.55,14972621
72.0,66.81,67.78,66.50,67.65,15885076
69.0,65.85,66.78,65.43,66.36,16208423
68.0,66.34,66.79,65.38,65.59,23070617
67.0,67.27,67.27,65.75,66.83,51547414
66.0,72.56,73.30,72.41,73.13,13325377
65.0,72.02,72.67,71.44,72.39,7634966
62.0,72.74,72.75,71.77,72.34,8034271
61.0,72.61,72.83,71.78,72.25,8814249
60.0,72.72,72.88,72.06,72.82,7441835
59.0,71.13,72.58,70.99,72.45,10365481
58.0,71.00,71.67,70.74,71.51,7242500
55.0,71.43,72.17,71.16,71.26,6939722
54.0,71.78,71.85,71.15,71.22,8580128
53.0,70.82,72.34,70.72,71.91,14026510
52.0,70.60,70.98,69.78,70.25,10912814
51.0,70.87,71.29,70.30,70.69,9657611
48.0,71.97,72.00,70.58,71.01,10270332
47.0,71.82,72.25,71.23,71.57,9810909
46.0,72.24,72.47,71.50,72.13,9910026
45.0,72.92,72.92,71.73,71.91,11706566
41.0,73.63,73.78,73.00,73.07,8269090
40.0,73.53,73.68,72.93,73.36,7057690
39.0,75.52,75.55,73.01,73.77,14165686
38.0,76.46,76.50,74.93,75.01,8869808
37.0,75.93,76.09,75.27,75.84,10165306
34.0,76.45,76.50,75.41,75.49,8979989
33.0,76.84,76.85,75.57,76.01,9413125
32.0,74.53,76.98,74.38,76.38,14914161
31.0,72.34,74.23,72.18,74.16,10953724
364.0,72.03,72.26,71.30,71.61,9220862
363.0,72.77,72.85,71.94,72.13,7533582
362.0,73.61,73.70,72.62,72.77,6387643
361.0,73.52,74.80,73.51,73.73,6632942
357.0,73.30,73.89,73.22,73.64,5307649
356.0,73.68,73.75,72.92,73.30,8413820
355.0,74.03,74.83,73.56,73.96,7018656
354.0,74.51,74.63,73.43,74.05,8451975
353.0,73.61,75.30,73.55,74.40,8212233
350.0,74.43,74.96,73.94,74.10,14437460
349.0,75.80,75.99,74.91,75.55,9448767
348.0,74.86,76.32,74.86,75.71,11822755
347.0,73.41,75.87,73.40,74.84,12692969
346.0,72.56,73.68,72.13,73.47,9475901
343.0,72.34,73.13,71.95,72.70,9936284
342.0,72.46,72.60,70.83,72.02,12333522
341.0,71.78,72.90,71.55,72.78,13061031
340.0,72.67,72.67,71.95,72.47,8723896
339.0,72.79,72.97,71.93,72.36,9985859
336.0,73.04,73.60,72.16,72.42,9227901
335.0,73.97,74.03,72.72,72.84,8270187
364.0,75.00,75.08,73.59,73.70,10627256
363.0,74.69,75.40,74.29,74.87,7160662
362.0,75.30,75.44,74.22,74.54,9338882
359.0,75.47,75.55,74.87,75.44,3068606
357.0,73.84,75.35,73.76,75.30,6849189
356.0,75.06,75.44,74.02,74.46,6019644
355.0,74.66,75.19,74.45,74.98,6810556
352.0,75.59,75.74,74.25,74.62,8194306
351.0,75.72,76.02,74.85,75.58,9413492
350.0,76.08,76.88,75.57,76.00,8414999
349.0,77.03,77.11,75.00,76.35,8560108
348.0,77.04,77.12,76.07,76.75,8832802
345.0,77.48,77.51,75.29,76.42,12949556
344.0,79.66,80.00,76.94,77.84,16651836
343.0,76.80,80.00,76.75,78.47,26693678
342.0,73.93,74.66,73.28,74.04,7449578
341.0,73.48,74.71,73.05,74.00,9513489
338.0,71.52,73.29,71.39,72.43,11779549
337.0,72.33,72.93,71.68,71.76,9286221
336.0,74.00,74.35,72.45,72.51,14619961
335.0,73.63,74.29,73.06,74.07,10741636
334.0,74.09,74.44,73.55,73.63,8457021
331.0,74.75,74.78,73.23,73.88,13159961
330.0,75.93,76.36,75.64,75.83,9596438
329.0,74.51,75.80,74.26,75.38,8332957
328.0,74.04,74.68,73.91,74.41,6140797
327.0,74.51,74.78,73.74,74.15,7404026
324.0,74.10,74.94,73.78,74.29,8256474
323.0,73.14,74.81,73.10,74.31,10351438
322.0,73.50,73.92,73.31,73.34,6326426
321.0,73.40,73.83,72.91,73.41,6353498
320.0,72.54,73.46,72.31,72.64,8181411
317.0,73.27,73.50,72.73,72.75,7359055
316.0,72.29,73.93,72.21,73.06,10586082
315.0,74.18,74.20,72.92,73.03,10014543
314.0,75.14,75.28,73.56,73.82,11909999
313.0,75.50,75.97,75.26,75.49,7161123
310.0,76.45,76.48,74.92,75.24,11149150
309.0,77.38,77.76,76.08,76.21,10168169
308.0,77.35,78.00,77.20,77.57,7910212
307.0,77.60,78.42,77.12,77.24,8219372
306.0,78.63,78.97,77.25,78.03,10626220
303.0,78.06,79.63,78.05,79.12,11031540
302.0,79.16,79.34,77.75,77.86,7618560
301.0,79.12,79.50,78.51,78.97,6854065
300.0,79.32,79.90,78.64,79.25,13214277
299.0,81.00,81.13,79.92,80.62,9036049
296.0,81.55,82.00,81.22,81.37,7534538
295.0,81.97,82.00,80.90,81.52,8213760
294.0,82.03,82.05,80.66,81.70,13628830
293.0,79.64,82.07,79.63,81.78,17560698
292.0,78.92,79.51,78.81,78.99,7234173
289.0,78.85,79.19,78.41,78.80,10307872
288.0,77.75,79.20,77.27,78.84,10138588
287.0,77.94,78.40,77.44,77.62,8323298
286.0,78.66,78.66,77.50,78.06,9389637
285.0,77.69,79.03,77.69,78.85,8896126
282.0,78.46,79.00,78.05,78.05,10415211
281.0,78.33,79.14,77.60,78.99,8549621
280.0,78.38,78.80,77.92,78.22,8232697
279.0,77.78,78.29,77.25,77.88,11648436
275.0,77.62,77.76,76.67,76.89,7918357
274.0,78.43,78.46,76.94,77.42,12403880
273.0,77.74,78.60,77.58,78.38,9758501
272.0,78.05,78.39,77.66,77.92,9174195
271.0,79.65,79.70,77.63,78.17,15383507
268.0,80.11,80.33,79.27,79.77,8928026
267.0,80.45,81.00,79.30,80.08,9220130
266.0,81.47,82.10,80.18,80.50,9699633
265.0,81.46,81.64,81.02,81.47,8279443
264.0,80.89,81.53,80.60,80.92,7521994
261.0,80.56,81.18,80.23,81.00,8227939
260.0,80.87,81.27,80.18,80.59,8994390
259.0,79.46,80.87,79.30,80.70,10583799
258.0,79.57,79.80,79.24,79.25,7969868
257.0,79.88,80.09,79.43,79.65,7464775
254.0,79.34,79.77,78.87,79.66,8433980
253.0,79.15,79.98,78.80,79.57,8454708
252.0,79.43,79.59,78.45,78.90,12022219
251.0,79.86,79.90,79.01,79.33,9578220
250.0,80.46,80.79,79.01,79.74,9511596
247.0,80.20,80.66,79.86,80.41,10692338
246.0,80.21,80.63,79.55,79.77,9738262
245.0,79.72,80.17,79.11,80.09,10868088
244.0,80.98,81.19,79.45,79.57,13408193
243.0,79.81,81.21,79.51,80.46,14758005
241.0,80.60,80.84,79.37,79.47,19465672
240.0,81.95,81.98,80.62,81.24,13010978
239.0,81.34,81.98,81.06,81.79,14103755
238.0,84.05,84.15,80.51,81.05,47371895
237.0,86.57,88.85,86.28,88.55,15718506
234.0,87.32,87.44,86.32,86.55,7374693
233.0,87.16,87.83,86.30,87.24,9453443
232.0,85.46,87.12,85.10,86.66,9055877
231.0,86.50,86.96,85.28,85.44,9832808
230.0,86.94,87.34,86.47,86.93,6788252
227.0,85.67,87.96,85.54,86.67,11483309
226.0,86.43,86.51,85.27,85.54,8104351
225.0,86.71,87.08,85.72,85.75,8334368
224.0,86.82,87.31,86.48,86.63,7857677
223.0,86.56,87.23,86.09,86.25,7453859
220.0,85.96,86.94,85.73,86.55,7628762
219.0,85.90,86.26,84.77,85.47,6764476
218.0,83.64,85.91,83.33,85.73,9683817
217.0,84.68,85.16,83.51,83.89,7621720
213.0,83.15,85.30,82.75,84.86,8336302
211.0,82.27,83.42,81.53,83.42,9706528
210.0,83.39,83.46,81.75,82.27,10452557
209.0,79.67,82.42,79.45,82.31,14751026
208.0,79.90,80.47,77.92,78.25,11816137
205.0,81.17,82.25,80.22,80.47,12438024
204.0,83.29,83.58,82.54,83.37,5843954
203.0,81.56,83.79,81.56,82.45,10069576
202.0,83.35,83.44,81.43,81.79,8411995
201.0,83.26,84.12,82.90,82.99,6951779
198.0,83.68,84.17,82.53,82.65,15951268
197.0,82.78,83.70,82.23,83.51,6172209
196.0,84.05,84.44,82.97,83.04,7416070
195.0,83.50,84.56,82.77,83.57,7488663
194.0,84.03,84.81,83.90,83.98,8194059
191.0,84.98,85.17,84.08,84.45,8075179
190.0,86.92,87.25,85.65,85.77,8083739
189.0,87.52,88.09,86.82,87.42,7331613
188.0,87.54,88.24,86.90,87.50,7923780
187.0,86.17,87.87,86.10,87.60,8596714
184.0,86.85,86.98,85.55,86.15,7443788
183.0,86.69,87.07,85.86,86.72,7281063
182.0,87.23,87.30,86.31,86.58,7451798
181.0,86.40,87.23,86.05,87.06,12517839
177.0,85.82,86.02,85.20,85.82,6122890
176.0,86.44,86.50,85.05,85.29,7983540
175.0,86.80,87.00,85.70,86.51,11621385
174.0,83.78,86.44,83.71,86.22,13139610
173.0,83.02,84.03,82.25,83.33,7755440
170.0,82.17,83.08,82.07,82.64,7927516
169.0,82.31,82.59,81.28,82.14,9243876
168.0,82.74,83.44,82.33,82.88,7475103
167.0,83.50,83.74,82.45,82.76,8364388
166.0,82.70,83.83,82.50,83.61,6490416
163.0,82.66,83.87,82.41,82.70,8303061
162.0,84.10,84.30,81.70,82.76,12057183
161.0,86.39,86.40,83.81,83.90,8387159
160.0,86.41,86.48,84.89,86.18,6824648
159.0,84.99,86.46,84.70,85.67,8451565
156.0,85.67,85.84,84.04,84.68,9249866
155.0,86.35,86.40,85.20,85.86,8018635
154.0,86.66,86.99,85.41,85.60,12058238
153.0,88.67,89.12,87.00,87.17,9751508
152.0,88.70,89.45,86.75,89.00,13472066
149.0,91.19,92.53,87.80,88.21,33471416
148.0,100.41,100.75,96.80,97.00,15043474
147.0,101.30,101.78,100.15,100.72,8560962
146.0,102.02,103.10,101.01,101.33,9298982
145.0,101.84,102.38,101.50,102.29,8278253
142.0,101.56,102.45,100.50,101.93,10227016
141.0,99.90,101.84,99.90,101.74,8981491
140.0,99.35,100.96,99.35,100.11,8856476
139.0,99.76,100.73,99.24,99.44,9780079
138.0,98.17,99.73,98.11,99.20,8059457
135.0,98.53,98.98,97.62,98.29,8899790
134.0,97.01,98.77,96.90,98.19,8737235
133.0,97.84,97.97,96.65,97.19,9293787
132.0,96.00,97.40,95.50,97.24,9186222
131.0,96.41,97.05,95.74,95.83,8733374
128.0,96.21,97.45,95.58,96.09,9656805
127.0,97.21,97.63,95.09,95.57,13214449
126.0,95.49,97.50,95.48,97.44,10990222
125.0,93.55,96.69,93.50,95.57,11804735
124.0,94.35,95.00,93.75,94.24,8779152
121.0,91.34,94.38,91.04,94.12,11393749
120.0,91.90,92.75,91.54,91.86,13634995
119.0,92.47,93.57,91.56,91.97,8108360
118.0,92.19,92.24,90.61,92.20,8608288
117.0,92.07,94.31,91.94,92.46,9590369
113.0,89.61,92.82,89.44,91.32,14335403
112.0,90.96,92.22,89.97,90.08,13693611
111.0,92.14,93.96,92.05,93.72,9636622
110.0,90.00,93.01,90.00,92.67,9756436
107.0,90.02,90.73,89.54,90.27,16794188
106.0,89.79,90.37,88.81,89.53,10526466
105.0,88.96,90.88,88.91,90.28,8794809
104.0,89.92,90.07,89.03,89.44,10265118
103.0,90.00,91.21,89.34,90.46,10984129
100.0,89.97,89.98,88.80,89.65,10517433
99.0,88.30,89.90,87.82,88.64,10880682
98.0,88.94,89.25,87.43,87.83,10388814
97.0,89.65,90.40,88.35,88.66,10970679
96.0,87.11,90.04,86.88,89.65,13100610
93.0,88.30,89.10,86.85,87.21,21168265
92.0,89.13,89.31,87.48,87.83,12366400
91.0,89.60,89.68,87.96,88.80,10522687
90.0,87.90,89.72,87.30,89.69,11698465
88.0,87.87,89.14,87.25,87.25,12571556
85.0,90.61,90.92,87.89,88.10,13246459
84.0,90.00,90.49,89.55,90.16,9129100
83.0,87.41,89.54,86.79,89.36,8300107
82.0,89.10,89.40,87.90,88.35,8338139
81.0,88.35,89.50,88.05,89.10,9699840
78.0,88.20,88.98,87.12,87.44,12870825
77.0,89.60,90.95,88.93,88.99,11312502
76.0,91.09,91.50,88.66,89.36,22648432
75.0,90.72,91.28,89.89,91.15,12101509
71.0,88.66,89.88,86.68,89.44,11248406
70.0,86.50,88.45,86.01,87.36,12950962
69.0,88.69,89.85,87.54,87.80,13450170
68.0,84.20,88.48,84.10,87.25,14154322
67.0,84.19,86.65,83.86,85.26,18990026
64.0,86.68,88.02,84.45,85.14,15584508
63.0,86.02,87.45,85.61,86.68,14494802
62.0,84.91,86.99,83.87,86.39,24471579
61.0,84.18,84.22,81.89,82.70,16504629
60.0,82.32,84.52,82.28,84.05,17845071
57.0,84.28,85.30,82.33,83.00,36738490
56.0,90.00,90.22,86.86,87.53,14115852
55.0,91.84,92.10,89.00,89.63,12421543
54.0,90.72,92.83,90.25,92.21,6860432
53.0,91.53,93.54,90.43,90.61,10103621
50.0,90.40,92.07,89.71,91.83,9116923
49.0,90.37,90.60,88.71,88.87,12121181
48.0,88.00,91.83,86.28,90.55,19654598
47.0,93.14,93.22,88.85,89.90,14243329
43.0,90.37,92.78,89.68,91.84,17585342
42.0,92.72,94.88,90.79,93.02,15699821
41.0,97.25,98.03,92.12,92.54,11930022
40.0,96.90,98.49,95.21,97.10,9830086
39.0,97.22,97.22,94.29,96.50,12322488
36.0,96.90,97.99,96.41,96.45,11976034
35.0,98.06,99.00,96.03,96.25,12944608
34.0,97.57,100.68,97.52,100.30,12540672
33.0,99.69,99.85,98.70,99.26,9260812
32.0,99.77,100.00,97.01,98.01,14737167
365.0,102.36,102.42,101.17,101.19,6245176
364.0,102.84,103.05,102.03,102.16,4876271
363.0,102.25,103.55,101.57,103.36,7647283
362.0,103.00,103.31,101.50,101.68,5270907
358.0,103.35,103.90,103.15,103.58,2657160
357.0,103.59,103.59,102.69,103.14,7279937
356.0,102.99,103.54,102.49,102.86,7151171
355.0,102.21,103.26,101.63,102.63,8306474
352.0,101.68,101.99,100.92,101.60,15768517
351.0,104.25,104.79,102.33,102.36,7614392
350.0,103.18,103.49,101.64,103.34,10950294
349.0,101.74,103.00,101.44,101.97,11740330
348.0,99.97,100.93,98.66,100.49,10251316
345.0,101.35,102.46,99.67,100.03,9518903
344.0,102.45,103.06,101.56,102.62,7653265
343.0,103.25,104.33,101.50,101.95,7534864
342.0,102.07,104.07,101.73,103.53,6675558
341.0,104.11,104.15,102.25,102.91,5956098
338.0,101.44,104.16,101.25,104.07,8738290
337.0,104.32,104.59,100.50,101.38,13772369
336.0,105.00,105.57,104.30,104.44,8836282
335.0,106.35,107.38,104.65,105.85,10639798
364.0,108.21,108.31,105.69,105.96,9556017
361.0,108.14,108.63,107.62,108.00,2749185
359.0,106.57,108.07,106.31,107.78,5720514
358.0,105.75,106.80,105.50,106.57,6422049
357.0,106.70,107.65,105.93,106.36,5474570
354.0,107.34,107.97,106.42,106.54,7104196
353.0,108.00,108.05,106.21,106.51,7012430
352.0,104.49,108.22,104.45,108.13,8143505
351.0,104.45,104.89,103.50,104.53,6830801
350.0,102.90,104.00,101.64,103.81,7256943
347.0,104.09,104.18,102.12,102.57,10699087
346.0,106.94,107.10,104.16,104.23,7892557
345.0,108.91,109.23,107.03,107.19,6039252
344.0,108.10,109.37,107.94,108.85,8522923
343.0,108.00,108.53,107.08,108.11,8133246
340.0,107.00,108.34,106.36,108.34,8553301
339.0,107.70,108.39,106.05,107.83,10158999
338.0,109.60,109.73,107.30,108.98,7989023
337.0,109.40,109.54,108.32,109.10,7446234
336.0,108.76,109.95,108.32,109.60,8266497
333.0,109.52,109.86,108.08,108.13,8496263
332.0,108.18,110.77,107.69,109.21,10734610
331.0,109.00,109.21,105.94,108.13,17767600
330.0,109.39,111.11,108.69,110.96,15236711
329.0,108.65,110.36,107.44,108.63,10871897
326.0,108.46,109.65,105.50,107.99,14917380
325.0,102.00,109.42,100.40,107.60,24614857
324.0,102.79,102.92,99.37,101.73,9837484
323.0,101.23,103.95,101.13,101.66,10104090
322.0,102.64,103.84,101.84,103.61,7619252
319.0,101.95,103.37,101.51,102.83,9894174
318.0,98.09,101.69,97.60,101.64,9377711
317.0,98.37,99.94,98.11,98.39,9556445
316.0,98.91,99.82,98.00,98.19,9304029
315.0,101.08,101.22,99.38,99.51,8839087
312.0,101.27,101.80,99.45,100.65,8576146
311.0,99.20,101.16,98.07,100.81,11763536
310.0,97.99,100.79,97.50,100.27,12403076
309.0,98.82,98.90,95.05,97.54,14842731
308.0,99.99,101.30,97.66,99.26,14459264
305.0,95.54,98.31,94.37,98.28,19052767
304.0,98.54,98.79,96.35,98.27,13345890
303.0,98.44,99.71,96.92,98.19,15747564
302.0,95.08,97.74,93.19,96.00,18332723
301.0,99.06,99.26,94.57,94.80,23765776
298.0,104.03,104.19,99.19,100.14,15911217
297.0,104.39,105.15,101.51,102.51,13403445
296.0,106.47,106.85,104.70,105.49,7943893
295.0,103.99,107.04,102.86,106.51,14677908
294.0,109.12,109.37,104.59,105.74,15110744
291.0,109.62,110.87,108.21,108.44,13043668
290.0,110.88,113.31,109.75,111.61,9755926
289.0,110.72,111.75,109.48,111.03,8090432
288.0,109.46,111.81,108.85,111.05,7883715
287.0,109.47,109.63,108.40,109.35,7501418
284.0,106.86,109.69,106.25,109.63,9358985
283.0,104.00,108.50,103.87,107.25,10302187
282.0,106.20,106.45,103.54,103.82,7845572
281.0,103.84,104.95,102.91,104.90,9888633
277.0,101.03,103.24,100.55,102.06,10277321
276.0,104.92,105.00,101.69,101.91,9815256
275.0,103.44,104.30,101.02,104.27,11372245
274.0,102.22,104.64,101.00,101.49,13417457
273.0,107.42,108.33,104.63,105.07,11639464
270.0,106.96,108.79,106.78,107.78,10746355
269.0,108.43,109.60,105.67,107.99,14546976
268.0,105.92,107.10,102.46,106.96,15498763
267.0,105.43,107.90,102.56,102.56,18388182
266.0,97.31,106.67,86.00,100.66,25572790
263.0,110.54,111.22,105.33,105.33,22396287
262.0,114.86,116.09,112.35,112.39,9113198
261.0,116.65,117.20,115.40,116.21,7504793
260.0,116.53,117.70,115.99,117.06,5933975
259.0,115.08,116.89,115.01,116.42,7126704
256.0,114.66,115.87,114.55,115.60,5533394
255.0,116.25,116.71,115.18,115.20,6337354
254.0,114.85,116.46,113.55,116.25,7011858
253.0,115.12,116.85,114.68,115.61,6567651
252.0,115.73,117.12,115.51,116.58,7776169
249.0,115.28,115.30,113.13,114.44,9670151
248.0,119.45,119.49,114.81,115.30,10755276
247.0,119.70,120.07,118.38,118.66,8070989
246.0,119.60,120.37,118.56,118.87,7876355
245.0,118.50,120.17,118.18,119.60,11659988
243.0,118.97,119.00,117.12,117.86,9217883
242.0,116.11,118.25,114.75,117.90,11977162
241.0,118.38,119.46,115.11,115.71,23144762
240.0,112.52,113.40,110.74,113.07,16439670
239.0,112.63,112.88,108.00,110.54,14883609
236.0,116.14,117.15,112.66,112.83,15067591
235.0,117.86,118.60,117.42,117.66,6110293
234.0,116.82,118.40,116.56,117.44,6977115
233.0,118.21,118.98,116.92,117.78,6489050
232.0,118.80,118.95,117.84,118.20,7218657
229.0,118.75,118.85,117.22,118.26,8170105
228.0,118.33,119.40,118.06,118.85,7514623
227.0,119.06,119.72,117.21,117.39,10479176
226.0,115.22,117.81,114.87,117.36,11295922
225.0,115.00,115.11,114.31,114.55,9632774
222.0,114.88,115.00,113.20,113.74,9703375
221.0,114.40,114.75,113.33,113.36,9007794
220.0,114.25,114.41,112.41,112.94,9238833
219.0,115.95,116.42,113.13,115.13,10182959
218.0,114.46,116.44,114.12,115.66,13543318
214.0,116.33,116.49,114.91,115.04,8831970
213.0,118.11,118.60,115.40,116.01,10248490
211.0,117.29,118.30,116.78,117.08,11345193
210.0,117.88,119.14,115.30,115.46,12491082
207.0,120.30,120.61,118.89,119.50,9730830
206.0,122.48,122.61,119.81,120.23,8574950
205.0,121.89,123.37,121.65,122.01,8354839
204.0,121.82,122.40,121.10,122.21,8429213
203.0,120.77,121.87,120.56,121.49,8040659
200.0,120.47,121.00,119.55,119.80,21019996
199.0,119.18,121.78,119.02,121.21,13652974
198.0,119.09,119.45,117.86,118.88,12078264
197.0,118.27,119.45,117.42,119.07,8447759
196.0,116.72,118.39,116.40,118.16,9605804
193.0,118.59,118.75,116.76,117.66,9266013
192.0,118.08,119.70,117.90,119.13,14474682
191.0,115.02,117.93,114.81,117.67,11985988
190.0,113.22,115.30,113.15,114.75,9566695
189.0,113.96,114.77,113.53,113.70,10742939
186.0,113.82,114.28,112.52,113.96,8435729
185.0,113.90,114.58,113.26,113.93,8637605
184.0,114.27,114.93,113.87,114.65,7413390
183.0,113.85,114.20,113.14,113.94,10189763
182.0,113.17,114.76,112.65,114.08,11417627
179.0,113.15,113.37,111.85,112.27,11343475
178.0,112.01,113.43,111.82,112.85,8252431
177.0,110.34,112.60,109.98,112.46,11721958
176.0,111.49,111.53,109.54,109.77,16006879
172.0,110.70,112.66,110.70,111.71,12079030
171.0,109.90,111.47,109.81,111.22,8373958
170.0,110.09,110.91,108.15,110.17,10335088
169.0,111.12,111.55,110.05,110.56,8676903
168.0,109.59,111.33,109.36,111.00,13715956
165.0,109.05,110.24,108.29,109.30,13419602
164.0,107.27,108.85,106.66,108.74,12761282
163.0,105.97,107.43,105.95,106.39,10814520
162.0,104.21,106.15,103.45,105.56,9552606
161.0,104.19,105.36,104.00,104.73,9956111
158.0,103.00,103.96,102.88,103.85,9651735
157.0,102.17,102.35,99.66,101.79,13878333
156.0,103.45,103.83,101.52,102.27,10065240
155.0,105.30,105.73,102.73,102.99,15046458
154.0,105.65,107.50,105.22,105.66,13215612
151.0,103.20,106.34,102.50,105.01,22306478
150.0,102.15,102.70,99.80,100.51,14009454
149.0,103.12,103.90,101.62,102.32,8932245
148.0,103.12,103.83,101.14,103.72,9793738
147.0,104.18,104.53,102.01,102.94,10829233
144.0,104.64,105.68,103.60,103.70,9734440
143.0,104.64,105.75,104.01,105.20,8071809
142.0,105.24,105.42,103.83,104.18,8267266
141.0,101.42,105.71,100.89,105.20,19722658
140.0,102.28,102.28,100.41,100.66,8752017
137.0,102.35,102.81,100.61,101.38,9896452
136.0,103.95,104.72,103.11,103.34,6670359
135.0,102.39,104.36,102.33,104.03,12899718
134.0,102.34,102.66,101.47,102.21,7224660
133.0,102.01,103.82,102.00,102.28,10648428
130.0,101.75,102.45,101.06,101.77,9257629
129.0,100.17,101.18,99.92,101.16,9178113
128.0,98.70,100.90,98.56,99.87,10967054
127.0,98.28,99.74,98.01,98.69,8264715
126.0,97.92,98.74,97.19,97.79,9697287
122.0,97.98,99.50,97.01,98.43,10727280
121.0,98.16,98.16,95.38,97.72,15134187
120.0,100.01,100.20,98.07,98.13,13559908
119.0,101.12,101.66,99.57,100.69,9968236
116.0,101.00,102.10,100.90,101.00,8815858
115.0,99.13,101.82,98.59,101.08,10927965
114.0,101.99,103.11,99.78,99.86,15629330
113.0,100.49,102.85,100.07,101.41,11784818
112.0,99.78,101.19,99.25,100.26,17983654
109.0,102.01,102.71,101.70,102.29,17162213
108.0,100.29,101.73,100.04,101.44,9231112
107.0,100.28,100.59,98.54,100.28,12992173
106.0,100.80,101.75,99.61,100.44,9906256
105.0,100.00,101.60,99.77,101.30,10524243
102.0,99.59,100.98,98.88,99.61,7810201
101.0,99.63,100.55,98.88,99.93,8356819
100.0,99.13,100.14,98.76,98.97,9006448
99.0,99.87,100.55,98.70,98.83,12728946
98.0,101.54,101.98,100.19,101.37,9335877
95.0,103.00,103.75,101.71,101.81,8658882
94.0,103.43,104.45,102.72,103.42,8650683
93.0,102.09,104.08,101.66,103.06,8884504
92.0,103.84,103.90,102.15,102.79,8348514
91.0,104.30,104.30,102.80,103.83,7672808
86.0,104.28,104.34,102.71,103.53,7939977
85.0,104.30,104.85,103.30,104.19,6698033
84.0,104.84,105.00,103.90,104.43,7270157
83.0,104.59,105.42,104.01,104.70,7830302
82.0,102.96,104.99,102.95,104.51,8926892
79.0,102.42,102.99,101.92,102.61,9965413
78.0,103.40,104.31,102.55,102.73,9203786
77.0,103.76,104.14,103.01,103.94,7459437
76.0,102.06,103.85,101.91,103.84,10789904
72.0,101.26,101.90,100.83,101.90,11084707
71.0,100.62,101.70,99.60,100.80,10659883
70.0,98.63,101.26,98.42,99.98,14529625
69.0,97.75,98.75,97.12,98.32,11495107
68.0,97.01,98.67,96.63,96.90,12668518
65.0,99.73,100.58,97.15,97.48,21546250
64.0,98.92,100.92,97.30,99.90,20641508
63.0,98.93,100.21,95.81,98.43,59415804
62.0,106.71,107.31,104.10,107.18,19849948
61.0,106.10,107.19,104.43,106.19,13965576
58.0,104.33,106.27,103.73,104.83,13608217
57.0,102.50,104.51,101.07,104.18,8410510
56.0,105.32,105.50,102.35,102.45,11554534
55.0,105.94,107.02,104.86,105.03,10341071
54.0,104.87,107.77,104.87,107.11,10307537
51.0,104.40,106.11,103.80,105.54,9593491
50.0,104.14,105.18,101.56,105.14,12963053
49.0,103.04,105.07,102.57,103.58,12312484
48.0,101.14,104.05,100.15,103.78,18838104
44.0,97.42,100.89,97.07,100.71,14097738
43.0,99.30,100.39,97.23,97.40,11442169
42.0,96.00,100.09,95.71,99.26,16183672
41.0,101.85,101.88,95.25,97.21,27030551
40.0,102.84,103.34,100.76,101.21,12745984
37.0,103.52,103.83,101.75,102.21,14738126
36.0,100.80,102.45,100.29,102.30,18902291
35.0,99.31,99.90,98.44,99.48,16373670
34.0,98.47,99.34,96.09,97.65,22363845
33.0,95.24,98.73,93.18,96.78,27530431
30.0,95.14,96.65,94.52,94.91,12340245
365.0,96.00,96.75,94.24,94.26,13878956
364.0,97.74,98.24,95.07,95.28,18488391
363.0,96.07,97.42,95.40,97.30,20633973
360.0,92.76,94.36,92.31,93.79,17649647
358.0,88.98,92.67,88.86,91.29,21205192
357.0,93.41,93.50,85.95,89.45,61035188
356.0,96.73,98.07,92.45,92.90,72464172
353.0,105.89,109.49,104.64,108.45,21210335
352.0,104.48,105.71,103.66,105.54,14285619
351.0,100.47,102.74,99.56,102.40,13557556
350.0,102.64,102.91,100.39,100.46,13047089
349.0,105.24,105.94,102.37,103.16,16215178
346.0,103.47,106.40,103.34,104.13,11245057
345.0,105.23,106.90,104.00,104.31,10977849
344.0,105.89,106.76,104.47,104.84,11902973
343.0,103.81,106.00,102.22,105.90,11330919
342.0,105.05,107.58,104.92,105.56,13754240
339.0,102.29,105.45,102.15,104.59,18127636
338.0,100.77,102.03,99.86,101.82,12087965
337.0,103.04,103.08,99.86,100.88,17620754
336.0,101.17,102.78,101.02,102.19,15568198
335.0,100.00,101.99,99.77,100.55,14516135
362.0,100.99,101.33,99.70,100.32,7552697
360.0,101.25,101.55,99.82,100.30,11539396
359.0,100.95,101.38,98.37,101.11,20640209
358.0,101.11,102.30,99.44,100.60,17111125
355.0,102.21,102.51,100.08,100.58,16764996
354.0,101.95,103.38,100.30,100.59,20027528
353.0,103.20,103.32,101.01,102.34,13864209
352.0,101.69,103.97,100.82,103.71,20166988
351.0,101.10,102.16,100.30,100.44,17100909
348.0,103.50,103.79,100.00,102.06,23553436
347.0,106.96,107.05,103.51,104.20,20880406
346.0,107.76,107.81,105.70,106.90,12802150
345.0,107.48,108.72,106.67,108.01,12209740
344.0,109.07,109.37,106.66,107.02,21412922
341.0,108.90,108.95,106.33,106.45,12663722
340.0,106.94,108.45,106.10,106.94,13149441
339.0,110.87,110.91,105.75,106.05,15459544
338.0,109.62,110.65,108.97,109.72,10206800
337.0,112.31,112.80,108.81,109.98,15356666
334.0,115.90,116.83,110.76,112.00,22070031
333.0,110.72,114.35,110.60,114.22,13796740
332.0,109.85,113.42,108.00,110.72,21151500
331.0,113.25,114.13,112.26,113.45,16128673
330.0,110.77,112.99,108.87,112.59,11505452
327.0,107.53,111.47,106.60,110.71,15130759
326.0,106.64,108.18,105.50,107.18,13872582
325.0,106.51,107.00,104.08,106.09,13763081
324.0,104.05,106.67,103.46,106.67,12267940
323.0,101.15,103.59,100.82,102.21,11892203
320.0,98.62,102.32,98.62,100.75,17538997
319.0,94.39,100.00,93.28,96.88,19883460
318.0,95.00,97.77,91.73,96.16,23835128
317.0,102.00,102.88,94.27,97.18,27249526
316.0,104.49,104.57,101.36,101.44,14578948
313.0,105.39,107.50,103.00,103.73,19713150
312.0,108.42,108.62,105.72,105.85,13181923
311.0,104.30,108.97,104.04,108.87,16544964
310.0,104.85,105.30,102.54,104.29,9759148
309.0,107.22,107.45,104.82,105.13,11278334
306.0,105.55,107.35,104.71,106.52,10296570
305.0,105.00,105.91,103.61,104.56,11530796
304.0,106.99,107.59,105.19,105.59,11659388
303.0,107.48,108.00,105.86,106.45,11622738
302.0,107.59,108.68,106.45,107.51,8072107
299.0,108.90,109.01,106.76,108.38,10863651
298.0,108.92,110.59,106.41,107.34,15402386
297.0,106.25,108.81,106.02,108.71,14781430
296.0,104.71,106.21,104.55,105.39,10703124
295.0,106.01,107.57,104.62,105.47,12319361
292.0,107.75,107.89,105.51,105.96,22238409
291.0,104.63,106.50,104.10,105.93,16347901
290.0,104.57,105.79,101.90,103.84,18455699
289.0,99.85,104.97,99.23,104.76,14933028
288.0,101.90,102.10,99.33,100.99,18163898
285.0,106.17,106.90,102.90,103.66,15854589
284.0,108.00,108.49,105.80,106.39,10471049
283.0,106.20,108.23,105.76,108.22,11249821
282.0,106.90,106.98,104.32,105.89,14085696
281.0,104.95,106.85,104.74,106.53,11930927
278.0,106.40,106.50,97.54,105.36,36078360
277.0,109.81,110.00,106.27,106.86,13764771
276.0,110.00,110.64,108.34,109.43,14395116
275.0,108.17,109.50,107.61,109.36,15275684
271.0,107.90,108.24,106.78,107.56,11324215
270.0,107.00,108.11,106.74,107.51,10307840
269.0,106.55,108.77,105.76,107.41,16171324
268.0,108.06,108.72,104.77,106.27,18799936
267.0,105.11,107.53,105.11,107.45,19882016
264.0,103.02,105.16,102.61,103.96,13258318
263.0,101.00,102.31,100.86,102.27,9799452
262.0,100.71,102.57,100.61,100.79,12592454
261.0,101.43,101.64,99.33,101.28,16307111
260.0,100.44,101.50,100.08,100.72,14757733
257.0,98.42,99.49,97.02,99.49,19714202
256.0,94.58,96.37,94.24,96.36,12344219
255.0,93.50,94.61,93.34,93.98,13033207
254.0,92.70,93.38,92.51,93.36,10589746
253.0,93.14,93.31,92.52,92.92,8583898
250.0,91.84,92.54,90.82,92.45,9829314
249.0,93.55,93.64,91.66,92.05,8814289
248.0,91.50,93.02,91.09,92.79,11017167
247.0,92.25,93.08,91.60,92.27,10252008
246.0,92.00,92.89,91.52,92.18,11039660
243.0,91.00,92.60,90.69,91.50,11993078
243.0,93.00,93.37,91.25,91.55,13437340
242.0,94.30,94.34,93.56,93.79,10763149
241.0,92.10,93.25,91.60,92.99,13996368
240.0,90.10,91.73,89.93,91.46,14071274
237.0,90.68,90.78,88.70,89.84,13067098
236.0,91.56,92.97,89.89,90.54,23546707
235.0,90.10,90.73,89.29,90.34,17694818
234.0,89.32,89.90,88.58,89.33,12306901
233.0,89.80,90.98,88.81,88.86,13822032
230.0,85.73,89.75,85.30,89.19,13241136
229.0,86.40,88.17,84.75,85.07,14948453
228.0,89.40,89.44,85.82,87.00,14268315
227.0,90.03,90.74,88.19,89.00,13757088
226.0,89.13,90.27,88.84,89.85,10733137
223.0,88.90,89.98,88.25,88.73,11270250
222.0,87.18,89.25,86.31,88.94,9521607
221.0,87.25,88.96,87.19,88.68,10397189
220.0,86.84,87.52,86.03,87.11,11727620
219.0,88.06,88.60,86.99,87.21,11476799
215.0,87.70,88.40,87.05,87.90,9126111
214.0,85.55,87.88,85.38,87.10,13957237
213.0,83.37,85.49,83.32,85.29,11599364
211.0,82.85,84.45,82.63,82.91,10885326
208.0,82.22,83.38,81.65,82.94,10399662
207.0,81.90,82.21,80.90,82.18,6921591
206.0,80.86,81.85,80.60,81.80,8665366
205.0,80.95,82.05,80.46,80.81,7276561
204.0,81.27,82.23,80.58,80.80,7484676
201.0,80.14,81.55,79.68,81.20,14042517
200.0,79.47,80.50,78.88,79.78,10967973
199.0,79.85,79.99,78.83,79.47,10436376
198.0,80.73,80.87,79.56,79.79,11142669
197.0,80.87,81.39,80.41,80.77,7356514
194.0,80.68,81.10,79.87,80.72,7696468
193.0,80.80,81.57,80.33,80.58,7080821
192.0,79.36,81.80,79.30,80.82,11866235
191.0,79.28,79.94,78.74,79.54,11294275
190.0,81.39,81.50,78.50,79.00,23326647
187.0,83.24,83.24,81.72,82.39,9105212
186.0,83.46,83.46,82.45,82.80,8423695
185.0,82.26,83.29,82.02,83.02,9061273
184.0,81.27,82.82,81.21,82.55,8255670
183.0,81.32,81.80,80.75,81.55,7598312
180.0,81.77,82.10,80.47,81.21,11058069
179.0,82.01,82.65,81.81,82.08,7907509
178.0,82.02,82.87,81.75,81.86,8523158
177.0,82.08,82.95,81.12,82.16,10996667
173.0,82.43,82.50,80.75,80.94,13596923
172.0,81.63,83.70,81.56,82.90,10882969
171.0,81.26,81.98,80.68,81.81,9042384
170.0,82.04,82.47,80.72,81.14,10555497
169.0,80.71,82.10,80.50,82.05,10166629
166.0,80.30,80.84,79.22,80.80,10527684
165.0,81.02,81.42,79.46,80.10,12708597
164.0,80.40,81.62,79.61,80.97,10735779
163.0,80.49,80.71,80.01,80.30,8515520
162.0,80.23,80.73,79.17,80.35,11256092
159.0,78.81,79.79,78.00,79.76,9017350
158.0,78.88,80.28,78.20,78.73,13780564
157.0,79.00,79.23,76.80,78.77,14668936
156.0,79.74,79.92,78.23,78.32,10990516
155.0,76.73,79.91,76.63,79.83,14086823
152.0,79.30,79.50,76.65,77.71,16776561
151.0,78.62,79.89,77.83,79.02,15974394
150.0,76.15,78.67,75.49,78.49,20166347
149.0,74.67,76.38,74.00,76.24,15866480
148.0,74.85,76.80,72.77,74.08,22497793
145.0,74.02,74.88,73.43,73.90,22729455
144.0,74.93,75.00,71.63,74.08,22103281
143.0,75.73,75.88,73.76,73.86,35411788
142.0,72.86,73.26,71.85,72.86,29207270
141.0,70.38,71.99,69.40,71.60,17973516
137.0,69.37,70.64,69.09,70.00,17548425
136.0,69.32,69.89,68.34,69.28,17268379
135.0,67.55,69.14,65.59,68.17,21810842
134.0,67.79,68.39,65.74,66.79,17989146
131.0,64.19,68.94,63.50,66.03,35994711
130.0,70.80,71.23,64.81,65.48,43152637
129.0,70.50,71.29,69.86,70.65,20690240
128.0,71.71,71.71,69.28,70.01,25269036
127.0,71.92,73.73,70.72,72.23,16044536
124.0,74.91,75.25,71.52,72.20,19390831
123.0,75.16,75.18,72.29,74.00,15990974
122.0,75.16,75.25,73.34,73.96,15992789
121.0,73.34,73.88,72.14,73.64,19497089
120.0,69.17,71.00,69.17,70.86,18594913
117.0,70.62,71.11,67.63,68.55,29246068
116.0,72.38,73.34,70.59,71.41,17751848
115.0,73.72,75.01,72.77,72.78,15717757
114.0,72.60,74.30,71.90,73.03,19176889
113.0,72.54,72.89,68.81,72.13,29294103
110.0,75.67,76.20,70.85,72.07,36984819
109.0,76.50,76.65,74.86,75.52,12148336
108.0,78.20,78.60,76.01,76.54,11155702
107.0,75.54,78.06,75.51,77.77,10326982
106.0,75.96,76.86,75.08,75.45,14098981
103.0,76.99,77.10,74.55,75.05,18775008
102.0,80.26,80.47,77.56,78.01,10600664
101.0,79.36,80.30,78.62,79.72,9673694
100.0,80.35,80.57,79.32,79.84,10570959
99.0,79.40,80.30,78.35,80.23,8669799
96.0,81.21,81.35,77.81,79.58,20468678
95.0,83.22,83.42,78.50,79.92,21958464
94.0,83.02,83.44,82.73,82.87,6591005
93.0,82.86,83.36,82.56,82.94,8228831
92.0,82.79,82.90,81.00,81.45,12028382
87.0,83.79,84.20,81.80,82.79,12508164
86.0,83.65,84.00,82.50,83.65,11004536
85.0,84.05,84.50,83.31,83.81,11909241
84.0,84.14,84.88,83.07,83.95,8381109
83.0,82.99,84.06,82.80,83.57,9099778
80.0,83.54,83.62,82.58,82.59,11017192
79.0,82.70,83.20,81.88,82.81,8962812
78.0,83.65,83.80,82.30,82.70,9761704
77.0,81.92,83.98,81.67,83.81,15033750
73.0,82.81,82.85,80.63,81.21,10435790
72.0,81.10,82.62,80.90,82.55,8965220
71.0,82.25,82.93,81.61,82.00,9491825
70.0,81.12,82.04,80.89,81.80,12621354
69.0,79.34,81.13,78.80,80.98,10495008
66.0,77.65,78.81,75.70,78.75,16084339
65.0,78.50,79.50,76.26,76.50,17209354
64.0,81.98,82.00,76.71,78.15,23486595
63.0,80.18,82.06,79.85,82.02,15526871
62.0,81.77,81.86,78.59,78.83,14342646
59.0,79.97,81.75,79.34,80.65,10830599
58.0,80.70,82.20,80.65,81.52,10163882
57.0,80.01,81.09,78.96,79.85,10144851
56.0,80.60,81.17,79.82,80.67,10289494
55.0,80.76,80.76,77.59,78.86,13648602
52.0,81.76,82.68,79.75,80.62,13365722
51.0,81.80,82.28,80.91,82.15,10759684
50.0,83.72,84.40,81.89,82.18,17389330
49.0,79.75,81.58,79.42,81.58,13033722
45.0,77.89,79.06,77.44,78.40,11864701
44.0,75.39,79.02,75.30,77.90,20735310
43.0,75.22,75.41,74.43,75.23,10258611
42.0,73.55,75.17,72.82,74.99,11268344
41.0,75.15,75.28,72.60,73.14,9135741
38.0,75.00,75.04,73.52,74.87,8474704
37.0,74.23,75.06,73.77,74.30,8833018
36.0,73.17,74.38,72.53,73.46,11067202
35.0,73.50,73.87,72.71,72.78,8520188
34.0,74.58,74.69,72.73,73.24,8351619
31.0,75.21,75.25,74.23,74.32,6562234
30.0,75.20,75.59,74.39,75.21,8281053
365.0,75.07,75.25,74.16,75.10,6679755
364.0,74.67,75.25,74.22,75.08,5899988
361.0,75.36,75.36,74.25,74.45,4914005
360.0,74.98,75.34,74.67,75.20,4852180
358.0,74.99,75.03,74.21,74.96,4530723
357.0,75.35,75.80,74.68,74.99,7545426
354.0,73.95,75.08,73.73,74.66,14893352
353.0,73.20,74.88,73.00,73.43,10040702
352.0,72.30,73.68,70.62,73.59,17907460
351.0,71.74,71.74,69.04,70.08,12247531
350.0,71.90,72.36,71.34,71.42,12025395
347.0,71.05,71.62,70.14,71.40,11342968
346.0,70.28,71.21,70.05,70.27,12064709
345.0,72.90,73.07,70.48,70.61,16840384
344.0,75.09,75.10,70.23,72.81,25872931
343.0,76.07,76.11,74.23,75.19,17254651
340.0,74.06,74.13,73.08,73.99,11554901
339.0,72.62,73.37,72.09,73.19,9664087
338.0,72.02,72.89,71.50,72.47,11241712
337.0,73.92,74.06,72.36,72.42,12869062
336.0,74.84,74.97,73.61,74.52,11735233
363.0,75.00,75.25,74.77,74.81,4900295
361.0,74.75,75.30,74.17,74.63,8228970
360.0,74.83,75.06,74.12,74.37,9031662
359.0,75.42,75.43,74.44,74.60,12257377
356.0,72.86,75.21,72.85,74.27,18519681
355.0,71.22,71.87,71.21,71.63,9156781
354.0,70.19,71.46,69.85,71.08,10251455
353.0,68.80,69.86,68.35,69.66,7336494
352.0,70.53,70.74,68.75,68.97,8789244
349.0,69.46,69.90,68.58,69.89,9388695
348.0,68.78,69.27,68.58,68.98,9620014
347.0,67.86,68.51,67.06,68.50,11910310
346.0,67.18,67.84,67.16,67.61,8446528
345.0,67.74,68.08,67.22,67.51,9444773
342.0,66.50,67.58,66.25,67.37,12507053
341.0,67.90,68.44,65.53,65.63,13751794
340.0,69.66,69.96,67.21,67.36,11095731
339.0,69.49,70.04,69.25,69.54,7102310
338.0,71.13,71.25,69.32,69.34,9332657
335.0,71.39,71.49,70.42,70.97,9399040
334.0,72.76,72.77,70.97,71.18,12730354
333.0,71.89,73.20,71.43,72.67,16640223
332.0,68.79,69.56,68.23,69.50,6265855
331.0,70.00,70.40,68.61,68.73,7013251
328.0,70.12,70.30,68.20,69.68,9467636
327.0,69.44,70.14,68.95,69.83,10481008
326.0,68.46,69.35,68.03,69.01,9771675
325.0,67.01,68.25,66.64,68.09,6875502
324.0,68.11,68.35,66.63,66.99,9685594
321.0,67.27,68.45,66.49,68.21,15446765
320.0,65.70,67.38,65.26,67.36,7651900
319.0,64.06,65.74,63.85,65.65,8336732
318.0,63.45,64.72,63.43,63.60,8005591
317.0,62.46,63.88,61.81,63.87,8669408
314.0,62.94,63.48,62.38,62.69,8092446
313.0,61.63,62.80,61.15,62.74,15240296
312.0,59.81,60.24,58.81,58.90,15313306
311.0,61.84,61.88,59.30,59.38,9678378
310.0,62.15,62.55,61.66,61.77,8071004
307.0,61.63,63.06,61.63,63.04,6351733
306.0,62.29,62.70,61.37,61.71,6719498
305.0,62.38,62.69,61.90,62.40,5046005
304.0,63.02,63.36,62.30,62.80,6774953
303.0,62.15,63.70,62.00,62.87,7896601
300.0,62.36,63.93,62.15,63.54,5632958
299.0,62.35,63.20,62.05,62.80,4673128
298.0,62.63,62.74,61.71,61.73,5358277
297.0,62.63,63.16,62.36,62.74,5174950
296.0,63.43,63.70,62.33,62.58,5999063
293.0,64.41,64.48,63.80,63.86,9081173
292.0,64.62,64.74,63.64,64.32,5450493
291.0,62.83,64.52,62.58,64.28,7918353
290.0,62.90,63.38,62.36,62.69,5636520
289.0,64.08,64.21,62.58,63.02,7052772
286.0,63.53,63.62,62.72,63.53,3840084
285.0,63.00,63.49,62.28,63.18,4853671
284.0,63.12,63.30,62.18,62.93,5391197
283.0,63.16,63.56,62.45,62.86,4835746
282.0,61.08,62.66,61.08,62.66,5753337
279.0,61.35,61.48,59.42,61.12,8284709
278.0,61.19,61.30,60.51,61.07,4951809
277.0,60.80,61.46,60.36,61.11,7267862
276.0,60.90,61.60,60.25,60.92,7068665
272.0,61.16,61.16,59.96,60.27,5545981
271.0,60.13,61.28,59.91,60.93,5501001
270.0,58.83,61.04,58.50,60.44,8863367
269.0,59.80,59.83,58.57,58.74,6127364
268.0,59.82,60.99,59.60,60.42,6619083
265.0,59.99,60.12,59.47,59.64,6224648
264.0,58.75,59.98,58.70,59.93,4743506
263.0,57.70,59.54,57.43,58.69,10075835
262.0,57.31,58.55,57.31,58.00,5356385
261.0,56.84,58.13,56.75,57.34,5522949
258.0,56.76,57.73,56.25,56.91,7598356
257.0,57.37,57.65,55.96,56.89,7345326
256.0,59.11,59.56,58.14,58.17,5155699
255.0,59.10,59.45,58.22,58.93,4567934
254.0,58.86,59.14,58.32,58.90,6263792
251.0,58.82,60.23,58.57,59.21,5667075
250.0,60.50,60.78,59.29,59.30,8283979
249.0,60.13,60.47,59.20,60.22,9420906
248.0,60.92,60.92,59.18,59.98,8579392
247.0,61.75,61.90,60.43,60.95,6105189
244.0,61.86,61.95,61.28,61.75,5614287
243.0,62.05,62.20,60.97,62.00,7726300
243.0,62.10,62.20,61.36,61.40,8423440
242.0,62.00,62.28,61.46,61.73,11134373
241.0,62.60,62.82,61.57,62.02,10272731
238.0,63.82,64.04,61.58,62.57,14718207
237.0,60.12,61.14,58.81,60.86,11347448
236.0,59.71,60.13,59.05,59.88,9591689
235.0,59.99,60.15,59.05,59.12,10998204
234.0,59.71,60.46,58.61,59.71,12171809
231.0,58.58,60.51,57.49,60.10,14574510
230.0,57.85,58.44,57.56,58.22,8821887
229.0,57.37,57.77,57.11,57.75,9123715
228.0,57.55,57.76,56.78,57.14,8831365
227.0,57.20,57.72,56.82,57.66,7637458
224.0,56.00,57.86,55.76,57.34,13267812
223.0,56.03,56.25,55.39,55.85,11373160
222.0,54.39,55.50,54.19,55.33,8768291
221.0,54.02,54.80,53.35,54.38,8202355
220.0,53.60,53.96,53.21,53.32,10022684
217.0,52.40,53.49,52.27,53.32,6127040
215.0,52.01,52.34,51.63,51.98,2795651
214.0,51.70,52.67,51.42,52.23,8566035
213.0,51.97,52.80,51.53,51.66,9475772
209.0,50.95,51.61,50.62,51.27,9086272
208.0,51.70,51.95,50.70,51.00,8248970
207.0,50.42,51.63,50.30,51.31,9904446
206.0,49.41,50.88,49.31,49.78,12879227
205.0,48.20,49.71,46.70,48.93,11453391
202.0,49.63,49.93,48.08,48.83,20298046
201.0,50.19,50.45,49.02,49.35,11510729
200.0,51.82,52.05,50.57,50.60,6408557
199.0,50.87,52.05,50.87,51.94,6874024
198.0,52.77,53.26,50.82,51.03,10079144
195.0,51.89,52.79,51.85,52.23,6207035
194.0,51.25,52.10,50.68,51.95,9292666
193.0,52.83,53.06,51.14,51.17,9711528
192.0,51.90,52.98,51.39,52.44,7273322
191.0,53.55,53.56,52.11,52.44,8744697
188.0,51.88,53.41,51.81,52.89,12890319
187.0,50.38,51.68,49.66,51.35,14267356
186.0,51.60,52.66,49.26,50.12,18606144
185.0,53.12,53.69,51.92,52.32,11367937
184.0,53.50,54.64,51.35,53.12,15319756
181.0,56.21,56.21,54.48,54.48,11527447
180.0,55.75,56.82,55.45,55.80,9718966
179.0,55.94,56.19,54.85,55.63,9678478
178.0,56.68,56.82,55.61,56.18,8669993
174.0,55.30,56.35,54.90,55.81,8745685
173.0,54.89,56.06,54.16,55.48,10769704
172.0,57.00,58.06,55.62,55.93,12767258
171.0,56.14,56.85,55.76,56.47,10089914
170.0,56.09,56.78,55.21,55.74,9499365
167.0,55.48,56.43,54.65,56.30,13909763
166.0,56.60,56.64,54.20,54.96,15554315
165.0,56.34,57.10,55.09,56.36,16783964
164.0,54.49,56.27,54.40,56.25,16930975
163.0,53.12,55.09,52.93,54.47,14486590
160.0,52.77,53.15,52.19,52.88,12753060
159.0,52.58,53.22,52.25,52.79,9816340
158.0,53.13,53.41,51.99,52.38,12613309
157.0,54.37,54.60,52.82,53.13,14096143
156.0,55.18,55.70,54.12,54.43,13331030
153.0,54.55,56.35,54.52,55.15,17093723
152.0,52.75,53.21,51.95,52.18,16608619
151.0,50.45,50.64,49.86,50.14,9679766
150.0,50.75,50.89,49.43,50.64,13550759
149.0,51.36,51.63,50.77,51.09,10807234
146.0,51.49,52.25,51.29,51.38,9679391
145.0,51.30,51.84,50.91,51.43,10862849
144.0,53.18,53.52,50.43,50.57,18395297
143.0,54.40,55.16,52.58,53.33,13834538
142.0,54.12,54.24,53.29,54.05,15188749
139.0,50.66,53.98,50.66,53.17,20436779
138.0,51.88,52.06,50.53,50.86,9391522
137.0,51.70,52.20,50.73,51.94,12453231
136.0,51.27,52.05,51.06,52.01,13562516
135.0,52.25,52.36,50.62,50.68,13210623
132.0,51.66,52.43,51.39,51.93,10698947
131.0,50.20,51.98,50.18,51.65,15568140
130.0,48.52,49.85,48.50,49.73,10086030
129.0,48.09,48.81,47.99,48.30,13126694
128.0,47.25,47.61,46.85,47.20,9544085
125.0,46.90,47.45,46.52,47.37,10958284
124.0,47.91,48.35,47.56,47.74,10050379
123.0,48.25,48.37,47.31,47.63,9167988
122.0,48.33,48.38,47.97,48.20,15536542
121.0,49.01,49.17,47.91,47.98,14404563
117.0,47.86,49.48,47.85,48.94,18503202
116.0,46.20,47.83,45.92,47.72,18419149
115.0,45.15,45.89,45.11,45.76,7122840
114.0,46.01,46.13,44.76,44.98,12173974
111.0,45.13,45.56,44.84,45.51,8290528
110.0,44.45,44.74,44.26,44.54,12615197
109.0,44.81,44.82,44.28,44.52,7041254
108.0,44.81,45.00,43.78,44.38,9059855
107.0,44.74,45.01,44.10,44.80,9084191
104.0,45.81,46.00,44.96,45.17,14207658
103.0,45.90,46.14,45.68,45.88,8979676
102.0,46.15,46.15,45.60,45.87,6112041
101.0,45.97,46.37,45.53,46.18,9915880
100.0,45.50,45.95,45.18,45.94,7298181
97.0,45.24,45.55,44.51,45.43,6885072
96.0,45.10,45.20,44.51,44.95,9182478
95.0,45.23,45.45,44.64,45.40,8542354
94.0,44.35,45.58,44.35,45.02,15086851
93.0,43.53,43.88,43.18,43.87,8814408
90.0,42.63,43.50,42.38,43.45,11294489
87.0,43.03,43.18,42.71,42.72,10104187
86.0,42.39,43.29,42.08,42.89,7986202
85.0,42.14,42.42,41.69,42.25,7196075
84.0,42.77,43.35,42.06,42.09,9560882
81.0,41.66,42.49,41.60,42.45,6140036
80.0,41.82,41.85,41.18,41.54,9770190
79.0,42.51,42.84,41.88,41.88,9392297
78.0,42.25,43.04,42.06,42.28,11548166
74.0,41.45,41.71,41.30,41.60,8021765
73.0,41.18,41.75,41.11,41.60,8687783
72.0,40.96,41.51,40.83,41.40,7962603
71.0,40.46,40.95,40.30,40.83,9790964
70.0,40.90,41.01,40.16,40.40,11061708
67.0,40.32,41.27,40.15,40.90,8968862
66.0,39.78,40.46,39.48,40.36,11699814
65.0,40.61,40.62,39.55,39.91,11645393
64.0,40.15,41.34,40.15,40.54,11527194
63.0,40.71,40.90,39.51,39.59,12772182
60.0,40.17,41.14,39.94,40.56,13030743
59.0,39.75,39.82,39.24,39.45,7956146
58.0,39.97,40.39,39.65,39.85,7279850
57.0,39.34,40.02,39.29,39.90,8439531
56.0,39.68,40.19,39.20,39.44,5979080
53.0,39.20,39.68,39.18,39.68,9122332
52.0,38.65,39.38,38.54,39.20,11185902
51.0,38.94,39.09,38.27,38.42,8987456
50.0,39.29,39.34,38.74,38.96,8020820
46.0,38.78,39.16,38.70,39.14,9848216
45.0,38.70,39.05,38.30,38.76,8848428
44.0,38.65,38.73,38.30,38.58,10415882
43.0,38.70,39.18,38.54,38.68,9326634
42.0,39.22,39.25,38.74,38.88,9162016
39.0,39.04,39.24,38.68,39.04,8262490
38.0,39.04,39.30,38.48,38.97,8276844
37.0,38.73,38.94,38.46,38.94,8257264
36.0,38.41,39.20,38.40,38.70,13371468
35.0,38.44,38.54,38.10,38.44,7948826
32.0,37.60,38.02,37.42,37.86,7126100
31.0,37.56,37.92,37.37,37.48,5965222
30.0,37.16,37.53,36.94,37.53,7941686
365.0,36.12,36.86,35.86,36.72,8547864
362.0,36.04,36.48,35.89,36.19,6763712
361.0,36.24,36.68,35.68,36.30,8359588
360.0,36.38,36.52,36.00,36.24,3927338
358.0,36.27,36.49,36.22,36.33,2915462
355.0,36.44,36.92,36.06,36.39,15813016
354.0,37.48,37.52,36.74,36.83,9788630
353.0,38.04,38.04,37.32,37.38,7224580
352.0,37.88,38.31,37.58,37.92,8140426
351.0,37.24,37.74,36.74,37.73,10990978
348.0,37.35,37.35,36.73,37.12,9999250
347.0,37.99,38.22,37.24,37.38,11188088
346.0,38.18,38.56,38.04,38.12,11670056
345.0,37.36,38.38,37.26,38.17,18427240
344.0,37.12,37.36,36.99,37.12,8242128
341.0,36.85,37.09,36.66,36.96,7619236
340.0,37.42,37.45,36.84,36.90,12605986
339.0,37.56,37.56,36.88,37.27,9700802
338.0,37.63,37.92,37.06,37.08,10350988
337.0,37.48,37.86,37.22,37.31,9308824
364.0,37.69,37.78,37.30,37.50,8630052
363.0,37.62,37.88,37.28,37.65,7693184
362.0,37.28,37.48,36.51,37.44,10486348
361.0,37.30,37.92,37.06,37.32,11027456
360.0,37.82,37.92,37.34,37.74,10453076
357.0,37.81,38.14,37.80,38.06,4055408
355.0,37.87,38.00,37.39,37.78,8267390
354.0,37.44,38.05,37.32,37.90,15283592
353.0,37.36,37.62,36.88,37.41,18330000
350.0,36.52,37.46,36.41,37.20,26510400
349.0,36.02,36.54,35.56,36.44,16891692
348.0,36.28,36.96,36.00,36.14,23383976
347.0,37.14,37.74,36.28,36.34,37446668
346.0,36.16,37.17,35.79,36.96,61567950
343.0,32.30,33.18,32.26,32.50,18081440
342.0,32.59,32.74,32.07,32.42,18285604
341.0,33.48,33.61,32.66,32.72,13579010
340.0,33.58,33.98,33.30,33.74,6264930
339.0,33.39,33.64,32.87,33.52,7289274
336.0,33.85,33.85,33.23,33.50,11575594
335.0,33.85,34.18,33.54,33.75,8702480
334.0,33.84,34.37,33.34,33.59,10130286
329.0,33.61,34.16,33.25,33.54,11624198
328.0,34.25,34.62,33.66,33.69,11959680
327.0,34.34,34.80,33.78,34.17,24661806
326.0,32.94,33.24,32.20,32.46,16188468
325.0,33.30,33.44,32.89,33.19,9963286
322.0,34.14,34.32,33.18,33.30,13346164
321.0,34.41,34.56,34.10,34.14,14188760
320.0,34.20,34.89,34.08,34.78,10334072
319.0,33.82,34.25,33.72,34.19,12432462
318.0,34.17,34.60,33.19,33.66,27702074
315.0,34.20,34.35,33.86,33.97,6931908
314.0,33.92,34.39,33.88,33.94,10017868
313.0,34.48,34.62,33.75,33.82,18744842
312.0,34.76,34.86,34.37,34.39,11405820
311.0,34.85,35.16,34.80,34.90,9105870
308.0,34.96,35.14,34.62,34.72,14542764
307.0,35.00,35.17,34.55,34.84,20828488
306.0,34.80,35.20,34.68,35.00,24339696
305.0,33.88,34.74,33.85,34.59,27255672
304.0,33.74,34.14,33.43,33.72,15170192
301.0,33.24,33.30,32.80,33.16,12537828
300.0,33.06,33.54,32.93,33.32,16017652
299.0,33.52,33.94,32.89,33.03,16876920
298.0,33.60,34.04,33.59,33.64,15775320
297.0,33.35,33.74,33.29,33.58,10118504
294.0,33.68,34.00,33.62,33.88,17886198
293.0,33.42,33.70,33.03,33.66,17487474
292.0,33.60,33.64,33.32,33.60,25121882
291.0,32.64,33.78,32.56,33.38,37152026
290.0,30.96,33.14,30.96,32.90,42983444
287.0,30.08,31.33,30.00,31.01,29969510
286.0,29.84,30.28,29.76,30.12,11020078
285.0,29.77,29.95,29.72,29.88,11743876
284.0,29.75,29.95,29.58,29.66,7886744
283.0,29.61,29.95,29.52,29.83,11183670
280.0,29.80,29.84,29.36,29.63,8119542
279.0,29.40,29.76,29.38,29.74,13525598
278.0,28.94,29.55,28.85,29.22,16491472
277.0,28.76,29.13,28.51,29.00,9282904
273.0,28.84,29.04,28.64,28.84,6114520
272.0,28.84,28.96,28.62,28.76,7308570
271.0,28.82,29.00,28.68,28.88,8791232
270.0,28.78,29.12,28.76,28.82,10713348
269.0,28.68,28.74,28.17,28.60,6242592
266.0,28.14,28.80,28.07,28.64,12176538
265.0,28.26,28.36,28.02,28.02,7088190
264.0,28.30,28.55,28.23,28.24,7431222
263.0,28.25,28.48,28.15,28.41,8147078
262.0,28.41,28.44,27.93,28.24,7036698
259.0,28.46,28.62,28.08,28.38,13487036
258.0,28.46,29.00,28.16,28.34,19965976
257.0,28.83,29.06,28.65,28.98,8732326
256.0,28.49,28.91,28.38,28.78,11102352
255.0,28.21,28.34,28.16,28.32,6270744
252.0,28.44,28.46,28.24,28.38,6476340
251.0,28.29,28.64,28.26,28.45,7932096
250.0,28.49,28.64,28.25,28.41,8649016
249.0,28.68,28.88,28.45,28.78,8351432
248.0,28.48,28.86,28.37,28.82,11486862
245.0,28.94,29.26,28.39,28.44,17163284
244.0,28.95,29.42,28.02,28.64,58864264
243.0,27.22,27.30,26.75,26.81,13132536
243.0,27.43,27.84,27.16,27.16,13024490
242.0,27.75,28.02,27.72,27.80,14145792
239.0,26.98,27.80,26.81,27.75,28110444
238.0,25.97,26.08,25.52,25.84,10845304
237.0,25.60,25.72,25.40,25.60,6873690
236.0,25.98,25.99,25.47,25.55,13030870
235.0,26.20,26.20,25.83,25.94,8093934
232.0,26.84,27.00,26.52,26.54,12412384
231.0,26.58,27.01,26.42,26.88,10491458
230.0,26.43,26.65,26.24,26.58,8496470
229.0,26.24,26.49,26.00,26.42,11474614
228.0,25.60,25.97,25.44,25.97,7248856
225.0,25.28,25.63,25.26,25.58,7181556
224.0,25.08,25.44,24.80,25.33,9989576
223.0,25.20,25.42,25.02,25.34,18216220
222.0,25.96,26.06,25.71,25.80,9118272
221.0,25.56,25.76,25.43,25.75,6679654
218.0,25.74,25.86,25.38,25.48,6565758
217.0,26.02,26.08,25.67,25.73,6372444
215.0,25.76,26.05,25.68,26.04,3587160
214.0,25.60,25.84,25.50,25.82,7177618
210.0,25.57,25.68,25.22,25.64,10835430
209.0,25.58,25.60,24.87,25.02,10367844
208.0,25.18,25.67,25.18,25.62,6772618
207.0,25.12,25.31,25.05,25.18,6064376
206.0,25.14,25.26,24.91,25.14,9849134
203.0,24.94,25.34,24.82,25.26,11573704
202.0,25.48,25.66,24.92,24.96,10058726
201.0,25.42,25.60,25.18,25.39,8194824
200.0,25.18,25.52,25.12,25.36,8926906
199.0,25.18,25.24,24.96,25.10,8565812
196.0,25.04,25.19,24.96,25.14,14874998
195.0,24.66,25.08,24.60,25.04,12478246
194.0,24.74,25.12,24.54,24.56,9535496
193.0,24.72,24.81,24.40,24.71,7200424
192.0,24.82,24.95,24.72,24.77,8479328
189.0,24.45,24.91,24.41,24.82,7521932
188.0,24.88,24.94,24.50,24.50,7104352
187.0,24.28,24.70,24.26,24.61,8403498
186.0,24.50,24.60,24.12,24.26,13695432
185.0,24.34,24.70,24.24,24.60,9012236
182.0,24.70,24.80,24.18,24.34,11260838
181.0,25.20,25.26,24.80,24.98,13344126
180.0,25.32,25.42,25.09,25.25,11467484
179.0,25.42,25.56,25.25,25.48,9107858
175.0,25.37,25.38,25.09,25.24,5765050
174.0,25.06,25.36,25.01,25.31,5949888
173.0,25.11,25.20,24.88,25.10,9575958
172.0,25.46,25.47,25.10,25.24,8592028
171.0,25.02,25.46,25.00,25.44,11385764
168.0,25.19,25.19,24.86,24.97,15807794
167.0,25.78,25.90,25.05,25.05,16547206
166.0,25.92,26.06,25.78,25.79,13439994
165.0,26.16,26.18,25.84,25.94,12099452
164.0,25.82,26.53,25.62,26.23,18509256
161.0,26.12,26.12,25.60,25.92,19139766
160.0,25.44,25.68,25.39,25.62,13056596
159.0,25.00,25.40,24.65,25.32,17594170
158.0,24.75,24.96,24.46,24.73,16520410
157.0,25.06,25.16,24.89,24.95,11738386
154.0,25.43,25.54,25.10,25.14,12764626
153.0,25.98,26.06,25.57,25.70,9558258
152.0,25.70,26.03,25.50,25.94,11708708
151.0,25.98,25.99,25.64,25.72,12372538
150.0,26.00,26.24,25.83,26.01,10283294
147.0,26.25,26.62,25.86,26.08,11804518
146.0,26.14,26.40,26.02,26.36,13356972
145.0,26.24,26.29,25.84,26.28,12612792
144.0,25.71,26.18,25.66,26.18,14329698
143.0,25.26,25.95,25.20,25.70,16151786
140.0,26.12,26.26,25.22,25.50,29794744
139.0,27.22,27.38,25.80,26.12,72033324
138.0,23.32,23.56,23.17,23.30,11502308
137.0,23.10,23.46,23.06,23.34,9166164
136.0,22.78,23.00,22.70,22.93,9391394
133.0,22.89,23.08,22.74,22.76,12425932
132.0,22.80,23.02,22.70,22.86,12839158
131.0,23.07,23.25,22.66,22.71,13153114
130.0,23.20,23.31,22.84,22.88,14541160
129.0,23.35,23.70,23.28,23.30,11947316
125.0,23.52,23.94,23.50,23.88,16542872
124.0,23.94,23.94,22.78,23.60,35547024
123.0,24.27,24.43,23.74,24.05,17570012
122.0,24.36,24.40,23.92,24.39,14014062
119.0,24.00,24.49,23.96,24.43,14475592
118.0,23.60,23.98,23.54,23.88,11387446
117.0,23.72,23.88,23.46,23.69,10210344
116.0,23.71,23.86,23.56,23.70,9537930
115.0,23.50,23.63,23.34,23.61,11671040
112.0,23.42,23.50,23.04,23.42,10342490
111.0,22.98,23.36,22.88,23.32,9332984
110.0,23.52,23.52,23.09,23.15,8691546
109.0,23.51,23.53,23.32,23.46,11708732
108.0,23.28,23.62,23.16,23.54,7009166
105.0,23.49,23.68,23.29,23.36,17104454
104.0,23.46,23.60,23.32,23.58,12254432
103.0,23.40,23.46,23.20,23.33,10575306
102.0,23.17,23.42,22.82,23.40,14257192
101.0,23.16,23.28,22.99,23.08,8289326
98.0,23.30,23.30,22.96,23.04,11583948
97.0,22.89,23.48,22.84,23.26,13421878
96.0,22.94,22.96,22.40,22.74,15954336
95.0,22.79,23.09,22.69,22.94,18647902
94.0,23.48,23.57,22.98,23.12,13825446
91.0,23.37,23.64,23.14,23.50,15708892
90.0,22.95,23.33,22.88,23.30,16515972
88.0,22.94,23.11,22.70,22.77,18378812
87.0,22.65,23.20,22.56,23.00,17867776
86.0,22.50,22.66,22.38,22.60,15203492
83.0,22.70,22.75,22.33,22.63,13753234
82.0,22.46,22.66,22.18,22.58,22635690
81.0,22.10,22.51,21.90,22.26,36040188
80.0,23.28,23.38,22.30,22.34,38855124
76.0,23.00,23.94,22.80,23.50,124991312
75.0,27.48,27.62,27.26,27.40,17269724
74.0,27.45,27.46,27.04,27.41,12190642
73.0,27.14,27.45,27.08,27.28,14642950
72.0,26.89,27.48,26.86,27.45,14038866
69.0,26.80,26.98,26.71,26.88,14492910
68.0,27.20,27.20,26.77,26.86,15745684
67.0,27.28,27.45,26.92,27.14,23591842
66.0,27.60,27.94,27.33,27.54,27495420
65.0,27.15,28.25,27.12,28.01,37824982
62.0,26.70,27.45,26.50,27.35,75343010
61.0,24.56,24.82,24.18,24.66,17363440
60.0,24.52,24.70,24.44,24.58,19617494
59.0,24.22,24.44,24.18,24.43,13314702
58.0,24.24,24.44,24.00,24.32,14155398
55.0,24.29,24.50,24.17,24.36,16364132
54.0,24.28,24.39,23.92,24.30,18193180
53.0,23.72,24.24,23.72,24.14,15804680
52.0,23.66,23.93,23.54,23.84,15147212
51.0,23.57,23.72,23.51,23.68,15997732
48.0,23.57,23.73,23.41,23.72,14075868
47.0,23.64,23.74,23.40,23.60,24058562
46.0,23.16,23.78,23.05,23.76,26292272
45.0,22.50,23.25,22.44,23.13,24215122
41.0,22.28,22.50,22.00,22.44,18482908
40.0,22.19,22.48,21.98,22.45,15342330
39.0,22.03,22.30,21.89,22.20,15470948
38.0,21.55,22.52,21.47,22.12,30109822
37.0,21.24,21.50,21.18,21.36,16801006
34.0,21.19,21.55,21.10,21.39,15541910
33.0,21.02,21.48,21.00,21.26,18432300
32.0,20.98,21.03,20.85,21.01,16235940
31.0,20.73,21.00,20.68,20.93,19564110
364.0,20.16,20.53,20.12,20.46,9840758
363.0,19.92,20.28,19.87,20.28,12289512
362.0,19.95,20.10,19.82,19.94,12766092
361.0,19.70,19.94,19.52,19.94,6503080
357.0,19.46,19.66,19.37,19.64,8778548
356.0,19.42,19.45,19.21,19.35,9562096
355.0,19.10,19.44,19.04,19.42,11437494
354.0,19.04,19.17,18.88,19.08,17307008
353.0,18.58,18.98,18.49,18.74,16251852
350.0,19.08,19.30,18.52,18.58,46339468
349.0,19.50,19.56,19.23,19.24,13798726
348.0,19.32,19.44,19.24,19.38,14750718
347.0,19.38,19.62,19.26,19.30,15861384
346.0,19.38,19.58,19.30,19.50,14944056
343.0,19.51,19.76,19.46,19.50,11385690
342.0,19.70,19.70,19.34,19.36,14505014
341.0,19.84,19.90,19.70,19.71,17398578
340.0,20.02,20.16,19.84,19.90,18594308
339.0,19.84,20.09,19.50,20.08,33946238
336.0,19.98,20.00,19.60,19.70,19182926
335.0,19.84,20.04,19.73,19.84,20919676
364.0,19.81,20.04,19.72,19.92,27184132
363.0,19.89,20.00,19.62,19.64,21107582
362.0,19.69,20.12,19.68,19.90,28682968
359.0,19.70,20.04,19.64,19.64,15299368
357.0,19.21,20.02,19.06,19.82,51863318
356.0,18.29,19.48,18.28,19.38,61453686
355.0,18.52,18.60,17.22,18.13,86778936
352.0,19.72,20.07,19.66,19.94,12111956
351.0,20.00,20.25,19.72,19.80,12988836
350.0,20.20,20.38,20.05,20.09,10645544
349.0,20.24,20.46,20.16,20.34,8392180
348.0,20.56,20.56,20.19,20.23,8632536
345.0,20.27,20.66,20.27,20.54,11061920
344.0,20.04,20.14,19.78,20.08,11035074
343.0,20.22,20.25,19.84,19.94,15154828
342.0,20.60,20.66,20.36,20.61,9874472
341.0,20.46,20.57,20.23,20.54,8725472
338.0,20.30,20.52,20.06,20.36,10120260
337.0,20.42,20.59,20.28,20.46,14465938
336.0,20.70,20.75,20.35,20.52,12345546
335.0,20.50,20.70,20.26,20.52,14630282
334.0,21.19,21.22,20.83,20.83,13119156
331.0,21.01,21.49,20.96,21.40,15350150
330.0,20.98,21.10,20.76,21.06,14598010
329.0,20.74,20.81,20.20,20.74,12352340
328.0,20.80,21.04,20.50,20.53,11393652
327.0,20.70,21.03,20.70,21.00,10429524
324.0,20.70,20.90,20.56,20.74,14004678
323.0,20.40,20.62,20.20,20.50,11985818
322.0,20.42,20.66,20.28,20.40,12572922
321.0,19.94,20.46,19.86,20.38,13520222
320.0,20.11,20.31,19.86,19.93,12556950
317.0,20.42,20.44,20.05,20.22,9589280
316.0,20.06,20.36,20.03,20.32,9313476
315.0,20.09,20.33,19.86,20.14,12610998
314.0,20.30,20.46,19.78,19.85,12394352
313.0,20.00,20.32,19.92,20.32,11119448
310.0,19.82,19.84,19.40,19.66,12859782
309.0,19.51,19.82,19.39,19.82,11489250
308.0,19.04,19.58,18.87,19.58,15439348
307.0,18.64,18.98,18.36,18.94,18713484
306.0,19.40,19.56,18.90,18.90,16178328
303.0,19.39,19.68,19.28,19.40,14526468
302.0,19.85,19.98,19.26,19.62,9873386
301.0,20.02,20.14,19.59,19.59,12052486
300.0,20.12,20.15,19.76,20.02,19857920
299.0,19.26,20.05,19.18,19.78,21927294
296.0,19.03,19.31,18.79,19.22,16245086
295.0,19.48,19.48,18.96,19.17,25885964
294.0,20.34,20.44,19.82,19.84,12344346
293.0,20.15,20.64,20.00,20.42,16424248
292.0,20.08,20.13,19.83,20.02,12230710
289.0,20.13,20.36,19.92,20.20,26279254
288.0,19.90,19.96,19.60,19.91,11014508
287.0,19.13,19.86,19.10,19.69,17877236
286.0,19.02,19.16,18.82,19.10,10261060
285.0,18.64,19.03,18.61,18.99,13594526
282.0,19.56,19.64,18.79,18.91,17076072
281.0,19.70,19.96,19.62,19.76,10644124
280.0,19.58,19.91,19.44,19.90,11708926
279.0,18.90,19.40,18.90,19.32,14887238
275.0,19.50,19.75,19.40,19.41,9993666
274.0,19.92,20.12,19.76,19.78,11960894
273.0,20.10,20.14,19.78,19.94,11439546
272.0,19.85,20.13,19.73,20.05,11102676
271.0,19.50,19.90,19.30,19.90,11040474
268.0,18.97,19.38,18.70,19.36,15702080
267.0,19.12,19.22,18.90,19.03,12799636
266.0,19.42,19.50,18.87,19.08,18478354
265.0,18.90,19.52,18.82,19.52,17680634
264.0,18.96,19.20,18.78,18.92,17333852
261.0,18.40,18.90,18.37,18.60,22590712
260.0,18.70,18.92,18.48,18.64,19609228
259.0,19.38,19.55,19.06,19.22,18729932
258.0,18.64,19.54,18.61,19.42,25843094
257.0,18.69,18.73,18.09,18.64,27790638
254.0,18.52,18.79,18.28,18.72,16154266
253.0,17.82,18.62,17.77,18.44,29225752
252.0,18.95,19.02,17.64,17.67,31111360
251.0,18.64,19.10,18.08,19.07,33615634
250.0,18.52,18.88,18.12,18.41,35317094
247.0,18.86,19.14,18.50,18.88,29249136
246.0,19.64,19.68,18.68,18.72,28618606
245.0,19.86,20.28,19.42,19.86,24300526
244.0,20.55,20.28,19.42,19.86,8984704
243.0,21.30,21.48,20.61,20.76,16189544
241.0,21.32,21.54,21.16,21.18,19093848
240.0,21.44,21.74,21.38,21.58,14195714
239.0,20.93,21.63,20.86,21.48,24871702
238.0,21.23,21.39,21.02,21.08,14831536
237.0,21.52,21.66,21.31,21.32,10383428
234.0,21.51,21.74,21.40,21.60,12568186
233.0,21.02,21.56,21.02,21.49,16810142
232.0,20.85,21.12,20.85,20.90,13231030
231.0,20.55,20.98,20.44,20.85,16830614
230.0,20.44,20.54,20.16,20.40,10437902
227.0,20.64,20.68,20.35,20.50,12105320
226.0,20.86,21.00,20.60,20.64,9523850
225.0,20.86,21.08,20.75,20.80,9862228
224.0,20.50,20.93,20.50,20.78,14635622
223.0,21.04,21.08,20.56,20.64,13550594
220.0,21.22,21.38,21.09,21.22,9524962
219.0,21.24,21.35,21.17,21.34,10788350
218.0,20.86,21.12,20.82,21.12,12234142
217.0,20.94,21.00,20.71,20.78,8884856
213.0,20.72,20.98,20.69,20.98,12459514
211.0,20.78,20.86,20.66,20.70,11183258
210.0,20.75,20.84,20.62,20.70,13510556
209.0,20.10,20.56,20.02,20.48,11761954
208.0,19.86,20.14,19.72,20.09,8347242
205.0,20.05,20.05,19.79,19.86,12799408
204.0,19.83,20.10,19.66,20.06,12025840
203.0,19.95,20.22,19.82,20.02,10646630
202.0,19.98,20.03,19.78,19.95,13684508
201.0,19.72,20.08,19.72,20.05,10405574
198.0,19.95,19.96,19.66,19.77,15756152
197.0,19.88,19.92,19.72,19.82,18837486
196.0,19.80,20.08,19.74,19.82,15162916
195.0,20.12,20.12,19.86,19.89,15578866
194.0,19.65,20.11,19.62,19.98,17699268
191.0,20.55,20.55,20.10,20.12,12008496
190.0,20.62,20.84,20.52,20.58,12480050
189.0,20.52,20.66,20.38,20.58,10002602
188.0,20.51,20.62,20.36,20.52,9845880
187.0,20.48,20.55,20.35,20.46,10355710
184.0,20.48,20.70,20.39,20.52,13982018
183.0,20.56,20.74,20.54,20.71,11075030
182.0,20.78,20.92,20.64,20.64,15302652
181.0,20.62,20.88,20.60,20.87,13747090
177.0,20.48,20.66,20.43,20.60,9929114
176.0,20.20,20.50,20.12,20.45,13971544
175.0,20.20,20.28,20.11,20.24,11665924
174.0,20.26,20.40,20.06,20.21,12684886
173.0,20.25,20.28,20.10,20.22,13057402
170.0,20.32,20.60,20.27,20.49,21076466
169.0,20.24,20.30,20.00,20.09,14055812
168.0,20.18,20.20,19.99,20.17,15985142
167.0,20.28,20.28,20.04,20.24,16078696
166.0,20.48,20.60,20.21,20.28,17726948
163.0,20.69,20.96,20.52,20.60,23727902
162.0,20.38,20.67,20.36,20.64,18115378
161.0,20.58,20.59,20.16,20.38,23016762
160.0,20.64,20.78,20.35,20.52,15902158
159.0,20.44,20.76,20.42,20.62,16262020
156.0,20.46,20.66,20.42,20.50,15584280
155.0,20.62,20.68,20.28,20.31,16906806
154.0,20.79,20.88,20.46,20.66,20905540
153.0,20.41,20.86,20.15,20.83,23425516
152.0,19.54,20.45,19.50,20.34,28148918
149.0,19.66,19.68,19.42,19.42,26627606
148.0,19.92,19.98,19.46,19.68,26379376
147.0,19.82,20.01,19.70,19.94,23418980
146.0,19.73,19.84,19.58,19.76,18402748
145.0,19.62,19.70,19.40,19.60,23386884
141.0,19.78,20.00,19.48,19.53,44104876
140.0,20.50,20.50,20.16,20.39,23121468
139.0,20.18,20.32,20.09,20.32,15421816
138.0,20.68,20.70,20.13,20.16,22427606
135.0,20.90,20.92,20.65,20.85,16135838
134.0,20.56,20.94,20.50,20.92,16097118
133.0,20.68,20.89,20.55,20.68,17759374
132.0,20.57,20.63,20.50,20.57,8786794
131.0,20.68,20.80,20.53,20.62,11237170
128.0,20.85,20.88,20.52,20.62,17598110
127.0,20.82,20.94,20.71,20.75,14586536
126.0,21.04,21.14,20.86,20.86,17174352
125.0,21.31,21.38,20.85,20.92,18186156
124.0,21.38,21.46,21.32,21.40,12073340
121.0,21.08,21.34,21.06,21.33,13482222
120.0,21.17,21.44,21.10,21.24,22282570
119.0,21.22,21.45,21.20,21.26,14393450
118.0,20.90,21.04,20.82,21.02,9620526
117.0,21.04,21.10,20.85,20.86,14502570
114.0,21.12,21.28,20.98,21.04,19410736
113.0,20.76,21.19,20.72,21.02,24498336
112.0,20.16,20.86,20.16,20.66,32306532
111.0,20.16,20.28,19.96,20.22,13254168
110.0,20.28,20.47,20.12,20.13,11712150
107.0,20.25,20.37,20.07,20.08,22550004
106.0,20.10,20.26,19.96,20.16,14954914
105.0,19.75,20.06,19.53,19.92,23862702
104.0,19.95,20.14,19.84,19.90,20813318
103.0,20.25,20.50,20.23,20.38,12150704
100.0,20.46,20.64,20.36,20.42,11309258
99.0,20.54,20.70,20.47,20.49,14884530
98.0,20.64,20.91,20.57,20.82,15992376
97.0,20.50,20.72,20.39,20.62,15373952
96.0,20.54,20.71,20.34,20.53,21245384
93.0,20.05,20.64,20.00,20.36,29822178
92.0,19.72,20.02,19.66,20.00,17245462
91.0,19.26,19.73,19.22,19.52,13014596
90.0,19.56,19.64,19.25,19.28,11560102
87.0,19.62,19.72,19.40,19.49,13929196
84.0,19.47,19.62,19.24,19.50,14156680
83.0,19.00,19.44,18.92,19.39,15905108
82.0,19.22,19.30,19.00,19.01,14828764
81.0,19.45,19.60,19.14,19.26,16427456
77.0,19.64,19.89,19.54,19.65,14620548
76.0,19.60,19.73,19.54,19.64,11564686
75.0,19.50,19.85,19.40,19.70,23224504
74.0,19.28,19.50,19.08,19.50,13895126
73.0,19.20,19.28,19.06,19.28,11689812
70.0,19.04,19.20,19.00,19.20,13212454
69.0,19.11,19.24,19.04,19.18,16430740
68.0,19.44,19.47,18.99,19.09,12682106
67.0,19.17,19.44,19.10,19.40,8482562
66.0,19.40,19.40,19.10,19.19,14027654
63.0,19.48,19.48,19.12,19.40,14666628
62.0,19.69,19.69,19.33,19.36,17314334
61.0,19.16,19.88,19.16,19.73,22604940
60.0,19.37,19.40,19.14,19.25,17657918
59.0,19.10,19.30,18.96,19.19,13298612
56.0,19.36,19.64,19.08,19.10,19187608
55.0,19.78,19.82,19.40,19.47,28123966
54.0,19.00,19.93,18.93,19.83,42215476
53.0,19.07,19.18,18.88,19.08,20789400
52.0,18.98,19.19,18.95,19.16,12888154
49.0,19.05,19.22,18.96,19.10,12530400
48.0,19.06,19.30,19.01,19.08,19049590
47.0,19.36,19.36,19.01,19.08,16129072
46.0,19.25,19.47,19.18,19.35,17993392
42.0,19.02,19.24,18.94,19.11,12146192
41.0,18.94,19.26,18.91,19.06,19119858
40.0,18.65,18.92,18.59,18.91,14259558
39.0,18.37,18.62,18.22,18.58,21264384
38.0,18.64,18.78,18.32,18.33,20786870
35.0,18.72,18.87,18.62,18.75,12199522
34.0,18.77,18.89,18.71,18.76,15898160
33.0,18.36,18.86,18.36,18.76,22014122
32.0,18.44,18.56,18.34,18.50,19948224
31.0,18.32,18.62,18.28,18.29,18870498
365.0,18.10,18.18,18.00,18.12,9501052
364.0,18.16,18.24,18.02,18.13,8534190
363.0,18.13,18.29,18.09,18.20,9025286
362.0,18.20,18.30,18.10,18.11,7818142
361.0,18.03,18.27,17.92,18.20,11023990
357.0,18.09,18.16,17.94,18.13,17797350
356.0,18.24,18.28,18.11,18.17,19145990
355.0,18.68,18.70,18.24,18.28,19027128
354.0,18.64,18.80,18.55,18.60,14602640
351.0,18.88,18.88,18.57,18.60,34925824
350.0,18.62,18.95,18.60,18.93,17938122
349.0,18.50,18.73,18.49,18.66,15645250
348.0,18.52,18.68,18.42,18.60,17327644
347.0,18.78,18.84,18.38,18.42,20028126
344.0,18.52,18.84,18.46,18.80,16727750
343.0,18.68,18.72,18.45,18.50,15452004
342.0,18.67,18.80,18.60,18.68,15583712
341.0,18.58,18.82,18.52,18.58,17167552
340.0,18.57,18.60,18.32,18.36,13883056
337.0,18.73,18.76,18.53,18.62,12626388
336.0,18.62,18.86,18.47,18.85,21945474
335.0,18.56,18.72,18.48,18.60,30669246
364.0,18.25,18.36,18.12,18.25,29356378
363.0,18.56,18.58,18.32,18.53,19583286
360.0,18.70,18.76,18.55,18.55,5508278
358.0,18.75,18.91,18.72,18.89,19606536
357.0,18.70,18.80,18.47,18.49,18201938
356.0,18.94,19.10,18.74,18.85,14253960
353.0,19.00,19.08,18.89,19.04,16926524
352.0,19.01,19.20,18.87,18.98,15700010
351.0,18.95,19.00,18.72,18.85,19755360
350.0,18.95,19.28,18.86,18.92,19401308
349.0,19.00,19.21,18.90,19.00,14754206
346.0,19.25,19.35,18.82,18.90,24225416
345.0,19.27,19.50,19.18,19.49,15549780
344.0,19.38,19.38,19.10,19.36,17807580
343.0,19.39,19.44,19.16,19.26,19469844
342.0,19.39,19.46,19.10,19.42,22122346
339.0,19.76,19.80,19.28,19.48,23030886
338.0,20.02,20.05,19.74,19.82,17564878
337.0,20.18,20.18,19.76,19.90,16858146
336.0,20.28,20.30,20.04,20.16,15594966
335.0,19.96,20.36,19.94,20.12,20092082
332.0,19.80,19.95,19.78,19.84,10234600
331.0,19.78,19.99,19.75,19.93,13348578
330.0,19.62,19.89,19.50,19.73,15290400
329.0,19.76,19.81,19.53,19.80,13542010
328.0,19.68,19.92,19.64,19.77,20270102
325.0,19.55,19.56,19.34,19.56,14621766
324.0,19.25,19.56,19.25,19.55,25294952
323.0,18.74,19.62,18.64,19.20,40287106
322.0,18.75,18.82,18.24,18.36,23125608
321.0,18.96,19.00,18.76,18.77,17064402
318.0,18.60,18.92,18.50,18.86,27615936
317.0,18.41,18.59,18.33,18.40,17538342
316.0,18.14,18.39,18.10,18.34,13482212
315.0,17.98,18.14,17.85,18.06,15559638
314.0,18.14,18.22,18.04,18.10,11040908
311.0,18.10,18.24,17.97,18.16,12711658
310.0,17.92,18.15,17.86,18.13,11729470
309.0,18.01,18.05,17.71,17.88,16924284
308.0,17.88,18.10,17.78,18.01,18493628
307.0,17.85,17.95,17.63,17.68,15809368
304.0,17.90,18.12,17.78,17.88,13908840
303.0,17.92,18.16,17.75,17.80,19965234
302.0,17.98,17.98,17.80,17.94,15393308
301.0,17.92,18.28,17.86,18.07,20015822
300.0,18.20,18.22,17.92,17.93,10561896
297.0,18.18,18.38,18.00,18.28,15356604
296.0,17.94,18.11,17.85,17.89,17482984
295.0,17.93,18.25,17.93,18.00,19668212
294.0,17.74,17.98,17.58,17.95,19058616
293.0,17.28,17.84,17.28,17.80,22333796
290.0,17.50,17.55,17.22,17.28,28282930
289.0,17.25,17.50,17.19,17.48,14680984
288.0,17.29,17.44,17.14,17.42,11139596
287.0,17.11,17.30,17.11,17.26,14663772
286.0,17.32,17.32,17.06,17.20,14581322
283.0,17.10,17.28,16.98,17.20,14902450
282.0,17.06,17.08,16.89,17.02,10676028
281.0,16.64,16.98,16.64,16.96,14912014
280.0,17.00,17.00,16.56,16.62,15668600
276.0,16.80,17.02,16.66,17.01,22363930
275.0,16.45,16.72,16.36,16.58,16278488
274.0,16.04,16.52,16.02,16.51,30595284
273.0,16.16,16.26,15.88,15.92,38403700
272.0,16.18,16.35,16.10,16.21,24914334
269.0,16.10,16.29,15.90,16.26,29399012
268.0,16.46,16.46,15.95,16.04,32903904
267.0,16.06,16.42,16.02,16.41,25346448
266.0,16.26,16.34,16.04,16.04,31742300
265.0,16.48,16.56,16.40,16.42,19311566
262.0,16.54,16.56,16.21,16.32,25743634
261.0,16.82,16.84,16.48,16.56,27683710
260.0,17.00,17.07,16.86,16.88,40232108
259.0,17.02,17.30,16.88,17.08,20388854
258.0,17.13,17.17,16.85,16.93,21433018
255.0,17.25,17.45,17.15,17.16,16061818
254.0,17.04,17.40,17.00,17.33,19353930
253.0,17.62,17.69,17.23,17.28,23442020
252.0,17.80,18.06,17.68,17.90,20017928
251.0,18.01,18.02,17.80,17.88,17472342
248.0,17.84,17.94,17.65,17.91,22605948
247.0,17.53,18.06,17.46,17.86,29825900
246.0,17.34,17.66,17.21,17.61,23428168
245.0,17.20,17.40,17.12,17.24,15718416
244.0,16.92,17.29,16.88,17.23,26386072
242.0,16.56,16.84,16.54,16.66,21930174
241.0,17.12,17.22,16.58,16.70,23582806
240.0,16.75,16.98,16.58,16.71,29995552
239.0,16.72,16.77,16.41,16.70,92262118
238.0,16.60,16.85,16.05,16.70,34005384
235.0,16.86,16.91,16.42,16.72,25158500
234.0,16.52,16.93,16.51,16.89,29403154
233.0,16.29,16.72,15.86,16.46,60268890
232.0,16.33,16.52,16.26,16.50,26056862
231.0,16.00,16.58,16.00,16.46,33461212
228.0,17.24,17.44,15.92,15.97,62530494
227.0,17.45,17.62,17.30,17.45,21451032
226.0,17.66,17.74,17.35,17.40,21826116
225.0,17.32,17.72,17.26,17.60,18014002
224.0,17.35,17.36,17.15,17.24,18961054
221.0,17.36,17.46,17.24,17.37,19020760
220.0,17.50,17.53,17.17,17.41,25102810
219.0,17.34,17.50,17.14,17.47,23426730
218.0,17.56,17.71,17.21,17.38,21247952
214.0,17.19,17.58,17.09,17.44,19527640
213.0,17.12,17.14,16.65,17.07,23916398
211.0,17.42,17.56,17.13,17.14,19945910
210.0,17.70,17.80,17.37,17.48,18170624
209.0,18.24,18.24,17.75,17.88,12980214
206.0,17.83,18.41,17.83,18.18,26452890
205.0,18.00,18.18,17.80,17.86,18453354
204.0,17.86,18.22,17.82,18.10,14890244
203.0,17.96,18.40,17.92,17.96,20666246
202.0,18.08,18.25,17.98,18.05,15680120
199.0,18.01,18.25,17.88,18.01,27190438
198.0,18.01,18.04,17.76,17.98,19032558
197.0,17.64,18.06,17.30,17.90,21576542
196.0,17.37,17.78,17.34,17.76,21943584
195.0,17.37,17.63,17.28,17.32,18547148
192.0,16.85,17.32,16.75,17.26,23324958
191.0,16.58,16.95,16.54,16.86,26437114
190.0,16.79,16.89,16.44,16.46,32355886
189.0,17.22,17.26,16.42,16.73,50593318
188.0,17.40,17.50,17.18,17.22,26452172
185.0,17.56,17.74,17.28,17.35,33901864
184.0,17.92,18.16,17.80,17.95,22405164
183.0,17.91,18.00,17.60,18.00,26167798
182.0,17.91,18.14,17.70,17.72,18942304
178.0,18.18,18.24,17.93,17.96,26511446
177.0,17.75,18.14,17.62,18.12,32932308
176.0,18.11,18.35,17.39,17.41,43800450
175.0,18.08,18.14,17.81,18.09,28089404
174.0,18.08,18.44,17.96,18.18,25030394
171.0,18.19,18.59,18.04,18.28,38693240
170.0,19.28,19.32,18.46,18.48,49436974
169.0,19.20,19.72,19.05,19.50,34776768
168.0,19.12,19.44,19.06,19.14,21212924
167.0,18.85,19.14,18.73,19.12,27792988
164.0,19.75,19.86,18.78,18.89,55422802
163.0,20.10,20.18,19.72,19.74,19193440
162.0,19.80,20.11,19.68,20.08,27321216
161.0,19.46,20.13,19.36,19.63,30900518
160.0,19.30,19.90,19.02,19.19,38259418
157.0,19.50,19.66,19.04,19.18,38058150
156.0,19.88,20.12,19.00,19.59,39032732
155.0,19.24,20.18,19.14,20.10,50235700
154.0,19.68,19.75,19.21,19.26,41828800
153.0,19.84,20.06,19.78,19.88,25136330
150.0,20.54,20.55,19.78,19.86,40694252
149.0,20.38,20.54,20.16,20.20,33515204
148.0,20.18,20.44,20.12,20.34,27811928
147.0,20.49,20.58,20.10,20.18,35052802
146.0,20.78,20.80,20.26,20.28,30011630
143.0,20.49,20.88,20.43,20.84,41925180
142.0,20.52,20.81,20.24,20.30,80499354
141.0,20.99,21.25,19.95,20.38,146444292
140.0,22.83,22.99,22.38,22.54,27776122
139.0,22.87,22.98,22.60,22.87,14050318
136.0,22.64,22.94,22.62,22.85,18809154
135.0,22.97,23.09,22.60,22.66,17588020
134.0,22.96,23.31,22.90,23.03,16827326
133.0,22.97,23.30,22.88,23.18,24087168
132.0,22.90,23.06,22.85,22.94,12811686
129.0,22.90,22.98,22.76,22.90,14091790
128.0,22.75,22.98,22.55,22.91,15041444
127.0,22.84,22.84,22.60,22.72,11921092
126.0,22.77,22.89,22.71,22.76,11472202
125.0,23.02,23.10,22.70,22.92,12673806
120.0,22.76,22.88,22.66,22.74,14102700
119.0,23.04,23.07,22.65,22.80,15933744
118.0,22.67,23.11,22.66,22.94,14648452
115.0,23.12,23.18,22.49,22.67,23744602
114.0,23.68,23.75,22.88,22.98,40254102
113.0,23.73,23.88,23.55,23.64,14502224
112.0,24.21,24.22,23.72,23.88,17344514
111.0,23.96,24.32,23.90,24.08,14698878
108.0,23.84,24.00,23.45,23.94,38569638
107.0,23.67,23.75,23.49,23.71,11150270
106.0,23.80,23.80,23.45,23.59,15564294
105.0,23.77,23.80,23.61,23.74,10753910
104.0,23.74,23.87,23.60,23.76,12462876
101.0,23.88,23.88,23.48,23.71,16998374
100.0,23.56,23.66,23.32,23.55,18272544
99.0,23.75,23.88,23.62,23.64,12711170
98.0,23.40,23.87,23.40,23.72,14541834
97.0,23.70,23.77,23.38,23.50,14617308
94.0,23.46,23.82,23.46,23.80,16142088
93.0,23.68,23.70,23.36,23.53,19899888
92.0,23.66,23.84,23.62,23.78,17649384
91.0,23.62,23.78,23.50,23.77,15558208
90.0,24.00,24.08,23.70,23.76,18722726
85.0,23.76,23.84,23.54,23.80,18997298
84.0,23.50,23.74,23.30,23.70,23808304
83.0,23.81,23.99,23.65,23.78,18946516
82.0,24.00,24.05,23.64,23.68,20081390
81.0,24.28,24.40,23.81,23.94,27887458
78.0,24.55,24.72,24.39,24.42,23378120
77.0,24.38,24.75,24.33,24.72,25876958
76.0,23.48,24.50,23.47,24.32,35694032
75.0,23.99,24.02,23.15,23.44,26284350
71.0,23.20,23.56,23.10,23.50,19065044
70.0,22.90,23.54,22.80,23.38,22954088
69.0,23.22,23.40,22.84,22.98,22747652
68.0,23.28,23.50,23.02,23.15,18991980
67.0,23.15,23.24,22.84,23.04,15455170
64.0,23.20,23.43,22.72,23.19,28936640
63.0,23.71,23.73,23.18,23.24,23467418
62.0,24.11,24.15,23.58,23.77,27631910
61.0,23.82,24.28,23.74,24.28,20596612
60.0,24.12,24.18,23.81,23.90,18501728
57.0,23.80,24.25,23.75,24.14,25100904
56.0,23.62,23.97,23.45,23.76,27933860
55.0,23.54,24.16,23.44,24.02,56744052
54.0,22.80,22.80,22.34,22.44,20806008
53.0,23.18,23.20,22.84,22.86,20666274
50.0,23.04,23.21,22.82,23.04,22094934
49.0,23.12,23.25,22.60,22.89,24302322
48.0,23.15,23.18,22.72,23.02,15961194
47.0,22.88,23.30,22.86,23.14,20906642
43.0,22.64,23.00,22.39,22.76,19067252
42.0,22.95,23.00,22.60,22.73,16884750
41.0,22.54,22.94,22.44,22.76,17846102
40.0,22.50,22.53,22.26,22.48,13968428
39.0,22.20,22.52,22.15,22.44,17399008
36.0,22.48,22.55,22.12,22.27,17618422
35.0,22.38,22.58,22.28,22.44,20892918
34.0,22.00,22.50,21.80,22.38,32750212
33.0,21.68,21.70,21.35,21.63,20788070
32.0,21.70,21.86,21.54,21.65,16809088
365.0,21.99,21.99,21.62,21.64,10998802
364.0,21.74,21.99,21.67,21.90,10163568
363.0,21.67,21.82,21.58,21.74,8677328
362.0,21.58,21.72,21.45,21.63,8714004
358.0,21.50,21.54,21.38,21.50,4028178
357.0,21.64,21.68,21.47,21.50,10613796
356.0,21.65,21.88,21.56,21.62,11761804
355.0,21.52,21.80,21.50,21.58,15739630
352.0,21.76,21.78,21.30,21.42,31330900
351.0,21.53,21.72,21.36,21.60,21901618
350.0,22.69,22.73,21.48,21.62,46601000
349.0,22.95,23.14,22.42,22.66,29395626
348.0,23.22,23.59,23.22,23.48,10289622
345.0,23.08,23.36,23.08,23.21,7782048
344.0,23.02,23.34,22.98,23.14,15104850
343.0,23.08,23.10,22.69,23.00,9364746
342.0,23.07,23.24,22.96,23.06,11028634
341.0,23.25,23.46,23.21,23.31,7997890
338.0,23.30,23.50,23.17,23.30,9625070
337.0,23.20,23.50,23.09,23.13,14797158
336.0,23.23,23.40,23.16,23.27,11495422
335.0,22.90,23.31,22.82,23.20,18633616
364.0,23.23,23.28,22.96,23.06,14544486
361.0,23.00,23.44,22.89,23.28,4503334
359.0,23.52,23.56,23.36,23.49,5275688
358.0,23.56,23.68,23.28,23.48,8719786
357.0,23.46,23.56,23.27,23.50,9696298
354.0,23.14,23.32,23.02,23.20,9872414
353.0,23.12,23.33,22.95,23.26,10876926
352.0,23.64,23.64,23.16,23.39,12885170
351.0,23.64,23.75,23.51,23.74,7468670
350.0,23.63,23.76,23.46,23.72,13644478
347.0,23.39,23.64,23.34,23.52,10393862
346.0,23.66,23.72,23.37,23.44,10552056
345.0,23.60,23.73,23.38,23.57,12275684
344.0,23.11,23.57,23.04,23.40,15565538
343.0,23.22,23.29,22.94,23.29,19425154
340.0,22.74,23.30,22.70,23.13,17305900
339.0,22.03,22.79,21.98,22.75,27357516
338.0,22.06,22.15,21.78,21.94,14806784
337.0,21.22,22.02,21.22,21.90,22115614
336.0,21.48,21.58,21.20,21.34,14942716
333.0,21.46,21.64,21.24,21.28,25506624
332.0,21.32,21.50,21.16,21.47,16083844
331.0,21.54,21.75,21.24,21.29,15707838
330.0,21.72,22.00,21.45,21.56,14408558
329.0,22.01,22.12,21.44,21.72,18314958
326.0,22.08,22.30,21.86,21.92,29560132
325.0,22.30,22.54,22.24,22.30,30702790
324.0,22.64,22.68,21.90,22.66,47583508
323.0,23.26,23.33,22.90,23.06,17409486
322.0,23.15,23.50,23.04,23.40,15001552
319.0,23.24,23.26,22.97,23.08,11599200
318.0,23.02,23.34,23.02,23.32,19573870
317.0,22.89,23.14,22.74,23.02,12807310
316.0,22.62,22.81,22.57,22.78,12287478
315.0,22.76,22.82,22.52,22.59,10038450
312.0,22.62,22.68,22.50,22.65,9356784
311.0,22.74,22.77,22.52,22.61,10749546
310.0,22.78,22.87,22.54,22.66,9863428
309.0,22.56,22.90,22.32,22.86,13890982
308.0,22.46,22.65,22.24,22.50,14510252
305.0,22.65,22.76,22.23,22.26,20575030
304.0,23.17,23.26,22.65,22.65,16156994
303.0,23.28,23.34,22.95,23.25,13155908
302.0,23.50,23.55,23.07,23.24,10753054
301.0,23.04,23.74,23.00,23.54,11883142
298.0,22.94,23.38,22.88,23.10,13000300
297.0,22.88,23.16,22.75,23.00,11424634
296.0,23.12,23.25,22.88,22.94,10900566
295.0,23.19,23.34,23.00,23.06,13609018
294.0,22.93,23.38,22.92,23.32,10567190
291.0,23.10,23.12,22.65,22.88,18123978
290.0,23.20,23.28,22.74,22.92,17633902
289.0,23.18,23.31,22.96,23.16,11160816
288.0,23.26,23.44,23.04,23.04,12893570
287.0,23.01,23.36,22.95,23.26,10941402
284.0,23.23,23.29,22.88,23.05,14810450
283.0,23.90,23.92,23.02,23.17,19431200
282.0,23.42,23.76,23.36,23.60,15522016
281.0,23.20,23.44,22.98,23.42,13122910
277.0,22.70,23.14,22.70,23.06,9445284
276.0,22.84,22.88,22.50,22.73,9691418
275.0,22.60,22.88,22.46,22.64,12834490
274.0,22.44,23.02,22.34,22.56,15039338
273.0,22.50,22.70,22.36,22.53,12868892
270.0,23.01,23.12,22.42,22.62,11889294
269.0,23.00,23.08,22.62,22.91,11176892
268.0,23.12,23.28,23.03,23.12,10019640
267.0,22.92,23.38,22.86,23.12,11592818
266.0,23.08,23.09,22.78,23.00,11931262
263.0,23.20,23.44,22.98,23.04,15991846
262.0,22.72,23.16,22.56,22.98,19090554
261.0,22.01,22.66,21.90,22.61,13706420
260.0,22.31,22.32,22.02,22.16,12250744
259.0,22.08,22.39,22.04,22.12,13412904
256.0,22.51,22.52,22.06,22.48,15441734
255.0,23.00,23.00,22.49,22.60,12512376
254.0,22.94,23.25,22.78,22.92,15619180
253.0,22.80,23.12,22.62,22.82,12465032
252.0,22.96,23.14,22.77,23.00,12256154
249.0,23.17,23.25,22.80,22.88,15887658
248.0,23.44,23.54,22.71,22.72,20571288
247.0,23.90,23.96,23.34,23.42,18380332
246.0,24.46,24.56,23.69,23.92,17985646
245.0,24.58,24.78,24.31,24.64,9858440
243.0,24.95,24.95,24.44,24.46,9646704
242.0,24.90,25.00,24.69,24.79,14445270
241.0,24.70,24.98,24.70,24.90,10812034
240.0,24.50,24.91,24.40,24.86,15496244
239.0,24.28,24.50,24.18,24.48,11372004
236.0,24.02,24.28,23.84,24.22,12665844
235.0,23.88,24.46,23.80,24.17,22721552
234.0,23.20,24.00,23.20,23.93,25395858
233.0,23.95,24.30,23.80,24.28,18803900
232.0,23.92,24.08,23.60,23.98,14781734
229.0,24.00,24.25,23.83,23.92,24742384
228.0,22.95,23.61,22.90,23.44,17984786
227.0,22.70,23.02,22.46,22.91,16626388
226.0,22.68,22.82,22.38,22.46,11819282
225.0,22.24,22.66,22.07,22.64,13291424
222.0,22.32,22.48,22.18,22.22,12001472
221.0,22.44,22.48,22.20,22.36,12122132
220.0,22.87,22.92,22.38,22.46,17054656
219.0,22.84,22.90,22.59,22.60,14383402
218.0,22.99,23.12,22.62,22.88,13701594
214.0,23.26,23.35,22.95,22.95,13801126
213.0,23.42,23.80,23.37,23.42,12284570
211.0,23.56,23.75,23.32,23.42,17196526
210.0,23.73,23.83,23.26,23.68,9716048
207.0,23.54,23.86,23.54,23.76,14399980
206.0,23.06,23.99,22.97,23.94,17494674
205.0,23.30,23.45,22.98,23.26,14614654
204.0,23.19,23.54,23.11,23.33,13970846
203.0,23.28,23.36,22.93,23.16,14521358
200.0,23.50,23.90,23.32,23.51,21652308
199.0,22.88,23.48,22.67,23.25,18401034
198.0,22.18,23.00,22.08,22.76,18865258
197.0,22.04,22.36,21.96,22.08,13669020
196.0,22.50,22.50,21.86,21.96,15115624
193.0,22.00,22.61,21.96,22.47,19583684
192.0,22.01,22.44,22.01,22.10,16880574
191.0,22.18,22.40,21.78,22.14,14655542
190.0,22.20,22.39,22.12,22.29,12070880
189.0,22.04,22.54,22.04,22.24,11461046
186.0,22.54,22.70,22.14,22.29,13304930
185.0,22.34,22.75,22.34,22.46,14811208
184.0,21.55,22.57,21.42,22.36,23853932
183.0,21.20,21.72,21.14,21.54,15986462
182.0,21.58,21.82,21.20,21.38,14789458
179.0,21.00,21.59,20.72,21.55,18547242
178.0,20.77,21.24,20.66,21.01,14689654
177.0,21.36,21.36,20.66,20.72,17053856
176.0,21.00,21.47,20.74,21.24,15754790
172.0,21.26,21.48,21.09,21.16,10906020
171.0,21.30,21.54,21.12,21.28,19696088
170.0,21.50,21.60,21.04,21.16,18051866
169.0,21.58,21.59,21.05,21.34,20013210
168.0,21.82,21.85,21.50,21.68,17299466
165.0,22.01,22.09,21.68,21.88,13385362
164.0,22.12,22.60,22.01,22.10,12403936
163.0,22.04,22.50,22.00,22.20,12885968
162.0,22.44,22.54,22.06,22.27,13144670
161.0,21.98,22.46,21.86,22.32,14814342
158.0,22.34,22.62,21.84,22.00,24929168
157.0,22.10,22.82,21.96,22.72,24896378
156.0,22.29,22.31,21.72,22.02,16889262
155.0,22.50,22.50,22.10,22.26,13458458
154.0,22.55,22.72,22.22,22.45,13826550
151.0,22.98,22.98,22.24,22.40,11640196
150.0,23.68,23.74,22.55,22.90,23713126
149.0,24.00,24.10,23.34,23.48,13865470
148.0,23.96,24.12,23.76,23.80,14974066
147.0,23.84,23.95,23.35,23.76,24713006
144.0,22.88,23.06,22.71,22.90,12592686
143.0,23.05,23.23,22.46,22.95,18055898
142.0,23.12,23.86,22.98,23.11,29242640
141.0,21.86,22.20,21.78,21.86,14228608
140.0,22.08,22.56,21.74,21.88,15581472
137.0,22.40,22.62,21.92,22.34,20879738
136.0,22.26,22.68,22.00,22.42,22159036
135.0,23.02,23.12,21.82,22.27,28958926
134.0,23.62,23.90,23.01,23.32,16937540
133.0,23.70,24.11,23.68,23.76,9484688
129.0,23.80,24.10,23.49,23.82,13021236
128.0,23.76,23.99,23.33,23.70,12099428
127.0,23.84,24.12,23.53,23.72,16541192
126.0,23.44,24.22,23.32,24.18,23090732
123.0,24.16,24.18,23.02,23.49,30236524
122.0,23.00,23.04,22.18,22.35,21809516
121.0,22.55,22.75,22.16,22.59,26792886
120.0,22.88,23.45,22.74,23.16,19735872
119.0,21.96,22.82,21.81,22.81,23080782
116.0,22.10,22.70,22.05,22.18,14908884
115.0,22.11,22.31,21.58,21.97,20104076
114.0,22.01,22.58,21.61,21.94,20071858
113.0,22.85,22.92,21.99,22.28,22755954
112.0,22.38,23.05,22.30,22.84,18725534
109.0,22.52,22.69,22.00,22.16,26965634
108.0,22.82,22.82,21.91,22.15,15390602
107.0,23.05,23.10,22.28,22.57,18901732
106.0,22.34,23.10,22.12,23.05,17358506
105.0,22.72,22.90,21.88,22.10,19103222
102.0,22.29,22.74,22.13,22.72,20397972
101.0,20.55,22.31,20.31,22.22,39389556
100.0,22.30,22.62,21.91,22.02,22299718
99.0,22.10,22.26,21.83,22.26,21678076
98.0,21.99,22.36,21.80,21.86,16421854
95.0,21.98,22.30,21.73,22.00,24313822
94.0,22.35,22.66,21.85,21.89,23158938
93.0,22.66,23.00,22.30,22.68,17409924
92.0,22.26,22.72,22.15,22.51,24546588
91.0,22.02,22.46,21.82,22.14,30900932
86.0,22.99,23.54,22.39,22.40,32017636
85.0,24.76,24.96,23.50,23.54,24678960
84.0,24.90,25.35,24.62,24.77,16422002
83.0,24.48,25.28,24.38,25.17,18872188
82.0,25.06,25.25,24.48,24.48,16633802
79.0,24.57,25.12,24.25,25.00,22627164
78.0,24.92,25.08,24.52,24.52,12473196
77.0,24.48,24.93,24.19,24.80,16678670
76.0,24.76,24.79,24.26,24.36,16252754
72.0,25.27,25.50,24.94,25.12,11086436
71.0,24.78,25.25,24.55,25.25,14053350
70.0,25.25,25.25,24.58,24.98,14574212
69.0,25.72,25.92,24.60,24.88,23053198
68.0,26.10,26.14,25.46,25.76,13950086
65.0,26.04,26.52,25.94,26.22,20649388
64.0,25.72,26.23,25.27,26.12,18308362
63.0,26.56,26.64,25.80,25.98,17837866
62.0,26.02,26.56,25.59,26.40,16591322
61.0,25.27,26.00,25.14,25.94,16475476
58.0,25.34,25.90,25.31,25.38,17628746
57.0,25.06,25.63,24.92,25.32,16238302
56.0,24.71,25.69,24.60,25.27,30514416
55.0,24.50,24.50,23.91,24.12,15350732
54.0,24.40,24.70,23.95,24.20,15352698
51.0,24.10,24.35,23.90,24.12,12969950
50.0,24.04,24.58,24.00,24.35,14829088
49.0,23.98,24.78,23.78,24.70,20986188
48.0,24.06,24.53,23.60,23.60,18140992
44.0,24.02,24.32,23.76,24.14,17154702
43.0,23.70,24.26,23.62,24.02,16829620
42.0,23.88,24.21,23.70,23.81,15289536
41.0,23.89,24.70,23.82,24.20,16263022
40.0,23.88,24.13,23.45,23.82,12794046
37.0,24.54,24.55,23.68,23.88,13732904
36.0,24.34,24.44,23.80,24.44,15022278
35.0,24.50,25.00,24.08,24.36,15564804
34.0,25.60,25.62,24.50,24.82,17652898
33.0,25.88,25.99,25.20,25.50,15667170
30.0,25.45,26.18,25.33,26.09,11257050
