323.0,1007.05,1008.65,1002.27,1005.07,1606031
322.0,1004.75,1007.32,997.30,1001.84,1714243
321.0,1011.05,1016.31,1005.32,1012.74,1279780
320.0,1007.44,1014.56,1006.05,1011.00,1012998
319.0,1009.63,1012.00,1001.52,1009.35,1071023
316.0,1009.11,1014.76,1007.06,1007.87,1327632
315.0,1003.84,1011.54,1001.10,1005.65,1530664
314.0,989.04,1007.56,987.94,1005.65,1814999
313.0,995.30,997.47,981.11,987.80,1163400
312.0,995.00,1000.46,991.50,992.31,1295467
309.0,980.00,994.26,978.51,993.64,1553033
308.0,972.79,986.51,970.27,985.19,1780946
307.0,971.76,974.40,965.61,966.78,1057769
306.0,967.56,972.44,962.70,972.08,1083948
305.0,975.65,977.74,961.95,967.47,1539122
302.0,966.00,975.81,966.00,973.72,2031092
301.0,956.25,966.18,955.55,964.81,1400931
300.0,942.74,965.43,941.95,959.90,2327854
299.0,936.69,944.08,935.12,937.43,1672749
298.0,939.45,939.75,924.51,934.28,1873375
295.0,942.77,950.00,940.84,943.26,1074806
294.0,948.13,952.80,939.38,947.55,1370685
293.0,937.73,950.00,937.50,947.54,2004018
292.0,933.41,937.94,926.66,936.86,1242726
291.0,935.01,936.86,925.40,929.75,1473651
288.0,940.09,941.75,931.25,935.29,1994265
287.0,946.00,948.03,938.36,940.13,1427379
286.0,945.50,952.85,944.74,950.44,1095382
285.0,946.92,948.08,937.50,946.65,1284787
284.0,947.20,952.68,941.00,943.29,1337365
281.0,949.70,950.70,940.01,941.41,999916
280.0,944.25,950.50,937.53,949.89,1116575
279.0,943.87,944.50,932.68,942.02,1391529
278.0,946.86,951.39,935.60,941.48,1460830
274.0,957.47,958.33,950.28,951.99,1042885
273.0,946.30,957.20,946.25,955.24,1693313
272.0,935.67,945.86,934.05,943.63,1120342
271.0,919.95,938.19,919.31,935.75,1158576
270.0,931.88,934.85,926.11,928.13,1049397
267.0,939.21,940.73,930.10,930.50,1187313
266.0,943.71,946.31,930.74,936.89,1294559
265.0,937.00,945.42,935.24,942.58,1134464
264.0,926.96,941.96,926.17,940.40,1775099
263.0,925.77,928.25,918.60,920.87,1301243
260.0,926.98,931.02,923.45,926.18,1337404
259.0,942.95,943.81,927.64,927.66,1695694
258.0,941.25,949.90,940.04,944.27,1345261
257.0,941.03,943.07,936.64,938.08,1106484
256.0,939.07,941.04,934.48,938.93,1150612
253.0,923.71,933.36,921.22,930.09,1616708
252.0,935.00,936.30,921.78,923.59,2707393
251.0,938.45,943.76,933.92,940.08,1400852
250.0,944.29,952.49,942.48,944.19,1505064
249.0,947.52,948.96,943.50,945.75,1445754
246.0,943.95,947.54,939.80,945.79,1254574
245.0,949.10,950.00,939.44,940.30,1123921
244.0,948.37,949.10,932.52,947.64,2039418
243.0,947.81,954.49,944.96,946.56,1332456
243.0,960.00,961.19,941.72,945.50,2293389
240.0,947.99,961.79,945.31,958.33,1813794
239.0,969.18,969.52,937.06,952.51,3717900
238.0,972.78,973.95,960.23,965.31,2221625
237.0,970.70,976.73,963.80,969.03,5933602
236.0,994.10,1006.19,990.27,998.31,3984532
233.0,989.00,995.11,984.17,993.84,1463322
232.0,997.00,998.68,984.62,992.19,1418385
231.0,990.01,995.60,987.01,992.77,1412148
230.0,973.36,990.85,972.04,986.95,1413335
229.0,976.32,983.35,970.80,975.96,1660464
226.0,974.00,977.54,970.15,976.91,1079608
225.0,970.80,978.70,964.80,968.85,1524571
224.0,960.86,969.63,957.04,967.66,1602115
223.0,950.52,954.89,945.12,953.53,1461247
222.0,941.95,953.13,941.95,951.00,1451460
219.0,930.98,944.66,929.79,940.81,1663302
218.0,925.00,936.14,919.85,927.69,2014855
217.0,924.20,936.29,918.63,932.26,2094055
215.0,933.22,934.24,915.31,919.46,1694811
211.0,943.99,945.00,929.61,929.68,2287662
210.0,951.35,951.66,929.60,937.82,3206674
209.0,950.66,963.24,936.16,961.01,2745568
208.0,961.60,967.22,947.09,948.09,2443602
207.0,990.00,993.99,970.33,972.09,1517912
204.0,975.50,986.62,974.46,986.09,1563985
203.0,976.87,980.50,973.31,976.62,1009476
202.0,970.79,979.67,969.16,978.59,1161607
201.0,975.31,980.79,968.20,968.99,1297287
200.0,969.65,979.30,968.20,975.22,1468837
197.0,957.91,959.95,948.70,958.62,2559207
196.0,948.02,960.68,940.37,960.18,2427639
195.0,975.50,979.70,959.51,967.93,1505486
194.0,972.04,977.91,962.01,970.50,2005356
193.0,958.72,968.00,936.80,961.81,4202109
190.0,1005.49,1005.50,953.37,970.12,3647857
189.0,1004.23,1005.60,996.62,1004.28,1687925
188.0,998.82,1003.91,995.81,1001.59,1374097
187.0,1003.31,1008.61,994.80,996.68,1552114
186.0,997.89,1007.40,995.45,1003.88,1378916
183.0,988.59,996.48,987.07,996.12,1735469
182.0,990.96,993.14,981.29,988.29,1306384
181.0,996.21,999.60,981.68,987.09,1724095
180.0,992.50,997.62,991.36,996.17,1516685
176.0,992.00,996.39,987.36,993.27,1636416
175.0,979.00,995.78,977.82,991.86,1954149
174.0,975.26,978.12,971.63,977.61,1142488
173.0,969.96,974.51,964.50,970.55,1545421
172.0,957.00,964.82,956.56,964.07,1387392
169.0,952.82,959.56,952.00,954.65,1360299
168.0,943.20,954.18,941.27,950.50,1800465
167.0,959.70,960.99,940.06,942.17,2449058
166.0,963.55,965.90,960.35,964.61,1101544
165.0,955.29,962.70,952.82,959.22,1337697
162.0,957.85,957.98,952.06,955.14,1214851
161.0,951.29,957.99,948.61,955.89,1031093
160.0,956.22,956.71,949.84,954.84,1145969
159.0,961.33,962.20,954.40,956.71,1687942
158.0,947.45,960.99,947.40,958.69,1876690
155.0,956.72,958.44,948.10,950.28,1615548
154.0,950.29,959.14,947.37,954.72,1938260
153.0,936.05,950.20,935.21,948.45,1824759
152.0,933.27,942.98,931.00,937.09,1751292
151.0,924.15,935.82,920.80,932.82,2327782
148.0,929.00,935.90,923.22,924.52,3845857
147.0,890.00,893.38,887.18,891.44,2342303
146.0,891.39,892.99,885.15,889.14,1323297
145.0,882.26,892.25,879.28,888.84,2038032
144.0,868.44,879.96,866.11,878.93,1696483
141.0,860.62,862.44,857.73,858.95,1172870
140.0,859.74,863.93,857.50,860.08,1188843
139.0,857.38,860.20,853.53,856.51,1080336
138.0,852.54,857.39,851.25,853.99,936201
137.0,841.38,855.64,841.03,855.13,1049125
133.0,841.04,843.73,837.85,840.18,1073650
132.0,838.46,843.72,837.59,841.46,1135775
131.0,841.70,844.63,834.60,839.88,974343
130.0,841.54,846.74,840.79,841.70,1046215
127.0,845.00,845.88,837.30,842.10,1111610
126.0,849.50,853.59,844.00,845.10,1533564
125.0,854.71,860.59,847.52,848.91,1855153
124.0,848.00,853.00,847.50,852.57,1348494
123.0,848.75,859.00,847.53,856.75,1969402
120.0,846.83,849.56,845.24,847.80,1440982
119.0,851.98,852.00,846.77,849.48,949398
118.0,842.75,851.58,841.38,849.87,1457347
117.0,839.69,845.40,832.26,840.63,1519202
116.0,828.09,841.38,824.30,838.51,1935211
113.0,842.00,844.00,829.10,835.14,2105682
112.0,841.39,841.69,833.00,839.65,3287669
111.0,849.48,855.35,847.00,849.80,1366749
110.0,870.06,873.47,847.69,850.14,2537978
109.0,869.48,870.34,864.66,867.91,1542199
106.0,873.68,874.42,868.37,872.37,1868252
105.0,870.53,872.71,867.52,870.00,1104452
104.0,867.94,869.88,861.30,868.39,1332885
103.0,863.75,867.58,860.13,865.91,1061692
102.0,860.83,867.13,860.82,864.58,1166605
99.0,862.70,864.23,857.61,861.40,1336585
98.0,853.69,860.71,852.67,857.84,1347697
97.0,853.12,856.93,851.25,853.64,1029834
96.0,847.26,853.33,845.52,851.15,1038696
95.0,846.86,848.94,841.17,847.27,1047872
92.0,848.94,850.82,844.70,849.08,1006612
91.0,856.31,856.49,848.72,849.85,1250938
90.0,851.38,858.00,849.02,856.75,1818671
87.0,847.35,848.83,841.44,844.93,1383119
86.0,844.95,850.67,843.01,849.67,1010333
83.0,847.65,848.36,842.96,847.81,1346189
82.0,851.08,852.62,842.50,851.00,1386681
81.0,848.00,853.79,846.71,851.36,1224889
80.0,847.99,852.20,846.55,849.27,1261062
76.0,841.31,846.94,839.78,846.55,1461210
75.0,838.50,842.69,837.26,842.17,1005084
74.0,838.81,841.77,836.22,837.32,1357185
73.0,839.77,842.00,835.83,840.03,1363345
72.0,837.70,841.74,836.25,838.96,1295708
69.0,832.95,837.15,830.51,834.85,1415128
68.0,831.73,831.98,826.50,830.06,1194238
67.0,830.53,834.25,825.11,829.88,1302225
66.0,825.50,831.92,823.29,829.23,1666605
65.0,820.92,822.39,814.29,821.62,1350875
62.0,823.13,826.13,819.35,820.13,1528095
61.0,815.00,824.56,812.05,818.26,1689179
60.0,824.00,824.00,812.25,815.24,2251047
59.0,819.50,823.07,813.40,820.19,2020180
58.0,837.06,837.23,821.03,823.83,3516933
55.0,859.00,867.00,841.90,845.03,3752497
54.0,859.05,861.00,850.52,856.98,3493251
53.0,853.55,858.79,849.74,858.45,1662148
52.0,846.98,851.52,842.28,849.53,1688375
51.0,831.61,845.54,828.70,844.43,2457377
48.0,829.09,829.24,824.60,828.17,1306183
47.0,829.00,833.00,823.96,824.37,1070454
46.0,829.80,829.81,824.08,829.02,1027698
45.0,830.00,830.18,823.20,827.46,1440905
41.0,831.00,834.65,829.52,830.94,1290182
40.0,828.38,830.38,821.01,829.53,1350308
39.0,826.62,829.90,821.47,829.86,1325394
38.0,827.07,829.41,823.14,826.01,1197442
37.0,826.37,830.43,821.62,827.18,1408924
34.0,814.99,828.96,811.50,825.21,2017097
33.0,807.50,813.74,805.92,813.02,1340535
32.0,809.89,813.43,804.11,807.77,1515339
31.0,800.62,811.44,796.89,808.01,1959033
364.0,803.21,803.28,789.62,792.45,1735879
363.0,802.33,805.75,798.14,802.88,1057392
362.0,813.33,813.33,802.44,804.57,1214756
361.0,808.68,816.00,805.80,809.93,975962
357.0,808.01,810.97,805.11,807.80,765537
356.0,809.10,811.07,806.03,809.68,1132119
355.0,815.72,815.72,805.10,812.20,1459628
354.0,813.37,816.49,811.00,815.20,1271883
353.0,809.28,816.22,804.50,812.50,1263581
350.0,818.31,819.20,808.12,809.84,2598866
349.0,817.36,823.00,812.00,815.65,1769719
348.0,815.92,824.26,812.78,817.89,1799654
347.0,812.39,824.30,811.94,815.34,2128210
346.0,804.82,811.35,804.53,807.90,1628602
343.0,799.30,809.95,798.05,809.45,1904463
342.0,792.95,799.00,787.90,795.17,1612531
341.0,779.95,792.00,773.53,791.47,2029415
340.0,780.19,785.28,773.32,776.18,1734099
339.0,770.00,780.00,766.97,778.22,1688473
336.0,761.90,770.50,759.00,764.46,1718846
335.0,778.55,778.60,753.36,764.33,2867074
364.0,789.10,791.51,773.14,775.88,2279054
363.0,788.38,796.44,785.34,789.44,1561981
362.0,778.35,799.74,778.10,785.79,2575432
359.0,782.61,782.90,778.19,780.23,613549
357.0,789.52,789.52,772.65,779.00,1312981
356.0,788.99,793.77,783.74,785.00,1394174
355.0,778.10,786.55,776.30,784.80,1630835
352.0,787.17,791.29,775.35,775.97,1806264
351.0,782.50,788.90,779.85,786.16,1533679
350.0,770.42,783.50,766.33,779.98,1798360
349.0,765.47,780.24,765.22,775.16,2943889
348.0,771.76,771.78,743.59,753.22,3688274
345.0,776.81,777.29,765.54,771.75,3592641
344.0,810.00,810.06,768.23,780.29,5909609
343.0,801.83,811.71,792.04,805.59,3098510
342.0,802.03,816.04,799.62,811.98,1769069
341.0,794.95,805.00,792.90,802.03,1992570
338.0,771.30,788.48,771.00,781.10,1970603
337.0,784.50,790.00,778.63,782.19,2175216
336.0,806.76,806.76,785.00,788.42,2350736
335.0,810.87,813.96,798.26,805.48,2355890
334.0,822.43,822.63,808.00,809.90,2242679
331.0,829.94,839.00,817.00,819.56,4354884
330.0,823.01,826.58,814.61,817.35,2973486
329.0,827.12,827.71,816.35,822.10,1794868
328.0,838.50,838.50,825.30,828.55,1890712
327.0,830.09,837.94,829.04,835.74,1447616
324.0,820.00,824.29,818.31,824.06,1615814
323.0,827.56,828.46,820.55,821.63,1393870
322.0,824.52,829.81,823.20,827.09,1500142
321.0,814.21,828.81,813.33,821.49,2289265
320.0,805.99,813.49,803.83,806.84,1056367
317.0,807.45,810.09,802.32,804.60,1111934
316.0,806.07,806.56,798.62,804.08,1368981
315.0,811.96,814.50,808.55,811.77,907876
314.0,814.17,819.86,807.37,809.57,1721575
313.0,803.93,817.38,802.24,814.17,1496115
310.0,805.93,805.94,796.82,800.71,1163899
309.0,804.08,806.94,800.51,803.08,1099909
308.0,806.00,808.50,800.71,801.23,1213820
307.0,805.00,806.50,799.67,802.79,1258706
306.0,802.55,803.54,796.23,800.38,1489212
303.0,803.60,808.09,801.50,804.06,1660201
302.0,807.23,813.91,800.86,802.64,1349974
301.0,804.08,810.25,802.78,810.06,1470280
300.0,801.83,813.49,801.83,810.73,1367271
299.0,809.82,810.08,800.45,802.65,1472732
296.0,815.14,817.00,812.73,814.96,1411673
295.0,810.00,819.06,807.71,815.95,1759290
294.0,801.26,805.91,796.03,805.03,1348476
293.0,800.00,802.75,798.26,799.78,1050041
292.0,801.11,803.99,793.56,795.39,1149522
289.0,799.02,799.02,793.62,797.97,2130571
288.0,790.01,803.64,788.66,801.23,1566360
287.0,787.53,796.33,787.53,790.46,1313912
286.0,794.01,795.79,784.33,788.72,1809044
285.0,784.52,800.17,783.50,798.82,1863737
282.0,798.77,801.75,788.05,788.48,1887633
281.0,805.22,808.42,801.01,802.84,1177660
280.0,807.93,810.60,803.72,807.99,1145724
279.0,798.39,810.89,795.43,808.02,1989537
275.0,795.27,797.10,793.26,796.87,1347368
274.0,791.98,792.89,786.33,791.40,1303460
273.0,789.60,791.57,787.20,789.85,1071420
272.0,792.88,798.00,789.47,791.92,1167413
271.0,793.05,798.52,790.32,795.82,773698
268.0,792.49,799.40,789.41,793.22,1248881
267.0,792.00,794.72,787.23,791.30,1202680
266.0,796.86,798.46,790.76,793.60,1284437
265.0,800.48,801.00,795.99,796.59,917513
264.0,798.51,799.30,794.33,796.95,853365
261.0,799.79,801.23,796.88,799.65,1120763
260.0,805.36,808.00,801.63,802.75,865160
259.0,800.00,805.63,796.30,805.42,1066070
258.0,803.50,804.26,797.00,801.19,1057897
257.0,807.21,811.36,804.03,805.96,930074
254.0,805.09,807.19,803.64,807.05,897283
253.0,810.47,813.88,806.00,808.20,1282274
252.0,807.05,810.88,806.49,808.49,918514
251.0,804.49,813.33,804.06,807.48,1607685
250.0,806.00,807.60,801.69,805.23,1221609
247.0,800.11,807.22,797.81,806.93,1807271
246.0,798.24,800.20,793.92,797.25,1076031
245.0,796.47,799.54,793.02,798.92,1461025
244.0,797.33,802.32,794.53,800.12,1996354
243.0,786.67,807.49,785.04,800.94,3029658
241.0,797.71,803.94,790.00,791.34,5090527
240.0,768.84,768.97,759.09,765.84,3673221
239.0,758.97,764.45,755.93,761.97,1608589
238.0,757.52,759.26,752.75,757.65,1189573
237.0,757.68,759.82,754.07,757.52,1073310
234.0,757.32,759.45,752.66,759.28,1046024
233.0,757.00,758.15,751.52,754.41,953053
232.0,754.05,760.64,754.05,757.08,1125117
231.0,749.87,756.59,748.49,753.41,1521795
230.0,737.91,755.14,736.51,753.20,1934900
227.0,741.00,741.00,734.64,735.63,1617087
226.0,733.94,736.14,730.59,735.80,1070351
225.0,735.52,735.52,729.02,729.48,1021827
224.0,731.92,735.60,727.50,732.51,1328680
223.0,719.42,728.93,718.86,727.20,1441113
220.0,710.56,717.90,708.11,717.78,1497323
219.0,710.11,710.17,700.67,707.26,1058698
218.0,699.84,713.00,699.00,708.97,1445126
217.0,705.01,708.12,699.13,704.89,1422028
213.0,705.10,712.53,703.73,710.25,1549160
211.0,697.65,703.77,694.90,703.53,2112513
210.0,694.26,699.50,692.68,695.19,2156218
209.0,691.37,692.74,684.85,691.26,1912280
208.0,682.49,683.32,672.66,681.14,2919486
205.0,690.17,705.00,684.91,685.20,4771780
204.0,710.55,714.88,700.25,714.87,2125028
203.0,714.05,714.21,705.88,710.47,1452884
202.0,710.05,715.38,704.66,708.88,1515918
201.0,710.31,715.87,705.41,706.13,2282725
198.0,721.39,721.39,701.12,704.25,4113085
197.0,727.96,730.39,715.54,724.25,2250083
196.0,734.92,737.15,731.31,732.19,1161701
195.0,729.31,736.00,726.50,733.25,1329176
194.0,729.82,739.00,729.82,731.88,1167736
191.0,735.95,739.64,730.51,733.19,1452456
190.0,737.07,743.93,736.50,742.52,958963
189.0,739.50,743.81,735.76,742.93,1615727
188.0,733.27,736.71,730.80,731.09,1215741
187.0,738.50,738.50,728.29,730.06,1499648
184.0,741.49,741.49,733.91,735.86,1230376
183.0,746.10,747.30,737.00,744.27,1695824
182.0,748.47,751.37,744.34,748.46,1039847
181.0,748.76,753.48,745.57,748.85,2124248
177.0,737.51,747.91,737.01,747.60,1738913
176.0,736.00,741.10,733.00,736.93,1298295
175.0,735.00,739.89,732.60,738.10,1610773
174.0,719.85,734.20,719.64,733.03,1890195
173.0,719.98,723.50,716.94,717.25,1233407
170.0,716.46,727.70,715.01,721.71,1722506
169.0,718.30,720.50,710.30,715.31,1495741
168.0,718.50,725.57,715.02,721.78,1620691
167.0,731.06,735.85,718.00,720.19,1667998
166.0,724.32,732.68,720.00,730.30,1124220
163.0,726.62,731.29,723.51,724.83,1241301
162.0,732.00,735.37,724.27,728.07,1352779
161.0,740.52,740.80,727.90,730.55,1484998
160.0,734.96,740.00,731.61,739.38,1627899
159.0,726.70,734.29,723.50,729.13,1898866
156.0,712.20,725.99,711.95,725.18,1982458
155.0,715.00,717.55,709.45,714.71,1479828
154.0,706.77,715.05,704.05,711.37,1610174
153.0,712.50,713.37,707.33,708.44,1922797
152.0,711.92,715.41,706.36,714.41,1672285
149.0,704.12,712.11,703.78,707.88,2906358
148.0,723.29,729.26,703.20,705.06,3114203
147.0,725.32,727.15,709.08,721.46,3289534
146.0,744.42,745.59,720.32,725.37,2754324
145.0,735.35,744.88,735.10,742.21,2469163
142.0,743.91,753.92,730.37,737.77,6978506
141.0,777.31,781.68,771.55,780.00,3326803
140.0,779.16,779.66,771.27,774.92,1706231
139.0,790.50,790.95,770.27,776.25,2191366
138.0,780.19,788.55,777.61,787.68,1669701
135.0,775.50,780.93,774.93,780.00,1555865
134.0,775.36,779.61,773.22,775.39,1348011
133.0,770.31,775.75,764.59,771.91,1768980
132.0,758.43,764.92,751.56,764.32,1366559
131.0,765.45,767.22,757.34,757.54,1584036
128.0,765.87,767.13,755.77,759.47,1171738
127.0,765.32,769.36,757.50,760.12,1254028
126.0,757.84,768.42,756.30,768.07,1257118
125.0,758.13,762.87,755.60,758.57,1222147
124.0,769.51,772.44,761.78,765.12,1343934
121.0,757.16,770.04,755.20,769.67,1581222
120.0,768.34,769.08,758.25,762.90,1623821
119.0,768.21,777.31,767.58,768.34,2017229
118.0,753.68,767.18,748.29,765.89,1987121
117.0,756.17,758.30,752.04,753.28,1082515
113.0,751.20,757.56,750.50,754.84,1528469
112.0,763.35,765.39,756.03,757.56,1224825
111.0,758.44,765.00,757.88,760.05,1103115
110.0,753.91,763.34,751.27,762.16,1435734
107.0,761.63,762.14,751.82,755.41,2811069
106.0,757.65,765.34,757.36,758.48,2227322
105.0,749.05,759.00,746.50,757.36,1447671
104.0,746.02,753.01,742.84,750.57,1491578
103.0,744.97,754.26,743.66,750.24,1639483
100.0,739.95,744.90,736.70,744.87,1727331
99.0,727.79,736.54,723.29,732.17,2228566
98.0,715.16,726.24,712.66,725.41,1954640
97.0,708.39,722.25,704.00,713.53,2537925
96.0,725.15,727.21,705.14,712.80,3084522
93.0,734.80,735.00,725.62,730.22,2421300
92.0,739.48,741.00,729.63,731.59,2025353
91.0,742.87,743.12,733.25,739.48,1781343
90.0,721.30,742.33,718.64,742.17,3001329
88.0,721.00,730.60,716.84,717.22,2237474
85.0,733.60,736.16,721.94,724.86,2120631
84.0,722.93,729.51,713.23,729.12,1798643
83.0,710.61,721.22,702.02,720.90,1833671
82.0,726.10,730.90,715.67,717.29,2053583
81.0,729.51,734.84,723.45,729.05,1850912
78.0,715.90,724.03,713.12,722.11,1721784
77.0,733.96,736.00,715.55,717.51,2330509
76.0,727.00,733.76,716.61,731.97,2437275
75.0,718.65,722.88,710.18,717.64,2151167
71.0,712.21,716.00,701.58,706.89,2317193
70.0,696.34,712.32,691.19,706.36,3227256
69.0,711.79,723.22,705.39,706.85,3011661
68.0,692.95,720.96,688.50,701.02,4197924
67.0,687.68,704.52,682.01,704.16,4438257
64.0,725.50,726.72,700.14,703.76,5444953
63.0,744.59,745.24,722.60,730.03,5214827
62.0,786.28,791.43,736.26,749.38,6543977
61.0,800.50,810.35,780.60,780.91,6776535
60.0,771.26,777.59,761.38,770.77,5102641
57.0,748.96,765.10,744.20,761.35,3759222
56.0,738.19,751.16,730.60,748.30,3093589
55.0,735.89,735.89,713.45,717.58,2082928
54.0,735.21,739.46,726.97,733.79,1543054
53.0,743.84,752.46,732.50,733.62,2259778
50.0,742.00,748.56,740.50,745.46,2350965
49.0,720.17,737.67,711.11,726.67,2594281
48.0,705.90,726.95,687.78,718.56,4114182
47.0,720.15,725.35,709.85,719.08,2408193
43.0,709.99,724.16,701.51,710.49,3777815
42.0,724.44,739.89,705.00,731.39,2755725
41.0,749.34,753.00,716.78,719.57,2554586
40.0,740.75,748.34,736.43,745.34,2340753
39.0,731.95,735.08,719.56,733.07,2544806
36.0,747.80,750.12,728.92,730.91,2375348
35.0,746.49,755.31,735.28,741.00,3156563
34.0,750.37,765.73,748.00,759.33,2410301
33.0,764.10,769.20,755.65,761.53,2260795
32.0,762.20,762.20,747.54,759.44,3352912
365.0,787.82,788.33,777.32,778.01,1637561
364.0,793.96,796.46,787.20,790.30,1428280
363.0,786.99,798.69,786.20,793.96,1921480
362.0,770.00,782.82,767.73,782.24,1557755
358.0,768.52,769.20,764.39,765.84,521141
357.0,770.69,771.90,757.65,768.51,1529742
356.0,764.27,770.34,761.20,767.13,1816935
355.0,763.05,766.35,754.15,760.80,1742368
352.0,767.23,774.14,756.59,756.85,3389702
351.0,781.16,781.59,769.30,769.83,1825538
350.0,766.57,781.50,757.04,776.59,2656010
349.0,767.79,774.75,758.00,760.09,2469319
348.0,751.26,764.15,736.26,762.54,2693160
345.0,749.00,757.44,748.65,750.42,2159164
344.0,763.59,766.07,755.00,760.04,1622940
343.0,771.10,776.09,752.01,762.55,2327471
342.0,764.50,778.65,762.52,775.14,1554121
341.0,780.06,781.00,766.72,772.99,1831287
338.0,769.71,782.42,765.51,779.21,2489998
337.0,780.56,784.48,762.45,768.20,2097494
336.0,785.25,793.05,776.43,777.85,2333578
335.0,766.94,785.00,765.95,783.79,2014110
364.0,771.87,775.03,761.12,762.85,1597322
361.0,769.16,774.00,767.00,771.97,722319
359.0,771.69,773.00,766.53,769.26,1180643
358.0,772.96,775.99,758.11,769.63,2361490
357.0,777.47,782.90,773.51,776.70,1730626
354.0,769.30,779.32,764.10,777.00,2766452
353.0,759.78,763.23,757.23,759.94,1401779
352.0,749.57,761.10,747.39,760.01,1798877
351.0,752.47,754.95,744.05,745.98,1925901
350.0,740.21,751.71,734.33,750.42,2519424
347.0,754.04,755.33,739.47,740.07,2374561
346.0,760.18,765.80,755.86,756.53,1604146
345.0,762.38,769.08,759.75,765.25,2093287
344.0,753.48,760.60,748.41,758.26,1477669
343.0,758.52,763.30,749.11,754.77,1775525
340.0,759.39,763.02,755.03,761.60,1673013
339.0,758.81,766.35,757.47,760.67,2271675
338.0,749.90,759.90,749.20,755.31,2083374
337.0,745.43,751.70,741.16,748.82,1807488
336.0,734.53,748.18,731.45,747.74,1980977
333.0,745.56,746.31,736.53,737.39,1991811
332.0,736.63,746.79,735.16,744.85,1822826
331.0,733.00,737.37,727.27,736.92,1964310
330.0,726.57,735.96,724.14,732.82,1923970
329.0,720.02,734.95,720.02,731.12,2402045
326.0,750.06,752.50,717.94,719.33,6307414
325.0,675.44,688.05,671.70,681.14,4132551
324.0,683.21,684.90,670.70,671.80,1597571
323.0,697.89,698.00,673.68,680.00,2613344
322.0,694.00,700.24,692.21,699.95,1494286
319.0,695.40,696.22,689.10,695.32,1810998
318.0,685.25,694.16,684.39,693.02,2343459
317.0,683.73,690.04,678.90,680.41,1562196
316.0,674.26,688.46,673.11,683.17,2096308
315.0,669.19,677.98,667.24,676.43,1330987
312.0,667.49,674.08,662.36,671.24,1597534
311.0,669.45,671.89,654.49,667.00,1961858
310.0,677.40,678.74,658.11,670.00,2186605
309.0,669.35,678.80,663.08,671.64,2138738
308.0,661.60,673.03,655.87,671.68,1873783
305.0,638.01,658.26,633.50,656.99,2439435
304.0,637.94,643.84,631.12,642.00,2125315
303.0,631.83,639.31,629.15,638.37,2647655
302.0,625.50,634.68,618.03,622.61,2106466
301.0,639.05,642.85,617.84,624.25,2382300
298.0,658.58,658.58,639.66,640.15,2423992
297.0,648.97,656.77,642.16,654.91,1934639
296.0,652.90,660.28,650.73,653.29,1457995
295.0,657.47,658.82,645.03,653.20,2718081
294.0,665.51,669.00,658.00,666.98,1954667
291.0,665.06,669.84,660.03,660.92,3627210
290.0,667.49,681.99,665.00,671.67,2387605
289.0,665.55,668.07,662.20,665.52,1312598
288.0,656.71,668.85,653.34,665.07,1777320
287.0,655.63,655.92,649.50,652.47,1497627
284.0,650.21,655.31,647.41,655.30,1744615
283.0,643.90,654.90,641.70,651.08,1384602
282.0,651.88,657.36,640.90,643.41,2048908
281.0,641.00,645.04,632.90,643.88,1954648
277.0,629.70,634.50,626.50,628.96,2024990
276.0,647.93,651.25,633.81,637.05,1728562
275.0,638.00,645.06,630.64,644.91,1881489
274.0,633.81,644.44,625.06,629.56,2572884
273.0,654.34,664.41,646.35,647.82,1946844
270.0,665.76,667.00,653.75,659.69,1941833
269.0,671.99,673.98,651.10,667.96,2948736
268.0,643.10,662.48,630.37,659.74,4386985
267.0,646.47,647.00,611.67,612.47,3571469
266.0,600.60,644.33,593.09,618.11,6489430
263.0,671.04,672.89,643.10,644.03,4593970
262.0,689.10,696.16,675.28,679.48,2889877
261.0,690.11,700.20,686.80,694.04,2509697
260.0,691.07,695.76,685.32,688.73,1385544
259.0,688.04,694.74,683.06,694.11,1233951
256.0,684.04,692.26,682.90,689.37,1379855
255.0,689.20,694.03,682.18,686.51,1817748
254.0,694.49,696.00,680.51,691.47,2932328
253.0,699.58,704.00,684.32,690.30,5494011
252.0,667.09,671.62,660.23,663.14,1722915
249.0,667.78,668.80,658.87,664.39,1377152
248.0,673.99,674.75,660.73,670.15,2032984
247.0,665.75,679.91,665.58,673.29,1822387
246.0,664.34,668.00,660.51,661.28,1309410
245.0,657.66,666.67,657.66,664.72,1567407
243.0,664.70,665.00,657.20,657.50,1746094
242.0,657.44,668.05,651.69,664.56,1980345
241.0,662.26,663.33,652.84,661.43,1837805
240.0,661.76,664.10,653.41,659.66,1718193
239.0,651.57,667.07,651.55,658.27,2919110
236.0,676.77,677.79,653.18,654.77,4131137
235.0,691.85,696.07,671.59,674.73,3811598
234.0,694.02,713.33,691.62,695.10,4154987
233.0,684.88,705.60,684.15,695.35,3780230
232.0,688.98,697.80,681.77,692.84,5121752
229.0,680.00,703.00,678.00,699.62,12858136
228.0,589.50,604.50,587.92,601.78,5632054
227.0,583.74,588.69,580.21,583.96,2073330
226.0,574.50,589.71,574.17,584.18,3741583
225.0,559.51,572.85,558.70,571.73,2089641
222.0,553.71,559.29,552.00,556.11,2171750
221.0,548.65,548.88,544.62,544.65,1488324
220.0,545.60,548.28,541.20,541.70,1383065
219.0,547.43,551.00,539.85,550.03,1679759
218.0,542.25,548.58,542.10,545.62,1280687
214.0,544.74,548.00,543.57,547.34,1406213
213.0,543.66,545.81,539.76,543.30,1537973
211.0,545.09,545.90,539.54,540.04,1725464
210.0,546.75,550.90,540.24,541.25,1887816
207.0,559.71,560.00,551.85,553.06,2183753
206.0,560.30,563.14,557.46,557.95,1335270
205.0,562.48,562.64,556.81,558.57,1446156
204.0,559.79,564.90,557.15,563.39,1569808
203.0,559.41,565.61,558.91,559.68,1737569
200.0,556.52,557.91,552.26,557.52,2964489
199.0,548.00,557.25,548.00,556.18,2059603
198.0,545.42,548.36,541.81,546.60,1222049
197.0,544.48,546.69,541.57,544.87,1626349
196.0,542.73,544.05,539.21,543.00,1357481
193.0,547.15,548.85,545.63,547.47,1273383
192.0,554.49,554.83,549.17,550.04,1293560
191.0,545.70,554.78,545.11,552.60,1515805
190.0,543.42,544.84,538.85,542.16,1500846
189.0,549.61,549.87,542.95,543.48,1366816
186.0,552.00,553.33,547.38,549.53,1219841
185.0,552.18,555.96,549.12,551.69,1343317
184.0,555.10,557.99,552.15,555.29,1335479
183.0,547.43,558.79,546.55,553.95,1592828
182.0,548.73,550.57,543.58,549.21,1660500
179.0,553.20,553.94,545.04,545.32,2172282
178.0,553.79,555.76,550.80,554.18,1177318
177.0,548.68,555.29,546.58,554.25,1742237
176.0,552.58,553.33,542.97,547.19,1873709
172.0,554.46,558.24,553.62,554.52,1213288
171.0,550.20,557.61,549.30,556.81,1708512
170.0,550.92,556.06,545.10,552.51,1541962
169.0,548.00,553.40,547.12,549.28,2356274
168.0,543.82,548.34,542.25,546.67,1335256
165.0,550.39,550.60,542.50,546.49,1671977
164.0,543.97,549.69,542.50,549.20,1586833
163.0,540.47,543.84,538.98,539.49,1211920
162.0,542.81,542.96,535.00,538.73,1764123
161.0,548.49,553.37,545.60,545.78,1092923
158.0,548.87,552.80,548.03,548.95,1411264
157.0,535.90,545.20,533.45,542.04,1592220
156.0,542.64,543.93,532.24,535.08,1951728
155.0,550.16,552.61,542.37,543.04,1426417
154.0,550.99,556.69,547.39,552.84,1762952
151.0,550.51,551.22,543.85,551.16,1828566
150.0,558.56,561.11,546.72,548.77,2362024
149.0,560.51,565.84,559.00,561.39,1681064
148.0,564.32,567.83,560.96,564.37,1859787
147.0,572.77,575.52,562.30,566.12,2403105
144.0,580.05,584.70,568.35,573.66,4608403
143.0,550.41,561.17,550.08,557.46,3909155
142.0,543.06,551.00,541.32,549.18,1590320
141.0,546.31,547.77,542.21,542.92,1456387
140.0,533.75,545.80,533.35,544.53,1926064
137.0,537.31,539.80,529.00,532.74,2461698
136.0,538.35,545.23,538.10,543.52,1586088
135.0,537.96,543.19,532.37,541.04,2348087
134.0,546.57,546.57,535.74,539.78,2360329
133.0,547.05,553.27,546.30,548.64,1466277
130.0,549.57,549.85,544.98,548.54,1305219
129.0,549.21,549.37,541.95,548.02,1618299
128.0,546.00,551.50,546.00,548.84,1419316
127.0,544.99,550.16,543.58,544.86,1365916
126.0,538.84,545.54,535.70,543.95,1685894
122.0,547.41,548.00,540.44,541.31,2388019
121.0,554.83,558.50,546.03,549.49,1945090
120.0,557.94,562.45,554.67,554.70,1746622
119.0,560.25,562.16,556.79,561.14,1239350
116.0,561.83,564.07,556.93,557.55,1727629
115.0,564.65,567.19,558.31,563.64,2492141
114.0,577.57,580.07,567.00,567.00,2653451
113.0,568.54,581.88,568.09,577.54,3957844
112.0,566.00,569.64,563.06,565.37,1511686
109.0,566.71,567.10,564.48,564.95,2216038
108.0,564.52,566.96,562.12,563.67,1232969
107.0,557.73,566.51,553.50,566.16,1766221
106.0,558.29,560.64,554.41,557.61,1444560
105.0,556.93,563.75,551.32,561.64,1842754
102.0,559.23,564.36,550.33,553.00,1771354
101.0,558.48,561.84,555.53,561.17,1780057
100.0,559.80,564.18,555.41,555.69,2026158
99.0,568.48,569.76,559.82,559.85,2004024
98.0,570.92,575.45,569.05,574.10,1174244
95.0,582.00,582.78,572.06,572.90,1879619
94.0,579.62,583.20,578.23,581.44,1795889
93.0,576.97,581.63,572.52,578.33,1898150
92.0,576.35,580.85,570.50,578.80,2526280
91.0,567.00,575.99,563.15,575.02,2520304
86.0,558.15,569.42,557.03,562.63,3416445
85.0,545.74,560.13,545.09,559.29,2701584
84.0,538.44,549.57,538.01,547.33,2041827
83.0,531.55,539.40,531.00,538.65,1421373
82.0,539.00,539.30,532.00,535.00,1645276
79.0,547.58,547.58,538.10,541.80,1911732
78.0,542.47,546.86,540.75,546.45,1541669
77.0,543.82,547.55,539.55,542.65,1558153
76.0,551.16,553.00,543.26,545.01,1958679
72.0,547.51,552.54,546.60,551.16,2369115
71.0,539.66,548.34,537.00,546.01,2429520
70.0,539.73,541.95,536.00,538.00,1915336
69.0,532.15,541.00,529.17,540.16,2371468
68.0,531.06,533.88,527.55,529.28,1515687
65.0,531.01,540.22,528.65,533.88,2146922
64.0,527.93,530.69,525.64,529.83,1658751
63.0,533.14,536.75,525.03,526.10,1694832
62.0,529.94,537.45,526.81,533.30,2353096
61.0,534.32,536.50,521.72,532.20,3768861
58.0,519.00,543.10,518.18,537.55,6055445
57.0,512.90,515.19,503.48,513.23,3950857
56.0,525.00,525.69,512.35,512.43,1791077
55.0,531.40,532.78,520.86,521.19,1957440
54.0,541.50,541.50,532.07,536.72,1546563
51.0,538.03,545.41,535.75,541.95,2298290
50.0,523.00,538.84,521.91,537.30,2803401
49.0,510.84,521.85,509.59,520.39,2317789
48.0,512.77,515.61,509.37,509.94,2343612
44.0,503.15,510.85,503.09,510.46,2482858
43.0,508.89,509.75,502.01,504.01,2556682
42.0,500.42,508.26,498.16,505.93,2639959
41.0,502.57,508.60,497.26,501.80,3050295
40.0,499.24,500.28,490.91,497.06,2856938
37.0,508.18,508.60,498.65,500.72,2100024
36.0,501.51,507.50,495.02,506.91,3662224
35.0,510.95,511.49,503.65,505.15,2345875
34.0,520.50,521.21,505.55,506.64,2731813
33.0,527.15,527.99,517.75,519.46,2059119
30.0,532.60,535.80,527.88,529.55,1327870
365.0,537.74,538.40,530.20,530.66,1236445
364.0,534.96,537.84,533.61,535.28,1048631
363.0,540.50,543.93,537.16,537.31,2218632
360.0,536.93,543.25,535.49,541.52,1113464
358.0,538.82,540.29,535.10,536.93,737848
357.0,534.51,542.30,533.72,538.77,2877222
356.0,520.61,532.97,520.59,532.30,3319461
353.0,516.99,520.81,508.86,520.04,4872059
352.0,515.99,516.25,506.56,514.62,3876732
351.0,499.86,509.07,499.11,506.45,3639437
350.0,513.60,515.58,497.19,498.16,4349882
349.0,523.76,525.37,515.40,515.84,2621977
346.0,527.44,532.24,521.46,521.51,2371543
345.0,530.01,537.04,529.16,532.11,2073290
344.0,535.90,539.36,527.49,528.04,2316204
343.0,525.88,536.65,523.41,536.11,2168813
342.0,529.22,533.82,527.00,530.73,3231818
339.0,536.70,538.20,527.26,528.08,3070118
338.0,537.64,542.69,534.89,542.58,1633688
337.0,537.50,541.40,535.21,536.97,1623977
336.0,539.45,541.85,534.66,538.59,2073974
335.0,545.09,548.79,538.62,539.65,1994399
362.0,547.00,549.60,544.48,549.08,1210061
360.0,549.23,549.88,545.23,547.73,1480294
359.0,547.21,552.50,546.91,549.23,1903589
358.0,546.57,551.19,544.15,547.48,1653773
355.0,551.04,551.04,545.00,545.89,2505988
354.0,542.09,545.38,541.50,543.76,1750758
353.0,544.75,548.22,539.19,547.20,1517286
352.0,547.93,552.79,543.80,544.51,1822166
351.0,555.19,555.19,544.44,546.64,1680621
348.0,558.00,558.00,552.51,555.19,1425060
347.0,560.81,560.82,554.09,556.44,1510989
346.0,561.15,561.25,555.50,558.25,1094114
345.0,558.52,562.50,556.24,561.29,1100179
344.0,552.40,560.63,551.62,558.23,1304481
341.0,555.60,555.60,549.35,551.82,1589131
340.0,555.50,556.80,550.58,551.69,1650721
339.0,566.79,566.90,554.15,555.95,1645264
338.0,561.16,564.79,558.30,564.19,1386509
337.0,563.53,567.15,561.63,563.77,1544338
334.0,568.30,568.73,564.81,567.87,2341539
333.0,558.25,562.50,552.13,560.27,1612469
332.0,560.85,564.97,555.98,558.45,2053355
331.0,551.71,559.20,550.43,558.94,1739666
330.0,547.76,554.00,547.20,549.88,1598409
327.0,554.98,555.00,545.16,548.90,2175767
326.0,548.28,557.40,545.50,553.65,2153678
325.0,541.05,550.76,540.23,542.69,2974550
324.0,537.27,538.77,530.20,538.03,2460140
323.0,520.45,533.16,519.14,532.38,2749830
320.0,540.45,543.45,518.41,522.97,5998740
319.0,527.00,540.99,524.95,536.92,3805046
318.0,542.08,543.92,528.42,540.73,3836222
317.0,550.14,558.63,544.50,548.69,2610033
316.0,555.13,560.88,544.43,544.75,2756508
313.0,567.47,575.23,555.01,555.19,2979673
312.0,581.61,582.53,569.03,570.81,2413453
311.0,574.79,584.69,567.64,583.74,2210360
310.0,584.90,585.85,574.10,574.10,1546228
309.0,589.95,592.40,585.40,587.78,1286130
306.0,584.10,588.29,583.50,586.25,1214593
305.0,578.00,583.24,574.05,580.88,1536935
304.0,586.80,588.72,578.02,579.63,1449686
303.0,587.49,591.00,584.50,588.41,1571688
302.0,581.83,589.31,581.57,587.81,1144982
299.0,585.93,589.57,585.00,587.90,1289090
298.0,596.99,598.07,584.74,585.25,1676485
297.0,591.57,600.11,590.30,598.42,1760953
296.0,595.00,596.65,590.24,591.18,1405078
295.0,602.50,603.80,593.12,597.27,1785101
292.0,599.49,605.40,597.76,605.40,4194630
291.0,595.05,597.56,593.02,597.27,1494467
290.0,589.51,596.07,587.12,593.29,1720921
289.0,580.95,590.15,580.95,588.78,1581589
288.0,582.24,583.92,577.01,581.64,1550110
285.0,590.39,591.48,583.28,584.90,1852271
284.0,590.00,591.94,586.04,591.11,1501451
283.0,591.74,593.72,587.14,593.42,1160291
282.0,600.27,600.60,590.48,591.97,1574573
281.0,599.14,603.52,598.02,601.63,1601244
278.0,595.13,598.50,593.55,597.78,1799855
277.0,592.13,598.00,590.60,593.14,1634585
276.0,591.73,594.49,586.50,589.52,1579779
275.0,582.95,589.30,582.40,588.63,1585277
271.0,582.35,582.90,578.24,582.36,1206884
270.0,580.02,584.71,577.88,580.32,1405950
269.0,587.81,589.37,580.90,583.00,1368766
268.0,592.00,592.05,587.45,588.12,1471953
267.0,594.77,595.58,589.26,590.57,1298049
264.0,593.27,594.99,589.80,592.54,877464
263.0,594.90,595.25,591.10,592.42,1133593
262.0,596.95,596.99,593.00,595.41,968617
261.0,595.59,597.81,594.44,597.11,1045258
260.0,587.10,595.05,586.55,592.70,1470756
257.0,587.50,589.47,580.76,583.71,1725358
256.0,586.69,587.80,580.92,584.65,1272879
255.0,576.45,586.12,575.20,584.56,1903282
254.0,575.00,575.90,569.91,572.12,1394939
253.0,579.00,579.69,575.30,577.25,1203357
250.0,572.02,579.56,569.02,577.94,1495022
249.0,576.05,578.31,569.43,571.81,1163027
248.0,569.50,578.64,567.45,574.49,1322878
247.0,579.38,580.20,570.31,573.14,1651342
246.0,576.51,583.82,572.26,582.27,1524818
243.0,578.56,583.43,570.30,573.60,2213790
243.0,588.96,591.99,577.68,579.55,2310471
242.0,595.81,598.45,592.70,595.44,1215576
241.0,597.70,598.49,592.17,593.95,1366729
240.0,597.75,601.10,592.59,599.02,1358071
237.0,599.25,601.00,595.75,598.08,1361911
236.0,605.53,608.91,601.00,603.01,1355974
235.0,602.05,607.05,601.35,605.19,1106136
234.0,599.70,608.89,599.26,603.57,1881665
233.0,601.35,604.16,594.45,598.44,2240111
230.0,603.01,606.70,590.92,605.11,4874260
229.0,588.97,589.50,576.85,580.82,2941648
228.0,596.89,597.00,590.25,590.62,1442211
227.0,595.15,595.30,585.31,593.06,1673979
226.0,590.60,594.86,586.69,594.26,1954612
223.0,581.00,588.23,580.58,586.65,1514265
222.0,573.00,585.25,572.10,580.04,1436326
221.0,578.95,584.10,577.00,583.36,1373056
220.0,586.36,587.97,574.00,578.40,2129924
219.0,593.51,595.64,587.94,590.76,1337088
215.0,591.70,594.25,589.00,593.08,898852
214.0,592.26,594.15,589.11,590.78,1197005
213.0,587.65,593.66,586.29,591.49,1644628
211.0,586.76,587.71,583.29,584.67,1479411
208.0,585.45,587.88,582.62,585.69,2022118
207.0,589.30,589.60,579.60,584.77,2012360
206.0,573.55,587.30,573.26,585.93,2114743
205.0,574.22,582.25,569.16,572.54,2844325
204.0,564.35,574.44,563.50,574.29,1724098
201.0,566.45,566.77,559.37,566.52,3162147
200.0,561.15,565.00,556.67,564.99,2630539
199.0,552.80,561.40,551.58,560.66,2060681
198.0,552.36,553.74,547.47,550.62,1481669
197.0,557.25,557.99,550.00,552.30,1971842
194.0,560.08,560.65,553.72,560.35,1353343
193.0,567.00,567.00,557.15,559.50,1549487
192.0,565.92,568.97,563.68,567.50,1129173
191.0,568.78,572.00,566.13,568.30,1485115
190.0,566.75,572.00,565.22,570.73,1529959
187.0,568.16,568.80,559.58,566.03,1740934
186.0,557.11,565.00,555.05,564.93,1796370
185.0,551.52,558.58,548.56,553.76,1729192
184.0,560.90,562.40,552.53,554.51,2031647
183.0,569.75,570.41,556.70,564.34,1663640
180.0,571.64,572.58,565.79,571.65,1871737
179.0,573.39,573.48,568.45,570.56,1411296
178.0,574.57,577.66,569.95,570.45,1581576
177.0,567.78,574.87,564.15,574.87,2191828
173.0,558.13,565.00,554.17,563.80,2672674
172.0,552.20,557.96,551.00,555.45,2149757
171.0,542.90,549.75,542.11,549.70,1564854
170.0,540.00,546.35,536.57,540.39,2425292
169.0,528.88,539.35,525.66,538.83,1977885
166.0,529.60,530.84,523.57,528.30,1907733
165.0,533.14,534.00,525.31,529.12,1833044
164.0,541.82,541.82,533.11,534.41,1281148
163.0,539.58,543.99,537.90,541.54,2011963
162.0,531.84,538.75,527.51,538.43,1949291
159.0,518.65,527.35,514.28,526.62,2261447
158.0,515.72,527.35,514.46,520.17,2452197
157.0,523.25,524.43,511.09,518.00,3074346
156.0,533.41,534.55,522.26,522.57,1835318
155.0,530.24,535.72,527.58,535.33,1228797
152.0,541.44,542.40,533.27,533.87,1781595
151.0,534.25,539.91,532.86,538.53,2004375
150.0,535.12,536.34,529.09,534.88,2038658
149.0,523.89,537.76,523.00,536.33,2535967
148.0,525.80,525.90,511.00,522.98,3752779
145.0,532.26,533.86,522.50,523.10,2372604
144.0,541.69,542.50,531.00,534.44,2069559
143.0,543.67,544.80,528.13,537.51,1959330
142.0,536.00,548.00,536.00,545.50,2331121
141.0,544.00,544.00,534.00,539.37,2425207
137.0,556.32,557.00,539.40,543.34,5616862
136.0,557.70,564.00,553.10,563.90,4588541
135.0,551.00,552.89,530.64,548.70,3999843
134.0,543.66,553.02,540.52,545.20,2541398
131.0,537.94,547.59,533.40,537.76,3175460
130.0,568.00,568.21,545.50,546.69,3296996
129.0,565.84,567.80,555.38,567.04,3033589
128.0,545.05,559.88,544.70,557.51,3488768
127.0,544.79,549.85,530.53,540.63,3961552
124.0,578.55,579.72,544.49,545.25,5366972
123.0,573.39,588.30,566.01,571.50,4019626
122.0,571.52,572.97,562.56,568.12,2088580
121.0,560.70,569.32,559.56,568.01,2182626
120.0,565.77,568.07,556.98,557.81,1942277
117.0,560.06,567.16,559.44,560.64,2258918
116.0,565.99,566.54,551.60,557.70,3826676
115.0,581.59,586.37,566.32,566.55,2580023
114.0,583.58,585.50,574.07,579.94,2413045
113.0,592.69,593.04,573.55,579.54,3039151
110.0,603.76,605.42,591.82,592.11,3210656
109.0,600.58,605.41,598.28,599.18,1684975
108.0,606.51,606.60,597.80,600.22,1612901
107.0,597.93,606.37,597.13,606.24,1821606
106.0,590.21,599.13,589.64,596.65,2166547
103.0,591.59,596.03,586.85,586.99,2301786
102.0,604.58,605.86,592.97,595.12,2345640
101.0,598.80,604.53,592.69,604.25,1966927
100.0,607.49,607.77,598.92,600.60,1715423
99.0,608.45,609.43,602.65,606.39,1215443
96.0,614.01,614.11,606.32,608.00,1515510
95.0,611.75,613.69,609.91,610.42,1269591
94.0,608.13,612.15,606.31,609.74,1236190
93.0,608.11,608.61,605.35,608.06,1471031
92.0,603.98,604.52,596.67,601.95,2108720
87.0,610.78,612.71,603.71,608.43,2314596
86.0,609.80,612.73,609.11,610.22,1260794
85.0,612.61,615.05,607.49,610.70,1983804
84.0,608.58,612.86,605.82,610.61,1444180
83.0,603.28,610.69,603.15,606.86,1675461
80.0,604.51,605.54,602.02,602.50,1863155
79.0,602.17,604.05,600.71,602.66,1701894
78.0,603.25,605.22,599.35,601.77,2105697
77.0,601.31,607.04,600.60,606.05,2110730
73.0,598.40,602.80,597.00,602.00,2194330
72.0,590.97,600.55,590.42,600.55,1836921
71.0,595.09,595.59,591.28,593.94,1725673
70.0,590.68,596.53,586.69,595.69,2052813
69.0,586.49,591.79,585.09,587.05,1945639
66.0,584.40,589.54,580.86,589.31,2687308
65.0,576.14,580.66,574.35,580.56,1948254
64.0,572.26,575.96,564.57,572.17,2400619
63.0,569.56,578.08,569.07,569.65,2815737
62.0,590.19,591.45,566.57,567.28,4575602
59.0,586.26,593.86,576.14,591.08,5569794
58.0,573.07,576.82,564.19,568.26,5141107
57.0,560.12,561.44,550.26,554.01,2411641
56.0,555.72,563.44,555.52,562.07,2217723
55.0,563.61,563.81,541.68,551.17,4362978
52.0,576.08,577.35,562.06,562.48,3926347
51.0,580.58,581.83,577.76,580.63,1951643
50.0,583.89,584.53,580.01,583.09,1573846
49.0,581.05,582.58,576.23,582.43,1981099
45.0,579.00,580.90,572.67,575.84,2766140
44.0,575.12,579.54,574.57,578.69,1685699
43.0,577.07,578.08,572.47,574.88,1951012
42.0,569.54,576.08,564.61,575.27,2484514
41.0,563.80,574.03,559.14,562.05,2425615
38.0,570.11,570.11,561.69,565.66,2145560
37.0,572.29,572.68,563.34,565.69,2085565
36.0,573.57,574.23,567.21,571.19,2243444
35.0,563.06,570.41,561.14,570.00,2553999
34.0,557.06,559.99,553.77,559.22,1770782
31.0,558.06,559.02,553.02,553.05,1669229
30.0,558.29,559.43,554.68,557.12,1822719
365.0,556.68,561.06,553.68,560.92,1358300
364.0,560.73,560.81,555.06,555.28,1236709
361.0,560.56,560.70,557.03,559.76,1570140
360.0,557.56,560.06,554.90,559.29,1338507
358.0,558.04,558.18,554.60,556.48,734170
357.0,554.47,558.46,553.11,558.11,1723430
354.0,545.19,551.14,544.54,550.86,3267417
353.0,541.27,546.54,540.08,543.65,1666006
352.0,536.53,543.02,530.05,542.92,2212546
351.0,537.59,540.92,534.72,535.46,1539917
350.0,532.04,537.88,531.54,537.03,1606175
347.0,538.14,538.68,529.47,530.92,2164759
346.0,540.32,542.01,535.03,535.51,1596498
345.0,544.24,546.21,538.12,539.18,1711835
344.0,538.36,546.70,538.36,542.87,1856112
343.0,535.58,541.70,534.54,539.61,1484103
340.0,535.43,535.53,530.57,535.47,1431235
339.0,529.13,530.36,526.07,529.20,1134919
338.0,526.21,532.52,525.52,529.62,1192139
337.0,526.00,532.25,525.03,527.16,1678054
336.0,532.29,533.71,525.91,527.77,1375234
363.0,531.61,533.84,530.25,530.32,1192773
361.0,531.55,534.53,530.53,532.09,1123559
360.0,524.82,531.28,521.99,529.73,2287182
359.0,519.10,527.12,518.03,523.49,1613009
356.0,517.23,518.60,515.13,516.46,1254310
355.0,514.01,519.67,513.51,517.55,1092497
354.0,515.49,517.20,510.69,511.67,965535
353.0,516.38,517.89,512.04,513.12,1131619
352.0,518.39,524.89,515.14,516.29,1760249
349.0,517.95,519.52,515.67,517.30,1277772
348.0,517.48,520.39,515.69,518.13,1168469
347.0,503.88,516.94,503.75,516.75,1584004
346.0,504.35,509.29,503.00,506.40,1218960
345.0,505.26,508.47,504.50,505.80,1112778
342.0,504.88,509.76,504.75,508.52,1294508
341.0,511.82,512.48,504.32,504.48,1680071
340.0,513.31,514.01,508.19,511.89,914624
339.0,510.69,516.34,509.22,511.27,1181488
338.0,516.27,516.70,511.53,513.57,1139185
335.0,516.41,518.52,513.06,514.03,1283938
334.0,514.98,521.28,512.50,515.81,1640035
333.0,519.23,519.27,513.51,515.73,1327100
332.0,510.06,518.99,507.26,518.64,1608296
331.0,508.11,512.23,507.00,508.01,1166400
328.0,514.92,514.92,505.88,508.11,2030838
327.0,516.45,520.81,512.91,513.29,2093154
326.0,501.00,517.89,500.82,516.22,2667586
325.0,503.00,507.01,498.39,504.00,2211479
324.0,506.24,510.01,500.27,502.15,3633166
321.0,488.78,508.24,487.49,506.21,11584258
320.0,446.94,448.90,443.31,444.84,4256622
319.0,443.38,449.61,442.45,449.46,2011786
318.0,438.32,443.26,437.44,441.45,1594777
317.0,433.76,438.56,433.13,438.49,1243673
314.0,433.45,437.18,433.08,436.43,1408912
313.0,432.35,434.85,430.54,434.55,2258931
312.0,428.57,431.76,421.91,428.36,2653118
311.0,433.09,433.42,426.24,427.26,1945418
310.0,434.16,437.43,432.49,433.30,1294017
307.0,437.94,439.19,435.44,436.61,1358454
306.0,444.44,447.50,436.49,438.48,2119212
305.0,441.81,445.12,439.35,444.44,1496334
304.0,440.56,444.28,440.46,443.95,1685208
303.0,434.97,440.86,434.59,438.39,1723763
300.0,437.85,439.20,436.09,438.63,1258822
299.0,439.59,441.82,437.94,439.52,1260307
298.0,443.72,443.72,438.24,439.05,1654113
297.0,443.69,445.50,441.14,443.86,1486783
296.0,448.52,451.25,443.04,443.69,1778378
293.0,449.64,452.52,448.26,452.01,4348349
292.0,453.45,453.45,448.15,449.64,1598201
291.0,443.62,452.44,441.98,452.11,1937266
290.0,444.15,444.64,440.94,443.50,1260257
289.0,448.55,448.95,442.88,444.32,1341311
286.0,447.70,448.29,442.86,444.98,1326886
285.0,449.15,449.40,445.45,446.98,1095465
284.0,444.71,448.93,443.48,448.54,1610146
283.0,445.46,446.45,442.44,444.78,1287836
282.0,442.31,445.32,441.65,444.47,1235064
279.0,441.66,442.33,437.31,440.23,1561755
278.0,437.19,440.38,436.24,440.22,1292601
277.0,430.60,437.19,428.01,436.25,2041640
276.0,427.61,433.53,427.40,430.62,2047736
272.0,428.31,429.45,423.20,423.87,1861554
271.0,424.96,430.62,424.72,428.14,1478494
270.0,425.55,428.13,424.31,424.70,1330324
269.0,430.24,432.30,424.37,425.50,1734031
268.0,435.43,437.89,433.46,433.63,1056184
265.0,439.35,439.44,435.31,435.54,1077093
264.0,436.79,437.81,435.56,437.29,870491
263.0,435.76,438.89,433.68,435.10,1761596
262.0,434.61,436.49,432.20,433.14,1236259
261.0,429.28,436.44,429.15,433.26,1811425
258.0,431.07,431.65,428.70,428.88,1675387
257.0,432.65,432.89,429.43,430.26,1870812
256.0,439.62,440.56,434.01,435.34,2083229
255.0,443.86,444.69,438.54,441.07,1420462
254.0,443.89,443.94,441.27,443.20,1377354
251.0,445.73,448.21,445.44,445.65,1323761
250.0,448.19,448.37,443.09,446.78,1488045
249.0,447.97,449.67,444.99,445.77,1380382
248.0,452.80,455.31,448.31,448.73,1506475
247.0,453.15,453.22,450.05,452.95,1309921
244.0,452.17,453.95,450.86,453.74,1717765
243.0,447.95,452.73,447.95,452.56,2138314
243.0,446.94,448.70,443.53,444.32,2173446
242.0,443.17,448.25,440.88,445.91,1756116
241.0,442.89,447.86,440.89,441.58,1893042
238.0,443.94,445.44,441.44,443.12,1778244
237.0,447.38,448.87,443.48,444.29,3005227
236.0,454.08,455.61,450.80,451.90,2080778
235.0,455.81,456.96,450.23,452.35,2046745
234.0,451.45,456.79,448.95,455.81,2904179
231.0,443.75,451.93,438.24,448.75,7363398
230.0,459.95,460.46,452.05,455.80,3634430
229.0,460.96,463.89,458.61,459.73,1506168
228.0,464.03,464.45,457.41,460.26,1983527
227.0,462.61,464.46,458.64,462.81,1961361
224.0,460.46,461.96,458.08,461.96,2568942
223.0,456.96,460.87,454.71,460.58,2587845
222.0,452.18,456.02,450.64,453.45,1715973
221.0,455.96,456.93,449.44,453.07,1979338
220.0,450.06,453.59,448.99,453.00,1970157
217.0,445.45,448.15,444.11,447.19,1701830
215.0,440.39,445.03,439.69,443.66,1048628
214.0,445.55,445.95,439.07,441.60,1891812
213.0,443.67,446.49,442.94,444.38,1726780
209.0,437.89,441.36,437.53,440.62,2350049
208.0,439.84,442.79,438.76,438.97,1926554
207.0,437.31,439.44,435.72,437.26,1832735
206.0,439.07,440.28,432.69,433.53,2553889
205.0,436.38,438.60,432.06,435.33,3020242
202.0,444.61,445.38,436.97,440.91,3982214
201.0,447.44,450.95,442.10,442.81,3377578
200.0,451.14,455.88,449.20,450.79,2917112
199.0,444.77,450.95,444.62,450.76,2167878
198.0,440.05,445.16,439.58,443.57,2147298
195.0,440.49,442.79,437.50,437.96,2242338
194.0,434.92,440.27,433.18,438.94,2071259
193.0,443.17,443.44,435.26,436.43,2205049
192.0,442.43,443.94,440.20,440.34,1752874
191.0,441.49,445.95,440.49,445.56,2338184
188.0,435.65,440.44,433.09,440.30,2675269
187.0,432.58,433.60,424.03,432.75,2579605
186.0,431.69,435.16,428.99,430.28,2107041
185.0,434.36,435.73,427.46,429.98,1868745
184.0,432.20,437.42,427.94,434.25,2476996
181.0,434.49,438.94,434.19,436.04,1969857
180.0,435.39,439.89,433.64,435.82,2120987
179.0,438.29,439.43,432.58,434.59,2014246
178.0,442.19,446.52,440.64,441.08,2257714
174.0,438.07,439.85,435.94,437.10,2296760
173.0,438.94,445.42,437.44,441.84,2279347
172.0,451.73,455.11,443.88,445.15,2561294
171.0,454.46,456.29,449.25,453.94,1983385
170.0,452.95,460.76,452.95,454.72,2272942
167.0,455.46,457.20,450.71,455.04,2792663
166.0,459.96,460.45,451.46,452.39,3211738
165.0,448.20,458.65,447.46,458.40,3995319
164.0,439.19,444.79,439.01,443.99,1581296
163.0,439.88,441.68,437.13,439.20,1448730
160.0,438.09,440.71,436.52,440.56,1900717
159.0,435.86,440.27,434.55,436.18,2200758
158.0,428.93,437.38,426.88,437.25,2468403
157.0,431.94,432.37,425.76,429.04,1967986
156.0,424.55,431.36,424.55,431.21,2141834
153.0,418.90,423.82,418.42,423.28,2512661
152.0,410.46,417.69,409.93,415.22,2018546
151.0,412.04,412.77,408.59,410.63,1455634
150.0,409.91,414.23,409.25,412.70,2306836
149.0,402.03,411.76,401.90,409.94,2301967
146.0,404.20,404.27,398.69,401.11,2488237
145.0,408.53,408.64,404.22,404.95,1992301
144.0,404.46,409.41,404.40,407.13,1829151
143.0,400.90,408.16,400.58,404.35,2299900
142.0,400.70,402.38,387.89,400.46,2883407
139.0,384.96,402.12,383.51,400.33,5804316
138.0,393.07,393.29,381.01,383.34,3328777
137.0,393.77,395.82,389.44,391.67,2037355
136.0,393.69,398.40,392.35,397.08,1742374
135.0,393.37,398.90,388.90,391.36,2454767
132.0,396.39,396.45,391.86,395.42,1636829
131.0,396.84,396.95,392.42,395.59,2028766
130.0,391.85,396.57,388.39,395.49,1978862
129.0,388.14,392.27,386.94,389.21,2157928
128.0,389.76,390.16,384.58,387.81,2832718
125.0,393.42,393.89,388.59,391.92,3433994
124.0,402.53,403.28,396.05,397.93,2448102
123.0,407.14,407.51,400.73,403.50,1738753
122.0,402.67,407.82,402.40,406.93,2041713
121.0,397.90,401.53,397.02,401.00,1807580
117.0,402.40,403.09,397.05,397.49,2287712
116.0,403.74,403.90,401.07,401.73,2163295
115.0,407.16,407.41,404.30,406.62,1191912
114.0,406.61,410.02,403.81,405.22,1712684
111.0,407.78,408.03,405.22,405.56,1491678
110.0,406.05,408.87,405.33,406.04,1477590
109.0,408.82,409.16,406.13,407.76,1464122
108.0,406.03,410.03,403.63,406.07,2098176
107.0,402.90,406.79,401.14,404.30,1838552
104.0,409.66,410.56,407.08,407.56,3099791
103.0,413.91,413.91,409.10,411.18,1651111
102.0,414.36,415.76,411.57,413.07,1641413
101.0,415.77,416.36,412.25,414.22,2008979
100.0,416.26,420.27,416.17,417.83,1595678
97.0,417.67,417.88,412.94,416.18,2912283
96.0,417.45,418.73,415.20,416.71,2054238
95.0,420.93,422.42,414.82,416.11,2873998
94.0,414.88,420.50,414.86,419.72,4045034
93.0,403.05,411.83,402.90,411.16,2776185
90.0,399.30,403.97,398.47,403.50,2175425
87.0,400.95,403.90,400.92,401.00,2265874
86.0,397.80,402.78,395.95,400.29,2028515
85.0,397.90,398.37,392.59,395.46,2205059
84.0,401.55,404.61,395.64,395.78,2307008
81.0,400.03,401.03,397.30,400.25,2054050
80.0,399.40,403.13,396.01,398.16,3511036
79.0,403.05,404.89,396.29,396.63,2765029
78.0,398.39,403.90,398.04,403.83,2932924
74.0,394.09,397.03,393.93,396.84,2729917
73.0,390.25,394.76,389.27,394.30,1735219
72.0,390.46,393.07,390.37,391.82,1198170
71.0,391.27,394.34,390.07,390.74,1858945
70.0,389.59,391.89,387.26,391.60,2167656
67.0,390.46,393.73,390.17,393.08,3024853
66.0,385.23,389.79,383.13,387.36,2840506
65.0,379.91,386.87,379.63,385.47,2079687
64.0,380.95,385.94,380.11,383.25,1870716
63.0,384.23,385.62,379.51,379.89,3041242
60.0,379.50,388.70,379.40,388.20,3746165
59.0,375.63,379.19,375.50,378.22,1634556
58.0,377.25,380.86,376.83,377.29,1732972
57.0,373.75,378.85,373.64,377.22,1747734
56.0,376.26,378.18,374.32,375.74,1627833
53.0,375.76,379.62,375.50,377.21,2225811
52.0,370.99,378.79,370.62,377.29,3383596
51.0,368.36,374.87,368.26,371.12,5911865
50.0,352.68,353.02,348.11,351.79,3792336
46.0,355.54,356.74,351.02,352.61,3226898
45.0,359.21,360.18,355.87,356.02,2212357
44.0,361.56,362.53,357.19,357.95,2024991
43.0,360.02,367.87,356.41,362.83,3927990
42.0,368.87,371.47,361.54,361.99,2864106
39.0,371.37,371.58,368.52,370.36,1285125
38.0,371.79,372.87,367.12,371.11,1835780
37.0,366.50,369.54,364.66,369.43,2025751
36.0,368.14,368.52,362.58,367.02,1676740
35.0,368.09,370.06,365.66,367.74,1655967
32.0,365.03,371.11,364.20,369.35,2763552
31.0,362.83,366.33,360.72,362.20,2318140
30.0,360.07,363.86,358.63,361.99,2542268
365.0,350.35,355.64,348.35,354.04,1997733
362.0,351.20,353.81,350.36,350.36,1403926
361.0,353.92,354.77,349.65,353.50,1647392
360.0,354.39,356.80,351.56,354.79,1182572
358.0,357.61,357.95,354.09,355.10,841931
355.0,357.34,359.77,355.62,358.17,3527849
354.0,361.99,362.69,358.84,361.54,1657153
353.0,360.72,361.86,358.70,360.42,1919799
352.0,358.66,364.91,357.88,360.90,3005138
351.0,353.10,369.51,352.36,360.75,3036763
348.0,349.93,354.26,349.56,351.33,2130595
347.0,358.32,358.60,350.12,351.70,3446306
346.0,349.96,352.11,347.09,349.13,2426299
345.0,345.34,351.31,344.20,348.79,2687956
344.0,343.04,346.17,342.24,343.05,1366866
341.0,347.85,348.79,341.55,342.45,1919476
340.0,344.14,348.15,342.60,345.91,1462216
339.0,346.42,347.60,341.51,344.25,1862735
338.0,347.85,348.10,343.19,345.86,1991605
337.0,351.47,353.30,347.40,347.97,2193948
364.0,346.00,349.96,343.19,349.53,3164441
363.0,344.23,347.30,341.34,346.29,2780544
362.0,334.34,342.80,332.28,342.18,3041940
361.0,330.42,337.84,329.33,335.69,2509598
360.0,333.55,333.83,329.84,330.91,2205527
357.0,335.32,335.33,333.38,334.32,922477
355.0,334.83,335.23,330.53,333.27,2113011
354.0,335.09,339.34,332.62,335.32,2089086
353.0,328.18,334.79,328.09,334.44,2369716
350.0,323.32,326.83,318.32,323.91,3438500
349.0,325.32,330.33,322.27,323.95,1848939
348.0,330.66,331.42,325.58,326.60,1668322
347.0,331.83,334.13,329.44,329.86,1594639
346.0,332.21,335.23,330.77,333.28,1405870
343.0,327.65,334.50,325.48,331.85,3114084
342.0,335.44,336.08,325.94,326.47,2598676
341.0,337.84,339.46,333.58,333.89,2232438
340.0,343.08,343.59,339.11,341.20,1582936
339.0,342.59,343.77,338.12,341.82,1635894
336.0,347.74,348.12,344.03,344.30,2324569
335.0,340.09,345.80,339.70,344.14,2050471
334.0,340.27,340.84,337.84,340.49,1537001
329.0,338.59,341.86,335.94,337.91,1950865
328.0,340.34,341.34,337.09,339.22,2403696
327.0,343.74,343.84,337.97,338.99,2496411
326.0,336.34,344.01,336.34,340.52,2916978
325.0,340.85,342.66,335.18,339.67,4057872
322.0,353.14,353.70,336.34,341.24,11483428
321.0,378.15,380.09,338.34,347.85,12442346
320.0,372.35,378.55,370.50,378.12,2292819
319.0,370.44,373.87,368.60,372.72,2058468
318.0,371.34,372.29,365.72,370.86,3020098
315.0,376.30,377.81,372.42,372.75,2406787
314.0,376.83,379.63,375.52,376.12,2383987
313.0,371.30,374.14,369.51,372.65,2041203
312.0,380.22,381.04,371.64,372.42,3003884
311.0,380.88,382.17,377.45,379.30,1958625
308.0,385.74,387.58,382.88,384.21,2737751
307.0,381.76,385.33,380.08,384.41,2454496
306.0,378.24,382.34,376.48,381.63,2208639
305.0,382.98,383.38,375.51,378.87,2790375
304.0,379.90,382.88,378.48,381.27,3168477
301.0,377.45,380.03,375.95,377.63,2784091
300.0,380.35,381.80,376.20,378.63,3932272
299.0,375.30,381.00,370.87,377.11,5674334
298.0,376.90,382.83,374.20,374.95,6061033
297.0,365.87,375.40,365.49,375.06,3565837
294.0,366.47,367.83,365.43,367.36,6360376
293.0,362.60,366.06,360.97,364.42,2907854
292.0,359.11,364.64,358.56,364.11,3098782
291.0,354.24,359.69,353.74,359.50,2067249
290.0,354.41,356.80,352.85,355.34,1508307
287.0,355.15,356.86,353.86,355.19,2618874
286.0,346.89,354.85,345.62,353.37,2659302
285.0,345.05,347.80,340.78,345.78,2642260
284.0,349.33,350.68,345.85,346.44,1874004
283.0,355.23,356.76,349.54,350.74,2560067
280.0,350.35,356.48,349.18,353.43,3236308
279.0,343.32,350.29,342.71,350.05,3044450
278.0,340.34,343.59,339.91,340.70,1708169
277.0,342.62,342.84,337.09,340.86,1889613
273.0,342.34,344.63,340.36,342.89,2127125
272.0,342.46,344.04,340.43,341.18,1627704
271.0,339.02,344.84,338.41,344.35,2991037
270.0,332.83,339.15,332.70,338.96,2058938
269.0,331.83,336.34,329.95,334.94,2614131
266.0,338.14,340.57,337.38,339.65,1429267
265.0,337.47,340.58,335.84,338.74,1784453
264.0,334.02,340.64,333.68,338.93,1909262
263.0,336.89,339.34,331.42,335.09,2222805
262.0,338.09,339.77,336.67,338.11,1758421
259.0,337.40,338.96,336.19,338.91,2177896
258.0,334.09,337.66,333.87,336.77,1717691
257.0,335.48,337.46,332.38,334.10,2411100
256.0,329.95,336.76,329.83,334.66,3662178
255.0,324.03,330.41,323.66,330.34,3268073
252.0,319.61,321.44,318.38,321.32,1434408
251.0,322.58,323.51,321.08,321.50,1070288
250.0,319.84,323.26,319.57,321.44,1322386
249.0,321.22,322.45,318.55,320.59,1982695
248.0,320.12,325.01,319.93,321.73,1782494
245.0,320.32,322.18,318.39,320.99,1897446
244.0,313.07,319.33,312.02,314.69,1977690
243.0,318.97,320.07,316.01,316.66,1844556
243.0,314.44,318.57,314.42,316.80,1865890
242.0,318.34,321.62,315.06,316.47,2186717
239.0,309.75,317.82,309.06,317.80,3550174
238.0,307.81,308.74,305.32,306.99,1687485
237.0,304.46,307.00,302.99,304.30,1822973
236.0,307.81,309.27,302.47,304.09,2012189
235.0,300.54,309.48,299.42,308.06,3561818
232.0,304.68,306.78,299.39,305.72,6463748
231.0,293.36,299.54,293.29,296.83,4674637
230.0,288.78,292.14,288.35,290.67,1550950
229.0,289.50,290.63,284.48,288.65,1681568
228.0,288.47,289.88,286.18,287.75,1462861
225.0,286.36,289.86,284.56,288.55,1976558
224.0,283.84,286.25,281.33,285.53,2310094
223.0,288.44,289.21,282.75,285.88,3500946
222.0,295.39,296.51,289.66,291.14,1923015
221.0,292.77,294.59,290.92,293.30,1715020
218.0,296.52,297.06,291.70,293.28,2162328
217.0,294.67,300.33,294.56,298.26,2345901
215.0,290.30,294.50,289.29,294.21,1190525
214.0,291.20,291.79,288.54,290.53,1655563
210.0,287.77,290.36,286.39,290.33,2522562
209.0,283.23,283.40,278.88,282.44,1922064
208.0,284.13,287.28,283.29,284.94,1692446
207.0,281.66,283.58,280.02,282.62,1351151
206.0,283.95,284.33,278.95,280.63,1582036
203.0,284.28,286.03,283.19,286.03,2229125
202.0,290.21,290.21,282.15,282.89,2011322
201.0,290.19,290.29,287.04,289.04,2346698
200.0,287.08,292.43,286.85,291.06,2076629
199.0,281.59,287.39,279.90,285.71,2497864
196.0,280.45,282.54,278.82,282.54,3002511
195.0,280.93,282.82,278.54,279.80,2345107
194.0,281.14,283.78,279.62,280.83,1954607
193.0,285.17,285.44,279.57,282.83,3224142
192.0,292.40,292.95,283.63,284.53,2662269
189.0,288.21,290.79,287.58,290.52,1410366
188.0,294.09,294.24,288.91,289.40,1759532
187.0,288.53,291.28,287.09,290.58,2096173
186.0,288.01,289.35,283.52,285.49,2340477
185.0,285.40,290.54,285.29,289.58,2433786
182.0,286.18,286.61,284.46,285.78,3058314
181.0,294.65,295.29,289.79,290.72,2969455
180.0,294.37,296.25,292.06,294.41,1906629
179.0,298.20,299.86,294.45,297.47,2606651
175.0,300.80,301.17,294.43,296.06,3582472
174.0,304.88,306.27,299.73,302.13,1892185
173.0,301.13,305.10,298.86,305.03,3178016
172.0,307.03,307.21,298.30,300.70,3052748
171.0,300.56,308.16,300.30,307.36,3075829
168.0,312.86,316.53,298.65,300.50,5976129
167.0,317.23,319.24,310.93,311.84,3354518
166.0,309.29,315.37,308.28,314.78,4837424
165.0,302.98,307.81,302.18,305.86,2102339
164.0,300.69,304.55,300.59,302.30,1824733
161.0,305.48,307.58,302.69,302.92,2099726
160.0,306.79,308.40,305.42,307.14,1535877
159.0,303.71,308.50,301.21,304.88,2329546
158.0,303.07,308.76,300.65,306.70,2678485
157.0,297.80,305.59,297.80,304.08,1994515
154.0,303.26,304.25,298.70,298.78,2207360
153.0,305.11,307.72,304.78,305.82,1868187
152.0,300.90,304.36,300.61,303.93,1611434
151.0,302.20,306.11,300.40,302.52,2002424
150.0,306.80,308.35,300.60,302.73,2407213
147.0,307.82,308.68,305.61,307.80,1636399
146.0,305.76,309.31,305.15,308.04,2093733
145.0,302.30,305.98,301.74,305.16,1821042
144.0,299.42,303.62,298.96,300.94,1933303
143.0,296.75,299.52,295.40,299.10,2197933
140.0,302.43,304.73,298.21,298.33,3058961
139.0,303.15,308.44,299.80,299.95,3295787
138.0,304.33,306.71,301.71,304.03,2670380
137.0,304.58,309.15,303.81,305.09,3024414
136.0,311.81,312.22,301.13,303.34,5693458
133.0,324.10,324.82,312.08,312.61,8163012
132.0,321.50,326.90,320.45,325.83,5756582
131.0,317.30,318.32,315.97,318.30,2200268
130.0,317.08,317.57,312.59,313.74,2485078
129.0,314.55,317.98,312.96,315.74,2183535
125.0,316.44,318.53,314.60,316.48,2319712
124.0,319.54,319.82,315.87,317.89,1628272
123.0,323.03,324.30,319.64,321.63,2044857
122.0,320.71,324.07,317.74,323.78,2284338
119.0,326.20,327.07,320.82,320.94,2312245
118.0,327.05,328.62,322.47,324.53,1924315
117.0,326.34,329.62,325.87,328.21,2538808
116.0,323.84,327.08,322.72,323.83,2008804
115.0,322.82,325.07,320.09,324.99,1821467
112.0,323.62,324.57,320.77,321.62,1940335
111.0,319.57,324.72,315.82,323.35,2410320
110.0,317.62,324.02,316.57,320.31,2469637
109.0,315.78,318.35,313.95,317.06,1540778
108.0,311.87,318.95,310.93,317.31,2172971
105.0,310.76,313.27,310.34,312.83,3050457
104.0,308.61,312.06,307.72,310.88,2435340
103.0,307.81,311.70,307.04,308.30,2936857
102.0,304.68,309.23,303.08,309.20,2247354
101.0,300.30,303.80,299.93,302.88,1669376
98.0,304.28,306.26,300.30,300.43,2671524
97.0,305.33,306.06,303.48,303.87,1345428
96.0,304.83,305.90,303.23,303.70,1264892
95.0,304.33,304.71,297.22,302.78,3175216
94.0,310.53,311.56,306.00,307.43,1593250
91.0,311.31,312.31,310.47,310.94,1573214
90.0,311.44,313.16,309.38,311.51,2238010
88.0,309.61,313.11,308.06,309.43,3136837
87.0,305.30,310.19,304.14,309.50,2847797
86.0,303.60,306.49,302.83,304.96,1814618
83.0,303.98,306.13,303.06,305.25,1937074
82.0,303.80,304.27,300.48,303.36,2055030
81.0,306.29,308.70,303.66,304.27,1967855
80.0,302.24,309.25,301.74,307.31,2481110
76.0,302.79,304.12,301.50,302.62,2449229
75.0,301.71,304.71,299.16,303.56,2530861
74.0,306.77,306.77,301.58,303.08,2426960
73.0,306.08,306.31,302.68,305.18,1803851
72.0,305.56,307.23,305.32,306.41,1816551
69.0,304.24,304.37,302.30,303.26,2325443
68.0,306.32,307.56,304.80,306.04,2265433
67.0,304.62,305.98,302.67,305.23,1836963
66.0,303.88,305.00,302.18,303.69,2092035
65.0,297.80,305.72,297.30,304.85,3679755
62.0,295.63,298.83,294.32,298.46,3169260
61.0,292.73,293.50,291.33,292.85,2414672
60.0,292.76,293.04,289.86,290.71,2320950
59.0,291.79,292.29,287.86,290.35,2142716
58.0,289.31,290.29,286.99,289.13,2330967
55.0,285.68,290.45,284.95,290.28,3618815
54.0,286.28,287.53,282.56,284.33,3228004
53.0,289.04,289.64,283.47,285.03,4988196
52.0,293.45,294.13,289.29,290.76,3056391
51.0,293.29,294.62,291.87,293.05,3413040
48.0,295.56,295.80,291.14,293.29,10576774
47.0,320.82,320.82,316.05,320.10,6305274
46.0,313.63,317.32,311.37,316.77,2763190
45.0,316.31,316.31,313.15,314.60,1909394
41.0,313.44,313.79,310.84,312.81,2307338
40.0,315.93,316.76,313.56,315.13,1875854
39.0,312.06,315.01,310.87,313.29,2400582
38.0,315.19,317.22,308.76,311.88,4395615
37.0,323.57,323.82,310.93,311.54,5825720
34.0,329.90,330.33,325.22,325.34,1438122
33.0,331.40,332.32,328.44,329.83,3283277
32.0,332.85,335.46,330.64,334.47,2864365
31.0,326.80,334.41,326.51,333.04,3677850
364.0,321.33,323.70,321.33,323.27,1782859
363.0,321.07,321.82,317.92,321.52,1575595
362.0,321.70,322.82,319.37,320.17,2127130
361.0,316.34,322.57,316.32,320.45,1609052
357.0,316.32,317.66,315.60,316.89,1453723
356.0,314.29,316.18,313.82,315.16,1824156
355.0,315.32,316.23,309.79,313.22,2498154
354.0,314.31,316.24,314.31,315.50,2388184
353.0,314.32,314.56,310.31,311.23,2144189
350.0,312.47,314.97,311.05,313.29,4459782
349.0,311.57,312.31,309.65,310.08,2409785
348.0,311.24,312.47,306.55,309.34,3904882
347.0,314.69,318.60,311.74,313.13,4028638
346.0,311.25,313.40,310.46,313.01,2185234
343.0,309.31,314.88,308.81,314.02,2768503
342.0,310.83,314.04,307.96,308.33,2414400
341.0,311.15,313.14,309.36,312.01,2257980
340.0,311.81,314.62,310.43,312.20,2326518
339.0,314.13,316.27,311.51,313.14,3198026
336.0,308.83,312.31,308.44,310.49,4085965
335.0,300.30,308.31,299.80,307.19,3621293
364.0,299.27,300.05,296.34,299.99,3397279
363.0,294.23,295.48,290.96,291.76,1832619
362.0,289.97,294.70,288.54,294.39,2828967
359.0,282.88,287.42,280.95,281.78,1562341
357.0,287.96,290.42,285.34,285.34,2325986
356.0,290.29,292.78,287.91,290.29,2405579
355.0,294.17,294.54,286.33,290.76,3001666
352.0,301.30,302.55,297.17,297.74,3287618
351.0,305.33,306.45,298.69,300.74,3493472
350.0,306.35,309.46,305.61,306.04,2610280
349.0,306.71,309.35,305.56,308.59,2675961
348.0,304.30,309.35,304.19,306.81,3188932
345.0,300.95,306.35,299.60,304.48,3977320
344.0,303.27,303.28,296.08,297.84,2868599
343.0,302.43,305.00,299.63,300.78,3711062
342.0,304.80,307.49,302.10,306.48,3029383
341.0,296.96,304.69,296.41,304.47,3358867
338.0,297.05,300.17,296.51,298.37,2835379
337.0,293.79,299.05,292.15,299.05,2669745
336.0,292.74,294.27,290.53,292.70,2121899
335.0,290.34,293.05,288.66,289.61,3125199
334.0,297.84,300.14,296.13,296.62,2557738
331.0,297.56,301.45,297.42,300.37,2508147
330.0,299.51,301.65,296.95,299.63,3780722
329.0,295.07,295.39,286.72,293.45,2873690
328.0,296.85,297.80,291.72,291.87,2540445
327.0,293.65,300.28,293.54,298.51,3427548
324.0,295.05,296.67,293.64,295.54,3394233
323.0,291.24,294.74,290.04,292.13,3379069
322.0,293.96,296.33,289.90,290.64,2931804
321.0,290.39,296.58,288.99,295.55,3802493
320.0,292.15,296.21,289.29,291.50,4008302
317.0,300.03,300.10,294.08,296.14,8532242
316.0,275.29,279.78,274.28,279.77,5687512
315.0,274.34,277.89,272.59,274.52,3178044
314.0,267.00,273.67,267.00,271.86,2853777
313.0,262.85,269.00,261.86,268.85,2322903
310.0,258.67,260.51,255.41,257.82,2856047
309.0,254.00,257.87,251.55,257.61,3424623
308.0,248.42,254.15,240.63,252.60,4534752
307.0,245.26,251.97,240.54,251.20,4159130
306.0,255.18,256.26,247.75,248.01,4473863
303.0,260.37,262.26,257.45,257.78,2724908
302.0,268.29,268.92,259.96,264.01,2907381
301.0,271.02,272.28,264.11,264.68,2263403
300.0,269.37,273.80,268.29,269.94,3010925
299.0,263.89,266.73,256.88,266.21,2634234
296.0,258.54,263.47,257.51,263.02,2778870
295.0,263.39,264.65,257.26,260.59,4400586
294.0,274.12,277.78,269.70,269.87,2516138
293.0,274.98,279.54,271.61,273.59,2779078
292.0,270.45,275.22,267.96,273.61,2471190
289.0,272.67,273.69,271.84,273.61,3534779
288.0,268.02,272.76,267.55,271.55,2961967
287.0,266.56,268.74,263.17,266.30,2694739
286.0,266.27,267.21,261.96,265.02,2354150
285.0,259.24,266.26,259.01,265.33,2670471
282.0,265.97,267.59,260.86,262.69,3269069
281.0,267.17,269.82,266.22,267.75,2381025
280.0,265.49,268.24,263.96,267.28,2758545
279.0,255.66,261.64,255.51,261.35,2715977
275.0,262.50,264.22,260.63,262.68,2402024
274.0,270.64,272.19,265.87,266.52,2415607
273.0,272.64,273.42,268.27,270.75,2693390
272.0,269.36,271.77,265.67,270.62,2990176
271.0,267.55,270.00,267.05,269.81,2338106
268.0,260.26,265.49,256.83,263.69,3597309
267.0,265.46,268.90,259.41,260.28,3297297
266.0,259.92,265.26,258.87,261.91,3598264
265.0,252.00,260.97,249.78,259.67,4347823
264.0,252.25,253.75,247.51,249.33,4907175
261.0,249.92,257.69,245.68,245.71,5411586
260.0,262.00,262.71,250.50,252.69,6291368
259.0,270.29,272.12,265.65,266.84,4079101
258.0,276.49,276.50,265.42,269.77,6940503
257.0,276.99,282.78,273.30,278.89,7145020
254.0,285.03,285.54,280.48,282.17,3155376
253.0,277.19,284.53,274.48,281.35,4832119
252.0,280.97,282.34,274.14,274.78,5373697
251.0,280.78,287.59,270.78,286.99,6470475
250.0,281.77,284.78,272.45,273.28,7497701
247.0,291.56,295.30,281.28,289.81,5930780
246.0,297.55,299.72,289.02,289.05,4916432
245.0,297.34,301.80,292.10,300.89,3825910
244.0,303.30,299.71,292.10,297.37,4994139
243.0,305.92,308.06,299.89,303.69,3968312
241.0,302.42,307.79,302.15,302.15,4138101
240.0,302.90,308.30,301.80,305.78,3109115
239.0,308.90,310.79,302.68,303.91,3934890
238.0,309.33,314.06,308.92,311.57,2343370
237.0,306.99,313.02,306.81,309.80,3131952
234.0,303.00,310.06,302.44,309.42,3531622
233.0,297.31,304.33,297.30,303.80,3469850
232.0,301.39,301.72,297.97,297.97,2229023
231.0,298.37,302.64,298.06,301.58,2967816
230.0,296.54,301.33,296.30,297.77,4469225
227.0,299.05,300.43,294.37,299.11,13735983
226.0,269.83,271.27,263.63,264.73,6649410
225.0,268.77,272.27,268.51,269.40,2790771
224.0,264.34,269.98,263.26,267.27,2841532
223.0,264.35,268.26,263.01,263.90,2839996
220.0,266.74,269.09,263.90,266.26,4770170
219.0,270.77,275.62,268.21,273.57,3935660
218.0,267.02,269.52,266.79,267.95,2695681
217.0,262.91,267.97,262.91,266.49,3847351
213.0,253.62,260.85,253.44,260.78,3636642
211.0,251.25,253.59,251.00,253.44,2428510
210.0,248.52,250.38,246.44,249.03,2342920
209.0,242.25,248.35,242.25,247.07,2717364
208.0,237.20,244.40,237.00,241.60,3444633
205.0,240.58,240.62,236.75,237.68,3806587
204.0,241.31,241.67,237.10,240.35,4802302
203.0,245.97,246.42,243.61,243.75,2407972
202.0,243.84,247.22,242.61,246.75,2765357
201.0,242.74,243.36,239.85,242.53,3028639
198.0,253.34,253.60,242.64,242.75,5251546
197.0,251.66,254.32,248.58,250.44,2757216
196.0,252.77,254.43,250.56,251.73,2073301
195.0,254.33,257.30,253.75,254.44,2341461
194.0,255.25,255.36,251.34,252.62,2427208
191.0,257.30,258.60,254.90,255.01,2440475
190.0,260.26,260.26,258.08,258.62,1689086
189.0,258.52,260.88,258.15,259.84,1654097
188.0,261.71,262.58,259.75,259.77,1907509
187.0,263.18,263.67,259.88,260.79,1942088
184.0,261.26,264.06,261.01,261.80,1748462
183.0,264.05,265.42,261.50,264.29,2204422
182.0,264.28,266.87,262.92,263.06,2957172
181.0,262.76,264.79,262.01,264.77,2687858
177.0,259.50,261.16,258.41,260.71,1746296
176.0,259.11,261.32,257.76,259.32,2118981
175.0,258.92,261.65,258.88,260.09,1301567
174.0,260.44,262.24,259.33,259.39,1888538
173.0,258.56,260.26,256.96,259.45,2252638
170.0,266.17,266.26,261.83,262.28,2318873
169.0,266.63,268.54,265.12,265.89,2471136
168.0,265.03,265.43,263.11,265.17,1954293
167.0,257.97,265.88,257.77,265.50,3304874
166.0,263.42,263.90,258.46,259.47,2956554
163.0,267.57,268.23,264.79,265.04,2107641
162.0,267.89,268.74,265.72,267.79,1448203
161.0,270.34,272.05,267.11,267.99,2338875
160.0,270.27,272.49,269.04,271.60,2041355
159.0,267.77,269.51,265.82,269.11,1947419
156.0,269.34,271.00,267.86,267.92,2056186
155.0,267.20,269.98,266.02,267.40,1997054
154.0,267.85,269.77,266.78,268.16,2116955
153.0,268.83,271.28,265.08,267.21,2081574
152.0,273.12,273.14,268.83,269.55,2133972
149.0,270.27,272.32,269.52,272.32,4228467
148.0,269.30,269.89,267.31,269.25,2037378
147.0,269.27,269.32,267.44,269.15,2297840
146.0,263.52,268.99,262.87,266.68,3530591
145.0,262.89,263.76,261.27,262.79,1629933
141.0,264.01,264.40,261.46,262.81,2471056
140.0,263.21,263.67,260.96,263.13,3059160
139.0,265.24,265.71,260.71,261.03,2685395
138.0,263.47,264.10,259.76,263.68,5041089
135.0,272.92,273.15,265.30,265.62,14050013
134.0,287.88,290.01,286.34,289.54,5456289
133.0,288.04,289.09,286.16,288.43,2071646
132.0,287.79,288.75,284.31,285.59,2085766
131.0,288.39,289.34,286.79,288.97,1858382
128.0,292.74,292.74,289.32,289.37,1902581
127.0,288.15,290.61,287.38,290.29,2531975
126.0,286.38,287.87,284.28,287.38,2668385
125.0,290.83,291.04,283.12,284.83,6048187
124.0,296.80,297.67,291.84,294.13,2054817
121.0,294.67,297.89,294.67,296.20,2613266
120.0,291.79,294.37,291.16,293.67,2031385
119.0,292.48,293.04,290.58,291.21,1422475
118.0,288.29,291.24,286.79,291.16,1605138
117.0,291.33,292.79,287.64,287.97,2218910
114.0,293.73,293.75,289.91,290.16,2859497
113.0,293.01,294.49,289.69,293.74,2097978
112.0,287.88,291.52,286.29,291.37,1816164
111.0,288.92,289.90,286.54,288.95,1887185
110.0,285.40,290.19,284.79,288.54,3022174
107.0,282.60,284.28,280.15,280.81,3302850
106.0,282.52,284.78,280.55,280.96,2899727
105.0,284.29,285.18,275.92,278.83,3800712
104.0,279.03,285.79,278.03,285.06,4006381
103.0,286.69,289.43,284.29,285.28,2813969
100.0,289.40,290.29,286.95,288.64,3029401
99.0,293.01,293.60,290.01,290.44,3127211
98.0,295.80,297.55,293.17,296.18,2150991
97.0,296.76,299.29,295.40,296.45,2287771
96.0,300.58,302.15,293.79,296.13,3461738
93.0,304.47,304.79,300.40,300.61,3011542
92.0,303.49,306.05,302.80,305.08,1949335
91.0,300.20,303.30,297.89,300.70,2026933
90.0,309.20,309.92,299.95,300.68,3323575
87.0,305.30,308.55,304.31,307.01,2284336
84.0,306.24,307.67,305.05,305.33,1935852
83.0,306.00,306.85,300.98,304.71,2712959
82.0,305.47,307.66,302.30,305.97,2891878
81.0,310.33,312.78,304.19,305.41,3642208
77.0,313.31,315.91,312.40,315.36,3217815
76.0,310.94,313.94,310.45,312.94,1479175
75.0,313.13,313.56,311.36,312.42,1686963
74.0,313.97,315.36,311.86,312.39,2092614
73.0,311.98,315.13,310.33,314.39,2131868
70.0,307.20,312.81,306.81,312.56,2593390
69.0,307.26,309.06,306.09,308.53,2336117
68.0,308.74,310.03,306.48,308.56,1843394
67.0,307.77,310.12,307.56,309.50,1696452
66.0,305.38,309.50,304.91,307.46,1802017
63.0,305.38,306.03,303.61,305.80,1552505
62.0,305.04,306.03,303.37,305.38,1497474
61.0,305.81,307.48,304.07,306.31,1760755
60.0,302.55,306.98,301.86,305.83,2745862
59.0,302.10,302.54,298.07,300.48,2810069
56.0,309.84,310.49,300.18,300.80,4233962
55.0,309.25,310.16,306.93,308.70,2019427
54.0,310.48,311.56,307.95,308.56,2041746
53.0,304.40,310.66,303.56,310.26,3647644
52.0,304.09,306.55,300.92,305.85,4604997
49.0,320.11,321.19,305.99,306.22,8904357
48.0,316.42,317.36,311.96,313.70,5485733
47.0,321.38,321.80,315.14,316.19,3412573
46.0,313.34,321.32,312.95,320.13,3620063
42.0,309.01,312.45,308.85,312.40,2370328
41.0,308.79,310.14,307.39,308.65,1333947
40.0,309.98,309.98,307.69,308.74,1632698
39.0,309.16,309.71,307.56,308.31,1440991
38.0,307.71,308.00,304.58,307.41,1581069
35.0,308.26,309.43,305.37,308.53,2101270
34.0,305.65,309.52,305.33,307.06,2058176
33.0,300.34,305.47,300.33,304.84,2532225
32.0,303.11,303.39,300.36,301.36,1825499
31.0,298.54,303.10,298.54,302.48,2366286
365.0,298.67,299.51,296.31,297.28,1541459
364.0,299.30,300.97,298.99,299.73,989479
363.0,301.30,301.51,299.76,300.80,1019823
362.0,301.33,302.24,299.30,299.76,1064746
361.0,301.67,302.19,300.05,301.49,1208128
357.0,302.97,303.30,301.32,302.42,1111192
356.0,302.30,303.80,301.94,303.05,1207929
355.0,299.58,302.66,299.11,301.84,1881688
354.0,297.62,299.24,294.62,297.83,1973768
351.0,295.80,296.58,294.13,295.70,3089328
350.0,296.72,297.18,294.33,296.15,1596820
349.0,297.40,298.52,294.87,295.45,2168131
348.0,298.84,299.44,296.54,297.75,1643253
347.0,298.86,301.80,297.34,297.61,2403442
344.0,296.87,297.29,295.44,296.40,1705121
343.0,297.24,298.09,294.79,296.05,1868972
342.0,296.28,296.56,292.14,295.57,1757126
341.0,295.93,296.80,293.29,293.86,3047879
340.0,290.58,291.29,288.59,289.47,2095525
337.0,285.01,288.53,284.28,286.79,2633126
336.0,284.62,286.95,282.96,286.20,2550572
335.0,281.78,286.07,281.48,282.46,3757609
364.0,287.45,287.45,276.93,278.13,7117385
363.0,294.88,295.19,290.26,291.35,2859953
360.0,295.53,296.79,293.79,295.29,1311038
358.0,293.95,298.60,293.82,297.78,2400863
357.0,293.80,294.80,289.39,291.80,2166947
356.0,294.03,297.02,291.67,295.91,2186511
353.0,298.80,299.24,295.47,295.71,2298978
352.0,294.79,300.29,294.57,298.58,2590876
351.0,292.79,295.04,290.98,292.07,2442412
350.0,296.68,299.24,292.02,292.15,3308665
349.0,301.84,302.30,297.32,298.03,3480120
346.0,307.30,308.76,300.91,301.95,3395209
345.0,310.16,310.23,307.41,308.90,2262019
344.0,311.35,311.81,309.06,311.75,2499828
343.0,315.32,315.74,310.57,312.72,2240293
342.0,312.32,315.06,311.88,313.70,2102262
339.0,311.90,313.06,310.87,312.85,1766546
338.0,312.63,315.27,311.36,312.45,3571173
337.0,309.06,311.23,307.06,310.40,3382183
336.0,309.64,310.31,307.60,308.11,1999774
335.0,308.17,310.64,305.91,307.81,3088417
332.0,308.84,309.81,306.80,307.16,2281279
331.0,310.34,310.81,306.96,309.60,2187396
330.0,308.19,310.31,306.47,308.54,2242414
329.0,306.86,310.93,305.82,309.61,2513633
328.0,308.10,312.68,307.79,308.56,3158700
325.0,306.27,307.72,305.33,306.57,2256598
324.0,306.06,308.31,303.30,306.30,2923627
323.0,304.37,309.00,304.05,304.29,3526976
322.0,304.73,307.72,301.73,304.22,4591178
321.0,300.58,310.15,300.58,309.16,7109313
318.0,299.93,301.12,296.10,301.03,14824722
317.0,272.36,272.90,268.82,270.74,6634018
316.0,273.77,274.02,271.44,271.92,3060836
315.0,270.33,273.27,269.16,270.97,3757178
314.0,269.51,272.57,268.85,269.69,2631310
311.0,266.65,269.07,264.07,268.44,2863473
310.0,268.37,268.87,264.83,265.27,2398910
309.0,269.90,270.24,265.24,267.44,2766690
308.0,264.45,270.27,263.54,269.38,3507302
307.0,262.74,264.39,259.68,261.44,1940494
304.0,265.26,265.58,261.76,263.07,2226112
303.0,264.84,266.20,259.72,263.16,3244626
302.0,264.19,266.74,262.62,264.11,2173878
301.0,267.01,267.06,259.48,263.85,3654832
300.0,264.69,268.69,264.69,265.47,3107622
297.0,261.13,264.18,259.39,263.91,3363247
296.0,257.56,260.10,255.91,257.00,2317644
295.0,256.69,259.15,256.10,258.26,2537779
294.0,255.09,260.25,254.71,256.99,4467227
293.0,246.50,255.46,246.28,254.39,4413416
290.0,242.12,245.85,240.83,245.32,5649448
289.0,240.21,241.47,239.94,240.77,1972569
288.0,240.21,241.19,239.49,240.56,2403545
287.0,241.25,242.62,240.28,240.46,2218739
286.0,240.69,242.42,240.00,241.38,2245650
283.0,239.75,240.13,237.78,238.31,1974340
282.0,239.15,240.44,235.53,238.33,2435299
281.0,232.83,236.49,232.49,235.53,2409028
280.0,232.48,234.03,231.74,232.43,1711335
276.0,235.50,236.18,233.95,235.39,2545726
275.0,231.65,232.45,230.39,231.82,1685384
274.0,227.72,232.70,226.48,230.40,3237824
273.0,225.28,227.66,224.22,225.24,1946998
272.0,229.80,230.11,226.44,226.57,1236219
269.0,226.51,230.22,224.05,229.64,2313147
268.0,228.26,228.86,225.45,225.72,1781767
267.0,225.22,229.13,225.22,227.54,2592104
266.0,229.08,229.41,225.69,225.92,2763814
265.0,230.98,234.36,229.09,232.27,2989159
262.0,234.22,236.03,230.74,231.24,3923319
261.0,240.75,241.50,233.86,234.22,3925513
260.0,245.47,245.68,241.02,241.32,2686374
259.0,244.51,247.60,243.26,245.51,1890646
258.0,242.08,245.18,240.49,243.04,1306685
255.0,244.74,245.84,243.25,243.42,1940047
254.0,242.21,247.62,241.50,246.25,2205032
253.0,249.11,249.25,246.00,246.12,2226003
252.0,251.43,253.25,249.53,252.11,2075569
251.0,251.38,253.00,250.93,252.93,1873209
248.0,252.95,253.12,248.27,250.36,3321695
247.0,253.20,254.55,252.03,254.30,2426460
246.0,246.34,253.75,245.77,253.41,3814120
245.0,245.50,246.48,243.62,245.16,1803185
244.0,244.74,246.89,243.71,245.45,1867475
242.0,240.06,243.92,239.81,242.67,2144492
241.0,243.22,244.68,239.90,242.74,2675420
240.0,247.72,247.87,241.58,242.42,2502447
239.0,245.53,249.00,245.33,246.56,2451984
238.0,244.79,245.62,242.68,244.73,1996691
235.0,240.63,245.54,240.25,245.28,2267180
234.0,241.86,244.73,241.48,242.65,2148487
233.0,242.24,243.09,237.95,238.99,3285364
232.0,230.75,241.74,230.53,241.04,4056832
231.0,230.74,235.06,228.99,233.32,4549465
228.0,234.80,235.52,229.99,230.03,7824721
227.0,246.11,247.60,241.58,247.26,4858782
226.0,245.18,247.16,243.47,245.91,3118534
225.0,241.37,246.74,240.38,244.84,3976281
224.0,236.42,239.96,235.78,238.15,3334411
221.0,236.22,236.87,231.62,233.98,4332702
220.0,227.00,228.89,225.05,228.51,2670490
219.0,219.37,225.87,217.91,225.33,3131936
218.0,222.22,224.06,217.03,218.25,2561426
214.0,221.03,221.36,218.22,218.49,1936256
213.0,222.87,224.42,217.03,219.96,3513877
211.0,227.71,229.14,222.58,222.70,3603698
210.0,231.95,232.51,225.79,227.36,3502108
209.0,236.53,239.01,234.74,236.28,1762594
206.0,238.77,239.06,235.52,236.58,2245289
205.0,240.07,241.62,236.87,237.79,1893761
204.0,243.69,243.69,239.32,241.27,2029650
203.0,245.19,248.55,243.11,243.37,2219930
202.0,250.20,250.73,242.69,244.52,2989344
199.0,251.51,251.99,249.31,250.27,2878739
198.0,251.98,253.19,248.59,250.29,1977894
197.0,248.33,252.25,248.30,250.89,2291967
196.0,241.78,250.45,241.33,249.24,4261561
195.0,247.49,247.50,241.84,241.84,2040942
192.0,241.49,244.60,241.05,244.49,1784318
191.0,240.43,244.49,238.16,243.75,2585930
190.0,243.85,244.68,236.24,237.25,2732731
189.0,244.17,244.66,239.01,242.63,2685052
188.0,249.78,250.71,241.82,243.00,3637036
185.0,250.11,254.88,248.60,249.61,3923904
184.0,247.80,254.25,247.60,253.05,3651897
183.0,243.58,247.18,240.97,246.93,2540721
182.0,240.46,245.78,240.30,241.43,2666997
178.0,246.62,246.97,241.74,243.06,2894755
177.0,242.67,246.40,240.77,245.48,2810047
176.0,241.28,245.12,237.74,237.97,3484042
175.0,234.31,238.96,232.24,238.77,3021908
174.0,240.61,245.14,238.64,238.82,4350322
171.0,234.76,242.74,232.43,236.26,9693537
170.0,242.78,243.03,237.14,237.74,4917963
169.0,248.38,249.97,244.11,247.46,3446369
168.0,255.25,255.74,248.78,249.43,2830286
167.0,253.64,254.43,249.42,254.24,2796534
164.0,255.14,255.75,248.37,254.02,4123922
163.0,258.51,261.26,255.44,255.70,3328146
162.0,256.28,256.28,251.25,252.95,3852157
161.0,258.09,260.20,254.36,254.78,3324317
160.0,257.24,261.67,256.56,261.09,4127928
157.0,250.23,252.91,240.91,246.82,5093752
156.0,254.63,259.02,230.23,249.58,5000043
155.0,250.74,258.12,250.49,255.13,4582120
154.0,263.52,263.63,252.36,253.44,6078530
153.0,263.51,266.73,262.80,265.57,1860317
150.0,265.83,269.11,262.98,263.11,2440207
149.0,266.95,268.52,263.60,266.27,3058815
148.0,266.32,267.68,260.78,264.86,3409197
147.0,264.73,269.43,263.88,264.80,3844727
146.0,272.76,272.77,264.87,266.09,4373614
143.0,273.90,274.93,271.41,272.77,2089882
142.0,276.28,276.53,271.95,273.80,3283651
141.0,278.51,280.41,276.36,277.43,2392748
140.0,277.36,280.11,275.81,277.80,2979333
139.0,274.65,277.27,272.77,275.33,3895772
136.0,281.78,284.69,275.09,275.35,12239411
135.0,296.38,299.22,294.44,297.95,6761708
134.0,295.33,296.47,292.30,294.79,3403800
133.0,286.55,294.73,285.85,293.68,3912262
132.0,283.96,287.29,283.39,286.65,2353551
129.0,284.28,284.67,282.28,283.39,2056835
128.0,281.94,285.21,280.30,284.03,1951735
127.0,283.93,284.66,281.21,282.05,2581016
126.0,285.01,285.73,282.98,284.39,2060014
125.0,285.74,287.73,284.78,285.79,1902063
120.0,282.81,285.15,281.69,283.84,3030869
119.0,281.70,284.10,280.42,283.64,1987571
118.0,281.78,282.64,280.57,281.51,3105180
115.0,282.92,283.98,280.29,281.63,2696461
114.0,279.79,286.29,279.61,281.72,3931664
113.0,273.03,280.20,270.12,278.94,6569358
112.0,278.80,279.44,271.27,274.77,5501283
111.0,278.33,283.71,277.42,279.03,4005472
108.0,283.40,284.28,278.92,280.28,4794128
107.0,282.64,284.50,281.76,283.48,1777117
106.0,284.43,286.01,282.41,283.06,3322497
105.0,281.20,284.49,280.66,282.88,3432853
104.0,283.62,285.01,278.28,281.87,4656570
101.0,294.36,294.43,289.87,290.06,2756215
100.0,287.42,293.40,287.39,290.86,4235226
99.0,282.16,289.54,281.39,288.51,5659067
98.0,280.20,282.61,278.53,280.38,3177588
97.0,282.67,282.87,280.79,281.52,2386506
94.0,280.96,284.12,280.23,282.39,3913364
93.0,273.52,278.34,273.37,277.57,3184077
92.0,271.45,274.33,269.89,272.93,3090124
91.0,268.01,273.10,267.77,270.80,4357461
90.0,264.86,266.91,264.13,266.61,2238334
85.0,263.97,266.14,262.00,263.66,2049372
84.0,263.82,264.51,260.26,263.48,3309373
83.0,267.46,269.49,265.52,266.00,2326901
82.0,271.77,272.09,266.41,267.80,2874790
81.0,273.95,274.02,270.77,271.67,2144741
78.0,270.77,272.29,270.12,270.65,2555348
77.0,269.04,272.78,268.34,271.88,2339250
76.0,271.27,271.97,269.07,269.37,2030680
75.0,268.84,272.34,267.42,270.92,3654824
71.0,266.75,268.84,265.52,266.83,2280371
70.0,266.39,270.52,265.01,268.47,2411090
69.0,267.30,269.16,264.11,267.49,2675794
68.0,270.04,271.04,267.80,268.49,2828685
67.0,266.52,271.27,266.03,267.00,2695412
64.0,264.46,267.02,261.49,265.91,3157048
63.0,268.77,269.27,263.04,263.65,3382732
62.0,264.60,271.32,264.38,270.68,2999890
61.0,267.75,267.75,264.07,265.83,4096305
60.0,267.57,268.17,265.42,266.78,2253021
57.0,269.51,270.76,263.07,265.24,4141196
56.0,272.52,273.77,265.57,267.41,3231041
55.0,270.91,274.10,267.92,271.32,3965467
54.0,269.25,275.07,268.41,271.48,4356767
53.0,273.57,275.21,268.02,270.27,4421012
50.0,282.53,285.59,267.70,275.28,6807653
49.0,292.01,293.70,286.41,291.78,6307634
48.0,293.28,293.28,287.93,290.50,3253498
47.0,291.04,295.51,288.43,294.10,4317143
43.0,296.09,297.08,289.31,290.29,5437698
42.0,292.24,297.40,291.70,295.22,4241570
41.0,288.53,294.48,287.24,293.84,6499074
40.0,299.34,299.38,294.29,295.54,4853249
39.0,302.53,302.53,297.32,300.86,7216804
36.0,296.30,301.93,294.85,301.31,4724735
35.0,305.00,305.30,296.62,297.35,6418020
34.0,313.24,313.24,303.48,304.43,3980628
33.0,313.90,314.23,311.08,312.31,3007857
32.0,313.79,315.07,312.43,313.69,1957963
365.0,312.69,313.01,310.30,310.30,1220214
364.0,309.56,311.68,309.31,311.68,1466379
363.0,312.68,312.73,309.45,310.01,1427712
362.0,311.14,313.31,309.55,311.75,1698015
358.0,306.77,310.07,306.44,309.55,858620
357.0,302.05,306.74,301.73,306.15,2075311
356.0,300.97,301.05,299.72,300.86,1884290
355.0,299.27,300.22,298.13,299.64,2571981
352.0,298.31,299.76,297.80,298.51,3532540
351.0,298.52,299.12,297.18,297.27,2640762
350.0,299.75,300.49,298.62,299.18,2809751
349.0,296.95,298.49,295.79,296.87,2280340
348.0,297.92,298.95,296.60,298.16,1913572
345.0,297.64,297.67,294.16,295.55,1723378
344.0,295.52,297.65,295.50,296.05,1669525
343.0,294.04,294.96,292.08,294.80,1781288
342.0,292.04,295.63,291.29,293.82,1525524
341.0,292.41,294.64,290.79,293.42,1636587
338.0,296.81,297.71,289.88,292.80,2514042
337.0,294.81,296.02,292.79,293.16,1429399
336.0,295.79,296.80,293.40,294.05,1665225
335.0,294.36,295.91,291.79,295.23,2321273
364.0,290.61,292.13,288.84,291.79,1725231
361.0,286.29,291.52,285.77,290.17,1384523
359.0,293.50,293.82,291.64,293.16,1461405
358.0,291.54,292.44,288.56,291.84,1608648
357.0,288.53,293.59,288.22,291.47,2548562
354.0,285.04,286.09,284.98,285.27,2006202
353.0,287.17,287.29,285.28,286.78,2168302
352.0,288.61,289.68,286.32,288.61,1550127
351.0,287.72,289.04,287.15,289.03,1920765
350.0,287.79,288.78,286.68,288.43,2199136
347.0,284.93,286.54,283.59,286.31,1668092
346.0,285.06,286.74,283.03,284.21,1886395
345.0,285.53,287.04,283.21,285.57,2321856
344.0,281.65,284.67,281.28,283.66,2231476
343.0,278.00,281.57,277.39,281.54,2651426
340.0,274.13,276.17,273.02,275.83,1826705
339.0,272.02,275.16,271.60,274.60,1848039
338.0,270.67,273.02,268.48,270.44,2333629
337.0,265.27,269.02,264.41,268.91,2382892
336.0,268.81,270.00,264.38,267.26,3202875
333.0,275.27,275.36,267.39,268.33,3469738
332.0,271.78,276.19,270.77,275.80,2518762
331.0,274.21,275.27,269.39,270.42,2568660
330.0,275.76,277.56,272.35,274.42,3218033
329.0,278.15,281.10,275.72,277.38,2973706
326.0,277.90,279.22,275.88,277.12,2393191
325.0,275.27,277.78,274.27,277.32,2337087
324.0,275.23,279.95,274.77,275.83,3673168
323.0,276.10,276.75,270.62,276.14,4044439
322.0,276.62,277.08,274.64,276.32,3220167
319.0,273.94,277.65,272.54,275.20,8845714
318.0,267.14,268.72,263.90,265.22,6100353
317.0,266.50,268.06,265.26,267.93,3265055
316.0,262.46,263.99,260.95,263.32,3042242
315.0,261.97,263.14,259.92,262.28,3324320
312.0,258.58,261.02,257.51,258.38,2739892
311.0,260.04,261.89,256.93,257.35,4306504
310.0,249.75,259.75,249.15,259.03,4877683
309.0,246.10,249.93,246.10,249.62,2732977
308.0,244.07,246.46,241.91,244.50,2144652
305.0,242.11,246.12,241.54,242.53,2600805
304.0,246.75,248.48,243.74,243.84,2816234
303.0,250.25,250.32,243.86,248.17,3141701
302.0,250.01,250.12,246.75,249.51,2099379
301.0,247.67,251.00,246.89,249.51,1843168
298.0,247.39,250.21,246.25,246.49,2052014
297.0,250.49,250.96,246.75,248.63,2528646
296.0,250.64,253.75,249.10,249.48,2704685
295.0,250.71,251.25,249.15,249.78,3041830
294.0,244.11,249.70,243.35,248.75,2117567
291.0,248.63,248.74,245.86,245.98,3284248
290.0,245.53,248.93,243.82,246.11,4483447
289.0,240.14,244.93,239.48,244.39,2587367
288.0,237.78,239.69,236.59,239.01,2398607
287.0,235.49,238.64,235.26,237.80,1977667
284.0,235.44,236.89,234.05,236.31,1902811
283.0,233.56,235.71,231.23,235.71,2535304
282.0,229.76,233.37,229.63,232.22,2195496
281.0,232.38,233.73,228.15,229.54,2656609
277.0,229.01,231.53,228.12,230.88,1499873
276.0,228.14,229.35,227.73,228.99,1646354
275.0,228.14,229.39,226.52,226.73,1806518
274.0,230.07,233.64,227.44,228.11,2595091
273.0,230.12,231.16,229.23,231.07,1957955
270.0,234.86,236.42,231.92,232.61,1771808
269.0,234.52,234.52,230.60,233.26,2000000
268.0,236.62,236.74,233.58,234.23,1988449
267.0,234.80,237.41,234.59,235.92,2343030
266.0,233.91,235.28,232.44,234.60,2459325
263.0,233.00,233.28,231.56,232.85,3564367
262.0,226.23,231.32,225.84,230.44,4002454
261.0,220.22,222.72,219.50,222.21,2260091
260.0,222.77,224.07,221.38,222.86,2357493
259.0,225.98,226.22,221.78,222.67,2620304
256.0,231.62,231.82,228.67,230.23,1676559
255.0,231.31,232.59,229.68,231.37,1995640
254.0,227.93,231.11,227.69,229.52,2341768
253.0,227.06,228.84,226.42,227.20,1714613
252.0,227.80,229.43,227.12,228.53,1741979
249.0,228.06,229.94,227.72,228.78,2543392
248.0,227.38,227.67,224.49,225.41,2111395
247.0,228.23,228.68,224.16,225.80,2342227
246.0,224.91,227.23,224.44,227.09,2390098
245.0,224.59,227.18,224.04,226.33,2591173
243.0,225.21,226.58,221.44,221.75,2861550
242.0,221.53,225.96,221.53,223.04,3200547
241.0,218.83,219.12,216.16,218.34,1987216
240.0,220.72,221.63,218.27,220.14,2541052
239.0,223.24,223.60,219.02,222.62,2505329
236.0,218.12,225.47,217.72,223.58,3629454
235.0,214.55,220.83,212.96,218.89,3479378
234.0,214.21,215.32,211.96,214.06,2586960
233.0,215.69,216.17,213.07,214.16,2969146
232.0,215.15,216.64,213.34,215.30,3154002
229.0,216.72,217.96,213.56,215.34,6854734
228.0,218.56,223.10,217.27,221.52,6554412
227.0,215.04,219.56,214.46,219.30,3779342
226.0,212.07,213.58,210.65,212.56,2896461
225.0,208.30,212.47,207.80,212.36,4047557
222.0,204.99,208.89,204.55,207.41,2929559
221.0,203.26,207.43,203.10,205.40,3275816
220.0,200.20,203.20,199.23,201.45,3441854
219.0,204.32,204.80,198.19,198.51,3260307
218.0,203.45,205.53,201.03,205.01,2262557
214.0,207.91,207.91,203.61,204.45,2517630
213.0,212.31,213.41,209.28,209.70,2310768
211.0,212.21,213.82,209.32,211.01,2594683
210.0,213.21,214.11,211.33,212.28,2169518
207.0,207.05,214.33,206.76,212.87,3257482
206.0,203.70,208.16,203.46,208.09,3045279
205.0,204.57,206.32,203.48,204.85,2457992
204.0,203.53,204.70,201.48,203.04,2899710
203.0,208.68,208.95,201.15,203.88,4124360
200.0,209.31,210.44,207.50,210.26,4261008
199.0,208.05,209.55,206.71,207.24,3087653
198.0,208.30,210.07,205.99,207.79,3490947
197.0,209.86,210.76,207.92,208.21,3050261
196.0,210.96,210.96,207.21,208.59,3737299
193.0,213.64,214.06,210.82,212.63,2918429
192.0,216.10,217.08,214.40,214.71,2866040
191.0,218.33,219.16,213.55,216.52,3358870
190.0,219.51,220.47,216.10,218.03,3255945
189.0,219.97,220.68,217.28,219.60,3098931
186.0,222.76,223.89,219.95,222.38,3681002
185.0,217.87,220.84,217.47,220.36,3639434
184.0,213.21,216.45,212.21,216.04,3535593
183.0,213.34,215.19,211.91,214.41,2626012
182.0,209.57,215.01,209.47,213.49,3323431
179.0,206.26,208.83,205.56,208.82,2649405
178.0,204.54,206.02,202.51,205.41,2668993
177.0,203.02,206.14,202.61,202.98,3035892
176.0,196.17,202.70,195.20,202.38,3104776
172.0,198.53,199.52,196.20,196.95,1718843
171.0,198.35,201.62,197.12,198.45,2720300
170.0,201.25,203.04,197.70,198.79,2284191
169.0,198.25,201.02,196.70,199.64,2837823
168.0,197.56,198.85,192.89,198.62,3352055
165.0,195.75,197.25,194.74,195.20,3016859
164.0,194.59,196.30,192.54,193.94,2937904
163.0,197.24,198.39,194.37,194.96,2852384
162.0,205.21,205.70,197.75,199.70,3796453
161.0,201.60,206.21,200.80,204.19,2560736
158.0,201.63,205.27,197.70,203.87,3865597
157.0,202.25,202.70,196.45,198.50,3000724
156.0,203.60,204.34,200.70,201.94,2633743
155.0,200.19,202.70,198.82,201.70,2401096
154.0,199.28,201.40,197.59,201.19,3204843
151.0,197.71,198.99,195.97,197.04,2428611
150.0,198.08,202.08,197.60,198.18,4361069
149.0,193.18,197.68,193.11,195.93,3610160
148.0,192.07,194.72,190.96,192.05,2943938
147.0,192.36,194.94,191.57,193.17,2291125
144.0,193.22,196.79,190.44,194.94,3386147
143.0,193.95,195.07,190.75,192.54,2611240
142.0,191.07,195.19,189.69,192.12,3503616
141.0,188.27,192.34,188.24,190.93,3697301
140.0,193.27,195.52,188.13,189.84,4429555
137.0,193.20,200.11,192.60,196.32,10734963
136.0,190.94,196.65,190.70,194.56,10185094
135.0,183.73,190.72,182.26,189.94,4935003
134.0,188.66,188.68,182.98,184.64,3429359
133.0,185.85,189.74,185.34,189.24,3050081
129.0,184.93,187.36,183.31,186.44,3383146
128.0,181.93,182.68,178.28,181.18,2765142
127.0,181.48,182.06,177.83,179.50,3681433
126.0,183.68,185.09,180.88,184.30,3281760
123.0,182.43,186.05,179.18,185.07,3789784
122.0,181.84,185.06,180.34,181.43,4489367
121.0,172.06,177.80,170.48,177.22,3303042
120.0,174.64,176.93,173.26,174.20,3658421
119.0,171.44,172.08,168.20,171.52,3096702
116.0,175.18,176.17,172.91,174.02,3323401
115.0,176.74,179.76,174.42,176.82,6004769
114.0,175.38,175.85,168.29,172.21,4337117
113.0,173.42,177.10,172.17,173.76,3821808
112.0,166.95,174.90,166.68,174.48,4272085
109.0,165.32,166.66,163.33,165.25,4738590
108.0,166.01,168.17,163.85,165.13,4111476
107.0,167.57,170.17,164.19,166.72,5013619
106.0,160.25,167.84,159.70,167.84,4715786
105.0,163.16,165.03,159.45,160.00,4947256
102.0,163.21,163.89,159.67,162.37,3907609
101.0,158.93,162.66,156.98,161.93,5026330
100.0,155.21,160.16,153.01,159.11,5926878
99.0,149.27,155.41,147.27,154.24,6731733
98.0,150.14,153.44,144.87,145.59,6929592
95.0,153.76,155.25,147.27,154.44,7238087
94.0,158.40,159.70,151.47,152.97,6530631
93.0,161.74,164.66,157.85,159.62,7820133
92.0,165.20,167.01,161.34,162.90,6524207
91.0,166.83,170.52,163.16,163.74,5789674
86.0,166.64,172.08,165.72,169.16,5420892
85.0,173.15,176.42,168.75,168.76,5607758
84.0,171.25,176.33,169.63,170.99,6440776
83.0,165.68,174.98,165.61,172.90,6101985
82.0,173.67,175.07,164.94,165.20,5220506
79.0,169.19,174.63,167.67,173.40,6218278
78.0,178.91,180.08,170.88,171.49,4989553
77.0,173.79,176.87,170.43,176.73,6025999
76.0,173.43,173.72,170.01,171.50,5680732
72.0,181.28,181.68,177.79,179.02,4147107
71.0,176.76,181.99,175.92,181.71,5551383
70.0,179.65,182.68,176.68,179.20,5232088
69.0,188.18,188.94,179.12,179.43,7105831
68.0,185.83,190.69,183.83,189.57,4983224
65.0,178.41,187.09,177.90,185.83,7041797
64.0,170.63,177.87,168.67,177.04,7265283
63.0,170.21,177.40,169.75,171.67,6817851
62.0,171.46,171.67,167.08,170.40,6561634
61.0,167.31,172.67,166.17,170.46,5206915
58.0,172.52,174.57,168.17,169.43,4673619
57.0,172.44,172.70,170.23,171.83,7284342
56.0,169.16,176.34,168.32,174.51,7693202
55.0,163.39,167.10,162.30,165.91,4929544
54.0,162.59,164.16,160.44,162.10,4611581
51.0,154.79,166.15,152.26,162.51,10732775
50.0,149.17,154.83,147.72,153.40,8266320
49.0,144.32,151.90,144.32,151.69,4927534
48.0,149.72,149.90,141.52,141.52,5050088
44.0,152.66,154.28,148.00,149.98,5225959
43.0,148.93,151.94,143.54,149.64,5937439
42.0,155.15,157.06,149.02,150.64,5577379
41.0,156.04,160.46,155.35,157.32,4433603
40.0,158.31,159.63,155.27,156.50,3304863
37.0,163.91,163.91,156.86,157.69,4341085
36.0,159.30,162.76,158.83,162.76,3601466
35.0,164.32,165.62,159.53,161.17,4495295
34.0,166.66,170.57,163.36,167.20,6426845
33.0,160.66,165.79,157.66,164.19,4891063
30.0,154.45,161.07,152.90,160.82,3617574
