323.0,989.44,991.00,984.58,988.20,1183186
322.0,986.00,988.88,978.39,984.45,1313575
321.0,991.77,996.72,986.97,992.81,1057581
320.0,990.29,996.44,988.59,992.18,1290186
319.0,992.10,993.91,984.00,992.00,910543
316.0,992.00,997.21,989.00,989.68,1169777
315.0,987.45,994.12,985.00,987.83,1262793
314.0,973.72,990.71,972.25,989.25,1693274
313.0,980.00,981.57,966.08,972.60,968362
312.0,980.00,985.42,976.11,977.00,891355
309.0,966.70,979.46,963.36,978.89,1173882
308.0,955.49,970.91,955.18,969.96,1213816
307.0,957.00,960.39,950.69,951.68,952391
306.0,954.00,958.00,949.14,957.79,888346
305.0,959.98,962.54,947.84,953.27,1283444
302.0,952.00,959.79,951.51,959.11,1580994
301.0,941.36,950.69,940.55,949.50,1020312
300.0,927.74,949.90,927.74,944.49,2212600
299.0,923.72,930.82,921.14,924.86,1666861
298.0,925.45,926.40,909.70,920.97,1856822
295.0,927.75,934.73,926.48,928.53,1052704
294.0,933.00,936.53,923.83,932.45,1290607
293.0,922.98,933.88,922.00,931.58,1669763
292.0,917.42,922.42,912.55,921.81,936654
291.0,920.01,922.08,910.60,915.00,1306922
288.0,924.66,926.49,916.36,920.29,2505430
287.0,931.25,932.77,924.00,925.11,1397644
286.0,930.66,937.25,929.86,935.09,1102631
285.0,932.59,933.48,923.86,932.07,1134397
284.0,934.25,938.38,926.92,929.08,1266991
281.0,936.49,936.99,924.88,926.50,1011538
280.0,931.73,936.41,923.62,935.95,1212743
279.0,930.15,930.92,919.27,927.81,1527650
278.0,933.08,937.00,921.96,928.45,1348292
274.0,941.13,942.48,935.15,937.34,947374
273.0,931.76,941.98,931.76,939.33,1582579
272.0,920.05,930.82,919.65,929.57,1301225
271.0,905.10,923.33,905.00,921.29,1185564
270.0,916.00,919.24,911.87,913.81,1086484
267.0,923.49,925.56,915.50,915.89,1053376
266.0,928.66,930.84,915.50,921.28,1270306
265.0,921.93,929.93,919.36,927.00,1090248
264.0,912.72,925.86,911.48,924.69,1166737
263.0,910.00,913.00,903.40,906.66,943441
260.0,910.31,915.28,907.15,910.67,1342689
259.0,925.78,926.86,910.98,910.98,1277238
258.0,925.29,932.70,923.44,926.96,1006711
257.0,924.23,926.55,919.82,922.22,883369
256.0,922.53,924.67,918.19,922.67,1064530
253.0,907.97,917.78,905.58,914.39,1206782
252.0,917.55,919.26,906.13,907.24,1823967
251.0,920.61,925.98,917.25,922.90,1192081
250.0,927.09,935.81,925.61,926.79,1061579
249.0,929.06,931.70,926.50,929.36,1032239
246.0,926.75,930.31,923.03,927.96,1082267
245.0,930.34,932.24,922.24,923.65,1202512
244.0,928.61,932.60,916.68,930.39,1824448
243.0,932.38,937.45,929.26,930.83,1277734
243.0,941.89,943.59,926.04,930.50,1970095
240.0,929.40,943.83,927.50,941.53,1846351
239.0,951.78,951.78,920.00,934.09,3212996
238.0,954.68,955.00,942.28,947.80,2088256
237.0,953.81,959.70,945.40,950.70,4660979
236.0,972.22,986.20,970.77,980.34,3248347
233.0,962.25,973.23,960.15,972.92,1711000
232.0,975.00,975.90,961.51,968.15,1624463
231.0,967.84,973.04,964.03,970.89,1224540
230.0,953.00,968.04,950.60,965.40,1153964
229.0,957.00,960.74,949.24,953.42,1165537
226.0,952.00,956.91,948.00,955.99,1053774
225.0,946.29,954.45,943.01,947.16,1294687
224.0,938.68,946.30,934.47,943.83,1532144
223.0,929.54,931.43,922.00,930.09,1113235
222.0,921.77,930.38,919.59,928.80,1192825
219.0,908.85,921.54,908.85,918.59,1637785
218.0,904.12,914.94,899.70,906.69,1424503
217.0,901.76,914.51,898.50,911.71,1813884
215.0,912.18,913.94,894.79,898.70,1710373
211.0,926.05,926.05,908.31,908.73,2090226
210.0,929.92,931.26,910.62,917.79,3299176
209.0,929.00,942.75,916.00,940.49,2721406
208.0,942.46,948.29,926.85,927.33,2579930
207.0,969.90,973.31,950.79,952.27,1598355
204.0,956.83,966.00,954.20,965.59,1527856
203.0,958.70,960.72,954.55,957.09,941958
202.0,953.64,960.10,950.76,959.45,1202233
201.0,957.52,961.62,950.01,950.63,1125990
200.0,949.96,959.99,949.05,957.37,1533336
197.0,940.00,942.04,931.60,939.78,3094711
196.0,933.97,943.34,924.44,942.31,2133050
195.0,959.92,961.15,942.25,950.76,1489715
194.0,951.91,959.98,944.09,953.40,2013337
193.0,939.56,949.36,915.23,942.90,3763529
190.0,984.50,984.50,935.63,949.83,3309389
189.0,982.35,984.57,977.20,983.41,1481916
188.0,979.65,984.15,975.77,981.08,1453874
187.0,983.16,988.25,975.14,976.57,1814624
186.0,976.55,986.91,975.10,983.68,1252106
183.0,969.46,975.88,966.00,975.60,1750955
182.0,968.95,971.50,960.01,966.95,1410458
181.0,975.02,979.27,960.18,964.86,2448067
180.0,970.31,976.20,969.49,975.88,1466654
176.0,969.70,974.98,965.03,971.47,1252010
175.0,957.33,972.63,955.47,969.54,1660474
174.0,952.98,955.09,949.50,954.96,1034199
173.0,947.92,951.47,942.58,948.82,1270817
172.0,935.00,941.88,935.00,941.86,1120385
169.0,931.47,937.76,931.00,934.01,1393024
168.0,921.00,933.17,918.75,930.24,1596897
167.0,935.67,939.33,918.14,919.62,2362072
166.0,940.00,943.11,937.58,943.00,969479
165.0,932.95,938.25,929.34,937.08,1108496
162.0,931.53,933.44,927.85,932.22,1050601
161.0,925.32,932.53,923.03,930.60,835386
160.0,931.98,932.00,925.16,928.78,1173925
159.0,936.95,937.50,929.53,932.17,1581809
158.0,926.12,936.92,925.26,934.30,1329825
155.0,933.54,934.90,925.20,927.13,1911275
154.0,926.07,935.93,924.59,931.66,1422144
153.0,914.86,928.10,912.54,927.04,1499532
152.0,909.62,920.77,909.45,916.44,1587219
151.0,901.94,915.68,901.45,912.57,2115993
148.0,910.66,916.85,905.77,905.96,3276255
147.0,873.60,875.40,870.38,874.25,2026816
146.0,874.23,876.05,867.75,871.73,1237167
145.0,865.00,875.00,862.81,872.30,1671972
144.0,851.20,863.45,849.86,862.76,1372541
141.0,842.88,843.88,840.60,843.19,1323583
140.0,841.44,845.20,839.32,841.65,959031
139.0,839.79,842.22,836.29,838.21,954330
138.0,834.22,838.93,832.71,836.82,836722
137.0,825.01,837.75,824.47,837.17,895015
133.0,822.14,826.38,821.44,823.56,1122362
132.0,821.93,826.66,821.02,824.32,900480
131.0,824.71,827.43,817.02,823.35,1079732
130.0,825.39,829.35,823.77,824.73,978905
127.0,827.96,828.48,820.51,824.67,1057253
126.0,832.40,836.39,826.46,827.88,1254433
125.0,835.51,842.45,830.72,831.41,1555328
124.0,831.36,835.18,829.04,834.57,1045363
123.0,829.22,840.85,829.22,838.55,1671503
120.0,828.97,831.64,827.39,829.56,1401893
119.0,833.50,833.68,829.00,831.50,1055339
118.0,825.00,832.76,822.38,831.41,1786321
117.0,820.41,825.99,814.03,820.92,1620542
116.0,806.95,821.63,803.37,819.51,1894990
113.0,820.08,821.93,808.89,814.43,1981006
112.0,821.00,822.57,812.26,817.58,3487056
111.0,831.91,835.55,827.18,829.59,1401465
110.0,851.40,853.50,829.02,830.46,2463484
109.0,850.01,850.22,845.15,848.40,1231521
106.0,851.61,853.40,847.11,852.12,1716471
105.0,849.03,850.85,846.13,848.78,977560
104.0,847.59,848.63,840.77,847.20,1381474
103.0,843.64,847.24,840.80,845.62,780198
102.0,844.00,848.68,843.25,845.54,1223647
99.0,843.28,844.91,839.50,843.25,1704024
98.0,836.00,842.00,834.21,838.68,1261517
97.0,833.51,838.15,831.79,835.37,989773
96.0,827.40,833.41,826.52,831.91,1037630
95.0,826.95,828.88,822.40,827.78,1109037
92.0,830.56,831.36,825.75,829.08,896378
91.0,833.85,834.51,829.64,830.63,942476
90.0,828.85,836.26,827.26,835.24,1496540
87.0,825.61,828.54,820.20,823.21,2260769
86.0,824.55,830.50,824.00,829.28,1101466
83.0,827.73,829.00,824.20,828.64,1392202
82.0,830.12,832.46,822.88,831.33,1472771
81.0,828.66,833.25,828.64,830.76,987248
80.0,828.66,833.45,828.35,831.66,1262337
76.0,823.02,828.07,821.66,828.07,1611039
75.0,819.93,824.40,818.98,824.16,1287626
74.0,819.36,823.00,818.47,818.98,1313617
73.0,819.00,823.00,816.00,820.45,1054732
72.0,816.00,820.96,815.49,819.24,1213324
69.0,811.70,815.25,809.78,813.67,1134976
68.0,809.51,810.66,804.54,809.56,990391
67.0,807.00,811.84,803.19,808.38,1155990
66.0,803.99,810.50,801.78,806.97,1241221
65.0,799.70,801.67,795.25,801.34,1184483
62.0,802.99,806.00,800.37,801.49,1463448
61.0,793.80,802.70,792.00,798.53,1532138
60.0,799.68,801.19,791.19,795.70,2029744
59.0,796.86,801.25,790.52,796.79,2160556
58.0,814.66,815.84,799.80,802.32,3246573
55.0,834.71,841.95,820.44,823.31,2965771
54.0,837.81,838.00,827.01,832.15,2973891
53.0,829.62,835.77,825.06,835.67,1627304
52.0,822.30,825.90,817.82,823.87,1474010
51.0,807.25,820.87,803.74,819.31,1963628
48.0,806.91,806.91,801.69,805.02,1670045
47.0,805.12,809.48,801.80,802.18,919325
46.0,805.81,806.20,800.99,806.07,1294407
45.0,807.08,807.14,800.37,804.61,1362115
41.0,807.48,811.22,806.69,807.88,1099215
40.0,807.14,807.39,799.17,806.36,1353057
39.0,805.00,808.15,801.37,807.91,1065936
38.0,807.86,809.13,803.51,804.79,1176780
37.0,806.40,809.97,802.83,806.65,1274645
34.0,795.26,807.90,792.20,806.15,1640170
33.0,786.08,794.48,785.02,794.02,1335167
32.0,788.36,791.34,783.16,786.90,1072958
31.0,778.81,789.63,775.80,786.14,1657268
364.0,782.75,782.78,770.41,771.82,1769950
363.0,783.33,785.93,778.92,782.79,744272
362.0,793.70,794.23,783.20,785.05,1153824
361.0,790.68,797.86,787.66,791.55,789321
357.0,790.90,792.74,787.28,789.91,623944
356.0,792.36,793.32,788.58,791.26,972169
355.0,795.84,796.68,787.10,794.56,1211346
354.0,796.76,798.65,793.27,796.42,951014
353.0,790.22,797.66,786.27,794.20,1232087
350.0,800.40,800.86,790.29,790.80,2443796
349.0,797.34,803.00,792.92,797.85,1626499
348.0,797.40,804.00,794.01,797.07,1704150
347.0,793.90,804.38,793.34,796.10,2145209
346.0,785.04,791.25,784.36,789.27,2104117
343.0,780.00,789.43,779.02,789.29,1821914
342.0,772.48,778.18,767.23,776.42,1488059
341.0,761.00,771.36,755.80,771.19,1760966
340.0,764.73,768.83,757.34,759.11,1690689
339.0,757.71,763.90,752.90,762.52,1394223
336.0,744.59,754.00,743.10,750.50,1452484
335.0,757.44,759.85,737.02,747.92,3017947
364.0,770.07,772.99,754.83,758.04,2392890
363.0,771.53,778.50,768.24,770.84,1616618
362.0,760.00,779.53,759.80,768.24,2188151
359.0,764.26,765.00,760.52,761.68,587421
357.0,767.73,768.28,755.25,760.99,1478417
356.0,772.63,776.96,767.00,768.27,1593108
355.0,762.61,769.70,760.60,769.20,1330639
352.0,771.37,775.00,760.00,760.54,1547145
351.0,766.92,772.70,764.23,771.23,1286961
350.0,755.20,766.36,750.51,764.48,1472594
349.0,746.97,764.42,746.97,758.49,2384001
348.0,755.60,757.85,727.54,736.08,3654385
345.0,756.54,760.78,750.38,754.02,2431815
344.0,791.17,791.17,752.18,762.56,4745183
343.0,779.94,791.23,771.67,785.31,2607121
342.0,783.40,795.63,780.19,790.51,1366873
341.0,774.50,785.19,772.55,782.52,1585070
338.0,750.66,770.36,750.56,762.02,2134812
337.0,767.25,769.95,759.03,762.13,1943175
336.0,778.20,781.65,763.45,768.70,1918414
335.0,782.89,789.49,775.54,783.61,2406356
334.0,795.47,796.86,784.00,784.54,2427284
331.0,808.35,815.49,793.59,795.37,4269902
330.0,801.00,803.49,791.50,795.35,2749221
329.0,806.34,806.98,796.32,799.07,1647733
328.0,816.68,816.68,805.14,807.67,1576404
327.0,804.90,815.18,804.82,813.11,1697514
324.0,795.00,799.50,794.00,799.37,1266181
323.0,803.30,803.97,796.03,796.97,1757528
322.0,798.86,804.63,797.64,801.56,1766798
321.0,787.85,801.61,785.56,795.26,2056903
320.0,779.80,785.85,777.50,779.96,1092973
317.0,781.65,783.95,776.00,778.53,852487
316.0,781.22,781.22,773.00,778.19,1365277
315.0,783.76,788.13,782.06,786.14,937435
314.0,786.66,792.28,780.58,783.07,1372461
313.0,777.71,789.38,775.87,785.94,1174923
310.0,779.66,779.66,770.75,775.08,933158
309.0,779.00,780.48,775.54,776.86,1070692
308.0,779.31,782.07,775.65,776.47,1461151
307.0,776.03,778.71,772.89,776.43,1201350
306.0,774.25,776.06,769.50,772.56,1278821
303.0,776.33,780.94,774.09,777.29,1585333
302.0,781.44,785.80,774.23,775.01,1314746
301.0,777.85,781.81,774.97,781.56,1109834
300.0,775.50,785.99,774.31,783.01,1153247
299.0,782.74,782.74,773.07,774.21,1533206
296.0,786.59,788.93,784.15,786.90,1411937
295.0,780.00,789.85,778.44,787.21,1486223
294.0,772.66,777.16,768.30,776.22,1167810
293.0,769.00,773.33,768.53,771.41,978631
292.0,772.42,774.00,764.44,765.70,1172824
289.0,769.75,769.75,764.66,768.88,2049338
288.0,762.89,773.80,759.96,771.76,1346751
287.0,759.61,767.68,759.11,762.49,1094490
286.0,764.48,766.22,755.80,759.69,1395046
285.0,755.13,770.29,754.00,769.02,1310986
282.0,770.10,773.24,759.66,759.66,1885496
281.0,778.59,780.35,773.58,775.32,1270264
280.0,780.00,782.73,776.20,780.35,894021
279.0,773.45,782.00,771.00,780.08,1442822
275.0,773.01,773.92,768.41,771.46,1072658
274.0,769.25,771.02,764.30,768.78,925131
273.0,767.01,769.09,765.38,767.05,1248556
272.0,769.33,774.47,766.84,769.09,1130029
271.0,768.74,774.99,766.62,772.15,847565
268.0,769.00,776.08,765.85,769.54,1166681
267.0,767.00,771.89,763.18,769.41,926883
266.0,770.58,774.50,767.07,769.64,1071999
265.0,775.48,776.44,771.78,772.08,928232
264.0,773.27,774.54,770.05,772.15,951362
261.0,775.00,777.10,773.13,775.42,861546
260.0,780.01,782.86,777.00,777.50,719429
259.0,777.32,780.81,773.53,779.91,924226
258.0,780.30,780.98,773.44,777.14,1028047
257.0,783.75,787.49,780.11,782.44,938186
254.0,781.50,783.40,780.40,783.22,740498
253.0,785.00,789.75,782.97,784.85,975113
252.0,783.75,786.81,782.78,784.68,786363
251.0,781.10,788.94,780.57,784.26,1318894
250.0,782.00,782.63,778.09,781.76,1107857
247.0,773.78,783.04,772.34,782.22,1801205
246.0,772.22,774.07,768.80,771.61,1140254
245.0,767.18,773.21,766.82,773.18,1287421
244.0,768.69,775.84,767.85,771.07,1784525
243.0,761.09,780.43,761.09,772.88,2700470
241.0,772.71,778.55,766.77,768.79,3841482
240.0,747.04,748.65,739.30,745.91,3530169
239.0,738.28,744.46,737.00,741.77,1512517
238.0,739.04,741.69,734.27,738.42,1186738
237.0,740.67,742.61,737.50,739.77,1032432
234.0,741.86,743.24,736.56,742.74,1259823
233.0,740.36,741.69,735.83,738.63,1026306
232.0,737.33,742.13,737.10,741.19,1289671
231.0,729.89,736.99,729.00,736.96,1227486
230.0,722.71,736.13,721.19,733.78,1295476
227.0,725.73,725.74,719.06,719.85,1279339
226.0,721.58,722.21,718.03,720.95,950193
225.0,723.62,724.00,716.85,716.98,935876
224.0,719.12,722.94,715.91,720.64,1336921
223.0,708.05,716.51,707.24,715.09,1111762
220.0,699.50,705.71,696.44,705.63,1575166
219.0,698.08,698.20,688.22,695.36,1304200
218.0,689.98,701.68,689.09,697.77,1411925
217.0,696.06,696.94,688.88,694.49,1462616
213.0,692.20,700.65,692.13,699.21,1344710
211.0,685.47,692.32,683.65,692.10,1597714
210.0,683.00,687.43,681.41,684.11,1932561
209.0,678.97,680.33,673.00,680.04,2173762
208.0,671.00,672.30,663.28,668.26,2641085
205.0,675.17,689.40,673.45,675.22,4449022
204.0,697.45,701.95,687.00,701.87,2171415
203.0,699.06,700.86,693.08,697.46,1184318
202.0,698.40,702.77,692.01,695.94,1465634
201.0,698.77,702.48,693.41,693.71,2082538
198.0,708.65,708.82,688.45,691.72,3402357
197.0,714.91,716.65,703.26,710.36,1982471
196.0,719.00,722.98,717.31,718.92,1214517
195.0,716.48,722.47,713.12,718.27,1306065
194.0,716.51,725.44,716.51,718.36,1258930
191.0,719.47,725.89,716.43,719.41,1216443
190.0,722.87,729.54,722.34,728.58,988914
189.0,723.96,728.57,720.58,728.28,1583701
188.0,719.84,721.98,716.55,716.65,1336754
187.0,724.91,724.91,714.61,716.55,1566059
184.0,729.27,729.49,720.56,722.34,1226253
183.0,732.50,733.02,724.17,730.40,1341807
182.0,734.53,737.21,730.66,734.15,1253593
181.0,731.74,739.73,731.26,735.72,2129545
177.0,724.01,733.94,724.00,732.66,1974026
176.0,722.87,728.33,720.28,724.12,1542866
175.0,720.76,727.51,719.70,725.27,1629198
174.0,706.86,720.97,706.86,720.09,1920411
173.0,706.53,711.48,704.18,704.24,1320927
170.0,701.62,714.58,700.52,709.74,1816027
169.0,702.36,706.00,696.80,700.32,1656321
168.0,703.67,711.60,700.63,706.63,1763394
167.0,715.99,721.52,704.11,706.23,1999456
166.0,709.13,718.48,705.65,716.49,1316177
163.0,711.93,716.66,709.26,710.83,1307338
162.0,717.06,719.25,709.00,713.31,1360732
161.0,723.41,724.48,712.80,715.29,1686823
160.0,716.75,723.50,715.72,723.18,1563105
159.0,712.00,718.71,710.00,712.90,1508423
156.0,698.38,711.86,698.11,711.12,1826146
155.0,697.70,702.32,695.72,701.43,1677405
154.0,690.49,699.75,689.01,695.70,1688569
153.0,696.87,697.84,692.00,692.36,1530993
152.0,697.63,700.64,691.00,698.21,1644126
149.0,690.70,697.62,689.00,693.01,2484273
148.0,708.26,714.17,689.55,691.02,2851108
147.0,707.29,708.98,692.37,705.84,3086722
146.0,725.42,725.77,703.03,708.14,2727185
145.0,716.10,723.93,715.59,723.15,1955567
142.0,726.30,736.12,713.61,718.77,5939199
141.0,755.38,760.45,749.55,759.14,2743620
140.0,758.00,758.13,750.01,752.67,1525591
139.0,769.51,769.90,749.33,753.93,2027642
138.0,760.46,768.05,757.30,766.61,1555953
135.0,753.98,761.00,752.69,759.00,1800413
134.0,754.01,757.31,752.70,753.20,1130971
133.0,749.16,754.38,744.26,751.72,1707095
132.0,738.00,743.83,731.01,743.09,1349734
131.0,743.02,745.00,736.05,736.10,1211762
128.0,743.97,745.45,735.55,739.15,1285755
127.0,745.37,747.00,736.28,740.28,1429504
126.0,735.77,746.24,735.56,745.69,1050193
125.0,738.00,742.80,735.37,737.80,1129829
124.0,750.06,752.80,742.43,745.29,1131843
121.0,738.60,750.34,737.00,749.91,1574870
120.0,749.25,750.85,740.94,744.95,1712375
119.0,750.10,757.88,748.74,750.53,1780998
118.0,734.59,747.25,728.76,744.77,1902128
117.0,736.79,738.99,732.50,733.53,1299812
113.0,732.01,737.75,731.00,735.30,1564782
112.0,742.36,745.72,736.15,738.06,1421861
111.0,737.46,745.00,737.46,740.75,1264396
110.0,736.50,742.50,733.52,742.09,1831839
107.0,741.86,742.00,731.83,737.60,2796376
106.0,736.45,743.07,736.00,737.78,1856800
105.0,726.37,737.47,724.51,736.09,1572329
104.0,726.92,732.29,724.77,728.33,1720965
103.0,726.81,735.50,725.15,730.49,1716910
100.0,720.00,726.92,717.12,726.82,1963907
99.0,708.12,716.44,703.36,712.82,2829412
98.0,698.47,705.68,694.00,705.24,1418704
97.0,688.59,703.79,685.34,693.97,2063357
96.0,706.90,708.09,686.90,695.16,2985094
93.0,714.99,716.49,706.02,710.89,1967873
92.0,718.68,719.45,706.02,712.42,1956761
91.0,719.00,720.00,712.00,718.85,1627753
90.0,703.62,718.81,699.77,718.81,2147442
88.0,700.32,710.89,697.68,697.77,2280280
85.0,708.58,713.43,700.86,705.07,2239978
84.0,700.01,705.98,690.58,705.75,1631855
83.0,688.92,700.00,680.78,699.56,1958611
82.0,701.45,708.40,693.58,695.85,1999699
81.0,707.45,713.24,702.51,706.46,1946067
78.0,695.03,703.08,694.05,700.91,1582260
77.0,710.00,712.35,696.03,697.35,1859130
76.0,699.00,709.75,691.38,708.40,2466808
75.0,692.98,698.00,685.05,691.00,2497024
71.0,690.26,693.75,678.60,682.40,2129831
70.0,675.00,689.35,668.87,683.11,3007223
69.0,686.86,701.31,682.13,684.12,2627379
68.0,672.32,699.90,668.77,678.11,3604335
67.0,667.85,684.03,663.06,682.74,4212541
64.0,703.87,703.99,680.15,683.57,5069985
63.0,722.81,727.00,701.86,708.01,5145855
62.0,770.22,774.50,720.50,726.95,6162333
61.0,784.50,789.87,764.65,764.65,6332431
60.0,750.46,757.86,743.27,752.00,4801816
57.0,731.53,744.99,726.80,742.95,3394935
56.0,722.22,733.69,712.35,730.96,2658016
55.0,713.67,718.24,694.39,699.99,2139970
54.0,713.85,718.28,706.48,713.04,1324300
53.0,723.58,729.68,710.01,711.67,1704641
50.0,723.60,728.13,720.12,725.25,2006528
49.0,702.18,719.19,694.46,706.59,2410263
48.0,688.61,706.85,673.26,698.45,3439386
47.0,703.30,709.98,693.41,701.79,2258479
43.0,692.29,706.74,685.37,694.45,3592449
42.0,705.38,721.92,689.10,714.72,2211853
41.0,730.85,734.74,698.61,700.56,2468295
40.0,721.68,728.75,717.32,726.07,2024509
39.0,716.61,718.86,703.54,716.03,2090621
36.0,731.45,733.23,713.00,714.47,2450857
35.0,730.31,738.50,719.06,726.39,2963741
34.0,730.00,747.18,728.92,743.62,1947034
33.0,746.45,752.00,738.64,742.58,1950691
32.0,743.00,744.06,731.26,741.84,3258199
365.0,769.50,769.50,758.34,758.88,1500923
364.0,776.60,777.60,766.90,771.00,1293521
363.0,766.69,779.98,766.43,776.60,1765012
362.0,752.92,762.99,749.52,762.51,1515716
358.0,749.55,751.35,746.62,748.40,527223
357.0,753.47,754.21,744.00,750.31,1566726
356.0,751.65,754.85,745.53,750.00,1365520
355.0,746.13,750.00,740.00,747.77,1525703
352.0,746.51,754.13,738.15,739.31,3148743
351.0,762.42,762.68,749.00,749.43,1553418
350.0,750.00,760.59,739.44,758.09,1993251
349.0,753.00,758.08,743.01,743.40,2666229
348.0,741.79,748.73,724.17,747.77,2412497
345.0,741.16,745.71,736.75,738.87,2224410
344.0,752.85,755.85,743.83,749.46,1988380
343.0,759.17,764.23,737.00,751.61,2699990
342.0,757.89,764.80,754.20,762.37,1829475
341.0,767.77,768.73,755.09,763.25,1812314
338.0,753.10,768.49,750.00,766.81,2757283
337.0,766.01,769.00,745.63,752.54,2590641
336.0,768.90,775.96,758.96,762.38,2195686
335.0,747.11,768.95,746.70,767.04,2129940
364.0,748.81,754.93,741.27,742.60,2035261
361.0,748.46,753.41,747.49,750.26,838518
359.0,748.14,752.00,746.06,748.15,1122224
358.0,752.00,755.28,737.63,748.28,2333130
357.0,757.45,762.71,751.82,755.98,1414487
354.0,746.53,757.92,743.00,756.60,2212302
353.0,738.74,742.00,737.43,738.41,1327109
352.0,727.58,741.41,727.00,740.00,1671588
351.0,729.29,731.84,723.03,725.30,1491709
350.0,715.60,729.49,711.33,728.96,1891074
347.0,729.17,731.15,716.73,717.00,2062982
346.0,731.00,737.80,728.64,731.23,1668048
345.0,732.46,741.00,730.23,735.40,1366375
344.0,724.40,730.59,718.50,728.32,1603937
343.0,730.20,734.71,719.43,724.89,2065619
340.0,731.50,735.41,727.01,733.76,1509656
339.0,729.47,739.48,729.47,731.25,1860367
338.0,722.00,733.10,721.90,728.11,1704575
337.0,718.86,724.65,714.72,722.16,1560770
336.0,711.06,721.62,705.85,721.11,1871073
333.0,715.73,718.00,710.05,710.81,1903980
332.0,710.50,718.26,710.01,716.92,1454128
331.0,707.33,712.98,703.08,712.95,2176623
330.0,707.38,713.62,704.55,708.49,2224309
329.0,701.55,719.15,701.26,712.78,2701629
326.0,727.50,730.00,701.50,702.00,6642504
325.0,646.70,657.80,644.01,651.79,3782103
324.0,654.15,655.87,641.73,642.61,1791099
323.0,664.04,664.72,644.20,650.28,2490016
322.0,661.18,666.82,659.58,666.10,1465339
319.0,664.11,664.97,657.20,662.20,1606138
318.0,654.66,663.13,654.46,661.74,1830524
317.0,653.21,659.39,648.85,651.16,1412040
316.0,643.15,657.81,643.15,652.30,1790704
315.0,642.09,648.50,639.01,646.67,1275206
312.0,640.00,645.99,635.32,643.61,1645844
311.0,641.36,644.45,625.56,639.16,2180441
310.0,649.24,650.61,632.15,642.36,2089776
309.0,638.84,649.25,636.53,645.44,2166264
308.0,632.00,643.01,627.00,641.47,1787880
305.0,607.20,627.34,603.13,626.91,2684805
304.0,608.37,612.09,599.85,611.29,1867601
303.0,603.28,608.76,600.73,608.42,2413441
302.0,597.28,605.00,590.22,594.97,2310284
301.0,610.34,614.60,589.38,594.89,3127667
298.0,629.77,629.77,611.00,611.97,2174009
297.0,616.64,627.32,612.40,625.80,2240098
296.0,622.05,628.93,620.00,622.36,1470949
295.0,627.00,627.55,615.43,622.69,2562869
294.0,634.40,636.49,625.94,635.44,1788506
291.0,636.79,640.00,627.02,629.25,5133386
290.0,637.79,650.90,635.02,642.90,2274690
289.0,635.47,637.95,632.32,635.98,1286454
288.0,626.70,638.70,623.78,635.14,2084397
287.0,625.70,625.86,619.43,623.24,1702271
284.0,619.75,625.78,617.42,625.77,1373545
283.0,613.10,624.16,611.43,621.35,1900526
282.0,621.22,626.52,609.60,612.72,1702094
281.0,612.49,616.31,604.12,614.66,2279538
277.0,600.00,603.47,595.25,600.70,2089453
276.0,617.00,619.71,602.82,606.25,1759572
275.0,605.59,614.34,599.71,614.34,2575620
274.0,602.36,612.86,594.10,597.79,3702105
273.0,627.54,635.80,617.68,618.25,2176737
270.0,632.82,636.88,624.56,630.38,1978733
269.0,639.40,643.59,622.00,637.61,3491336
268.0,610.35,631.71,599.05,628.62,4235891
267.0,614.91,617.45,581.11,582.06,3537966
266.0,573.00,614.00,565.05,589.61,5770302
263.0,639.78,640.05,612.33,612.48,4265183
262.0,655.46,662.99,642.90,646.83,2855299
261.0,656.60,667.00,654.19,660.90,2134098
260.0,661.90,664.00,653.46,656.13,1456059
259.0,656.80,661.38,651.24,660.87,1051699
256.0,655.01,659.86,652.66,657.12,1072061
255.0,659.32,664.50,651.66,656.45,1810749
254.0,663.08,665.00,652.29,659.56,2940803
253.0,669.20,674.90,654.27,660.78,5029203
252.0,639.48,643.44,631.25,633.73,1809205
249.0,640.23,642.68,629.71,635.30,1403865
248.0,645.00,645.38,632.25,642.68,1572600
247.0,634.33,647.86,633.16,643.78,2334266
246.0,628.42,634.81,627.16,629.25,1490881
245.0,625.34,633.06,625.34,631.21,1304511
243.0,631.38,632.91,625.50,625.61,1706149
242.0,630.00,635.22,622.05,632.59,1474203
241.0,628.80,633.36,622.65,631.93,1575069
240.0,632.83,632.83,623.31,628.00,1727327
239.0,621.00,634.30,620.50,627.26,2675381
236.0,647.00,648.17,622.52,623.56,3625747
235.0,661.27,663.63,641.00,644.28,3029109
234.0,660.89,678.64,659.00,662.10,3929309
233.0,655.21,673.00,654.30,662.30,3377196
232.0,659.24,668.88,653.01,663.02,5860872
229.0,649.00,674.47,645.00,672.93,11164943
228.0,565.12,580.68,565.00,579.85,4768318
227.0,560.13,566.50,556.79,560.22,1784554
226.0,546.76,565.85,546.71,561.10,3244066
225.0,532.88,547.11,532.40,546.55,2206475
222.0,526.29,532.56,525.55,530.13,1956682
221.0,523.12,523.77,520.35,520.68,1842347
220.0,521.05,522.73,516.11,516.83,1296699
219.0,523.13,526.18,515.18,525.02,1597229
218.0,519.50,525.25,519.00,522.86,1280525
214.0,521.08,524.65,521.08,523.40,1235903
213.0,524.73,525.69,518.23,521.84,1961354
211.0,526.02,526.25,520.50,520.51,2235595
210.0,525.01,528.61,520.54,521.52,1937821
207.0,537.26,537.76,531.35,531.69,2109130
206.0,538.87,540.90,535.23,535.23,1335697
205.0,540.00,540.00,535.66,537.84,1286608
204.0,539.64,541.50,535.25,540.48,1197450
203.0,539.59,543.74,537.53,538.19,1250282
200.0,537.21,538.25,533.01,536.69,1893497
199.0,531.00,538.15,530.79,536.73,1833109
198.0,529.37,530.98,525.10,529.26,1294216
197.0,528.40,529.64,525.56,528.15,1071814
196.0,528.00,528.30,524.00,527.20,1632702
193.0,531.60,533.12,530.16,532.33,955789
192.0,538.42,538.98,533.02,534.61,1217536
191.0,529.36,538.36,529.35,536.69,1814958
190.0,527.56,529.20,523.01,526.69,1455266
189.0,533.31,534.12,526.24,526.83,1524139
186.0,536.35,537.20,532.52,533.33,1388220
185.0,537.76,540.59,534.32,536.70,1348337
184.0,539.91,543.50,537.11,540.31,1717036
183.0,532.93,543.00,531.33,539.18,1938989
182.0,536.79,536.79,529.76,533.99,1904332
179.0,537.37,538.63,531.45,532.11,2597407
178.0,538.01,540.61,536.25,539.78,1029849
177.0,532.80,540.55,531.71,539.79,1525019
176.0,538.12,539.00,529.88,532.32,2406512
172.0,540.15,544.19,539.51,540.11,1176214
171.0,537.95,543.84,535.98,542.51,1462695
170.0,538.49,542.92,532.97,539.27,1430826
169.0,533.98,540.66,533.04,537.36,1966947
168.0,532.01,534.82,528.85,532.30,2003421
165.0,539.18,539.27,530.38,533.85,1971343
164.0,533.77,539.00,532.41,538.40,1403935
163.0,530.56,534.32,528.66,529.62,1253063
162.0,531.60,533.21,525.26,529.04,1634174
161.0,538.37,541.98,535.40,535.70,905285
158.0,536.65,541.15,536.00,538.22,1527615
157.0,523.99,533.46,521.75,530.70,1546278
156.0,531.24,532.38,521.08,524.22,1566987
155.0,538.21,539.74,530.39,530.80,1383068
154.0,538.53,544.07,535.06,540.78,1307960
151.0,538.43,539.54,532.10,537.90,1768181
150.0,547.87,548.59,535.05,537.34,2082214
149.0,550.47,553.68,546.90,549.08,1698761
148.0,554.64,556.02,550.37,553.68,1490983
147.0,563.39,565.95,553.20,555.37,2398039
144.0,566.10,571.14,557.25,565.06,4919031
143.0,541.00,550.96,540.23,547.00,4173376
142.0,534.40,541.08,531.75,539.36,1589248
141.0,537.51,539.39,533.68,533.97,1839668
140.0,525.60,536.09,524.50,535.38,1675487
137.0,528.66,529.84,521.01,524.05,2145955
136.0,529.90,535.59,529.61,533.80,1296304
135.0,528.70,534.73,523.22,532.53,2312512
134.0,536.25,537.57,528.09,530.39,2597043
133.0,538.41,544.06,537.31,539.17,1640809
130.0,542.29,542.29,537.31,540.01,1405574
129.0,541.03,541.95,535.49,540.78,1553586
128.0,538.38,543.85,538.38,541.61,1175332
127.0,538.08,542.69,536.00,537.02,1299298
126.0,532.22,538.41,529.57,536.76,1320767
122.0,540.85,540.85,533.85,535.53,1711737
121.0,548.60,551.14,539.50,542.56,1957718
120.0,550.00,554.71,546.72,548.00,1583677
119.0,551.62,553.47,548.17,552.03,1283958
116.0,553.00,555.28,548.13,548.34,1892323
115.0,557.59,558.90,550.65,555.17,1568331
114.0,570.50,572.26,558.74,558.78,2146384
113.0,562.56,574.59,561.21,570.19,2576234
112.0,560.43,562.36,555.83,558.81,1639306
109.0,561.65,561.72,559.05,560.36,2609690
108.0,559.39,560.80,556.14,557.99,1194049
107.0,552.50,559.78,547.00,559.50,2128714
106.0,551.71,553.80,548.00,550.84,1800570
105.0,550.95,556.85,546.00,554.51,1636493
102.0,553.50,558.40,544.22,547.32,1698872
101.0,553.51,556.37,550.46,555.51,1385772
100.0,555.14,558.14,550.68,551.18,1815763
99.0,564.25,564.85,554.73,555.01,1787357
98.0,566.86,570.27,563.54,568.85,1059336
95.0,574.88,576.68,566.76,567.68,1654561
94.0,575.02,577.91,573.41,575.33,1385818
93.0,571.87,577.11,568.01,573.37,1871694
92.0,570.45,575.39,566.52,573.64,1700084
91.0,560.53,572.15,558.75,571.34,2123796
86.0,554.24,564.71,552.90,558.40,2403553
85.0,543.21,556.14,541.50,555.48,2305219
84.0,535.90,546.22,535.44,543.87,1821041
83.0,530.00,536.79,528.25,536.09,1002393
82.0,536.05,536.44,529.41,531.91,1453907
79.0,543.13,543.75,535.80,538.95,1441212
78.0,538.04,543.11,538.01,542.87,987478
77.0,541.40,545.49,537.51,539.70,1449089
76.0,546.83,550.00,541.09,542.84,1612439
72.0,543.35,549.91,543.13,549.01,1895126
71.0,537.25,544.82,534.67,542.93,1615824
70.0,535.30,538.45,533.38,535.97,1373970
69.0,529.30,537.70,526.92,536.94,1745076
68.0,528.00,532.00,526.02,527.83,1264276
65.0,527.64,537.20,526.41,531.00,1758650
64.0,523.79,528.50,522.09,527.58,1844687
63.0,529.24,532.67,521.27,522.76,1659125
62.0,528.00,533.40,523.26,529.24,2033085
61.0,531.73,533.00,518.55,528.48,2841976
58.0,515.86,539.87,515.52,534.52,5590977
57.0,511.00,511.09,501.20,510.66,4174924
56.0,522.78,522.99,510.00,510.00,1679230
55.0,529.97,530.70,518.19,518.63,1898844
54.0,538.53,539.00,529.67,535.21,1539524
51.0,535.59,542.17,533.00,539.95,2275485
50.0,521.48,536.33,519.70,534.39,2669558
49.0,507.25,519.28,506.20,518.04,2262455
48.0,511.00,512.50,506.02,506.90,2225922
44.0,500.01,508.19,500.00,508.08,2292043
43.0,505.57,505.68,497.76,501.79,2711355
42.0,494.65,503.23,493.00,500.87,2229638
41.0,498.84,502.98,492.39,496.18,2365687
40.0,494.94,495.98,487.56,492.55,2320446
37.0,504.76,504.92,494.79,496.17,2065715
36.0,497.99,503.48,491.00,502.68,3344395
35.0,507.00,507.24,499.65,501.10,2059366
34.0,515.00,516.18,501.05,501.96,2891950
33.0,523.26,524.33,513.06,513.87,2054238
30.0,529.01,531.27,524.10,524.81,1446662
365.0,531.25,532.60,525.80,526.40,1371819
364.0,528.09,531.15,527.13,530.42,873923
363.0,532.19,535.48,530.01,530.33,2276104
360.0,528.77,534.25,527.31,534.03,1037727
358.0,530.51,531.76,527.02,528.77,704035
357.0,527.00,534.56,526.29,530.59,2191567
356.0,516.08,526.46,516.08,524.87,2723599
353.0,511.51,517.72,506.91,516.35,3680148
352.0,512.95,513.87,504.70,511.10,2918730
351.0,497.00,507.00,496.81,504.89,2875281
350.0,511.56,513.05,489.00,495.39,3953371
349.0,522.74,523.10,513.27,513.80,2812786
346.0,523.51,528.50,518.66,518.66,1989117
345.0,527.80,533.92,527.10,528.34,1610964
344.0,533.08,536.33,525.56,526.06,1716835
343.0,522.14,534.19,520.50,533.37,1871268
342.0,527.13,531.00,523.79,526.98,2327127
339.0,531.00,532.89,524.28,525.26,2558649
338.0,531.16,537.34,528.59,537.31,1392208
337.0,531.44,536.00,529.26,531.32,1279288
336.0,533.51,535.50,529.80,533.75,1522481
335.0,538.90,541.41,531.86,533.80,2109599
362.0,540.62,542.00,536.60,541.83,1145231
360.0,540.88,541.55,537.04,540.37,1519503
359.0,539.00,543.98,538.60,541.08,1784967
358.0,537.65,542.70,535.62,539.27,1701682
355.0,541.61,542.14,536.56,537.50,2218249
354.0,531.25,535.11,531.08,534.83,1559131
353.0,535.00,538.24,530.08,536.99,1388440
352.0,537.50,541.94,534.17,535.03,1957664
351.0,543.58,543.79,534.06,536.51,1721282
348.0,546.68,546.68,542.15,544.40,1285991
347.0,549.80,549.80,543.48,545.38,1335719
346.0,550.39,550.46,545.17,547.31,1126594
345.0,548.49,551.94,546.30,550.29,964866
344.0,541.46,549.59,541.02,547.49,1131546
341.0,546.21,546.21,538.67,541.01,1629259
340.0,545.50,546.88,540.97,542.04,1329604
339.0,556.80,556.80,544.05,545.92,2026740
338.0,553.00,555.50,549.30,554.11,1240761
337.0,555.50,557.90,553.23,555.22,1378511
334.0,559.35,559.57,554.75,559.08,2032887
333.0,548.95,552.80,543.51,550.31,1451667
332.0,550.00,554.19,546.98,549.33,1767107
331.0,543.00,548.98,541.62,548.90,1273372
330.0,537.03,544.41,537.03,540.77,1184973
327.0,544.36,544.88,535.79,539.78,1972047
326.0,539.32,547.22,535.85,543.98,2345296
325.0,529.89,539.80,528.80,532.71,2917183
324.0,525.19,526.79,519.11,526.54,2332531
323.0,509.45,521.76,508.10,520.84,2605505
320.0,527.25,530.98,508.53,511.17,5530674
319.0,519.00,529.43,515.00,524.51,3698423
318.0,531.01,532.80,518.30,530.03,3712536
317.0,538.90,547.19,533.17,537.94,2217230
316.0,544.99,549.50,533.10,533.21,2578676
313.0,557.72,565.13,544.05,544.49,3078634
312.0,571.18,571.49,559.06,560.88,2519693
311.0,565.57,573.88,557.49,572.50,1987888
310.0,574.40,575.27,563.74,563.74,1906427
309.0,578.80,581.00,574.44,577.35,1211320
306.0,573.05,577.22,572.50,575.28,1138636
305.0,567.31,571.91,563.32,570.08,1175307
304.0,576.01,577.58,567.01,568.27,1445027
303.0,576.93,579.85,572.85,577.36,1618437
302.0,571.75,578.19,571.17,576.36,1281204
299.0,576.06,579.25,574.66,577.10,1439807
298.0,587.55,587.98,574.18,575.06,1925350
297.0,581.46,589.63,580.52,587.99,1724537
296.0,586.85,586.85,581.00,581.13,1467703
295.0,593.82,593.95,583.46,587.37,1687710
292.0,591.50,596.48,589.50,596.08,3727045
291.0,587.00,589.54,585.00,589.27,1442012
290.0,580.01,587.52,578.78,584.77,1690994
289.0,572.76,581.50,572.66,579.95,1478306
288.0,572.94,574.95,568.21,573.10,1596224
285.0,581.00,581.64,574.46,575.62,1597677
284.0,580.36,581.81,576.26,581.35,1217721
283.0,581.50,583.50,576.94,583.10,975145
282.0,588.90,589.00,580.00,581.01,1286722
281.0,586.60,591.77,586.30,589.72,1429101
278.0,583.98,586.55,581.95,586.08,1629477
277.0,580.00,586.00,579.22,581.98,1459956
276.0,580.00,582.99,575.00,577.94,1214586
275.0,571.85,577.83,571.19,577.33,1576830
271.0,571.33,572.04,567.07,571.60,1081231
270.0,569.56,573.25,567.10,569.20,1295963
269.0,577.27,578.49,570.10,571.00,1700161
268.0,581.26,581.80,576.58,577.86,1635465
267.0,584.72,585.00,579.00,580.20,1358810
264.0,583.59,585.24,580.64,582.56,789484
263.0,583.82,584.50,581.14,583.37,912854
262.0,585.88,586.70,582.57,584.49,1034779
261.0,585.00,587.34,584.00,586.86,979298
260.0,576.11,584.51,576.00,582.16,1282531
257.0,577.86,579.38,570.52,573.48,1517056
256.0,576.18,577.90,570.88,574.65,982926
255.0,567.31,575.00,565.75,574.78,1437922
254.0,564.52,565.90,560.88,562.73,1537758
253.0,569.99,570.49,566.00,567.88,1215968
250.0,563.56,570.25,560.35,568.77,1492491
249.0,568.00,569.89,561.10,563.36,1108900
248.0,561.78,570.70,560.00,566.37,1330877
247.0,570.05,571.98,562.61,565.07,1556685
246.0,569.04,575.35,564.10,573.15,1427169
243.0,570.40,575.96,562.85,566.07,1950171
243.0,580.60,583.65,570.00,571.60,2099516
242.0,586.55,589.50,584.00,587.42,1013932
241.0,588.75,589.70,583.52,585.61,1346647
240.0,588.07,592.50,584.75,590.60,984161
237.0,590.40,591.86,587.03,589.02,932724
236.0,596.45,599.50,591.77,593.35,1033341
235.0,593.23,597.85,592.50,595.98,1229846
234.0,590.72,599.65,590.60,594.74,1694787
233.0,591.75,594.40,585.23,589.47,2060334
230.0,593.00,596.80,582.00,595.08,4006389
229.0,579.53,580.99,568.61,573.73,3015475
228.0,588.00,588.40,582.20,582.66,1394560
227.0,585.74,585.80,576.56,584.78,1618815
226.0,582.60,585.21,578.03,584.87,1852290
223.0,571.91,580.85,571.42,579.18,1617569
222.0,565.91,576.59,565.01,571.10,1353317
221.0,571.58,576.72,569.38,576.08,1113907
220.0,577.66,579.53,566.14,571.09,1908647
219.0,583.76,586.43,579.59,582.25,1061833
215.0,583.35,585.01,580.92,584.73,712210
214.0,583.35,585.44,580.39,582.34,1054936
213.0,578.32,584.40,576.65,582.67,1446309
211.0,578.66,579.57,574.75,575.28,1310909
208.0,577.18,579.87,573.80,577.24,2231174
207.0,581.00,582.45,571.85,576.00,1737210
206.0,565.26,579.96,565.22,578.65,1964447
205.0,565.19,572.65,561.01,564.62,2201789
204.0,555.15,565.00,554.25,564.95,1534659
201.0,556.85,557.58,550.39,556.36,4496962
200.0,554.24,555.00,548.51,554.90,2451341
199.0,544.86,553.56,544.00,553.37,1737343
198.0,544.20,545.32,539.33,543.01,1445878
197.0,549.26,549.62,541.52,544.28,1704027
194.0,552.26,552.30,545.56,551.76,1217176
193.0,557.30,557.99,548.46,551.35,1457104
192.0,558.00,559.88,555.02,558.84,1097380
191.0,560.51,563.60,557.90,560.55,1349444
190.0,557.15,562.90,556.04,562.12,1463676
187.0,558.06,558.06,548.93,556.33,1732592
186.0,546.40,554.95,544.45,553.90,1684886
185.0,541.50,548.61,538.75,544.66,1812084
184.0,550.99,552.34,542.55,544.94,1861921
183.0,560.70,560.90,545.73,553.93,1434989
180.0,560.80,561.35,555.91,559.89,1766794
179.0,563.35,564.00,558.71,560.08,1350657
178.0,564.57,567.84,561.00,561.68,1647717
177.0,556.00,566.00,554.35,565.95,2100298
173.0,547.26,553.64,543.70,552.70,1929632
172.0,541.13,547.60,540.78,545.06,1611837
171.0,532.90,539.18,531.91,538.94,1193389
170.0,529.74,536.23,526.30,529.77,1780113
169.0,519.70,529.78,517.58,528.86,1276362
166.0,521.39,521.80,515.44,520.63,1481688
165.0,525.70,525.87,517.42,519.98,1703758
164.0,533.00,533.00,525.29,526.65,1191863
163.0,530.89,536.07,529.51,533.09,1648907
162.0,523.51,530.19,519.01,529.92,1908392
159.0,510.75,519.90,504.20,518.73,2432783
158.0,508.46,517.23,506.45,511.00,2016131
157.0,515.79,516.68,503.30,509.96,3216077
156.0,525.23,526.81,515.06,515.14,1684381
155.0,524.82,528.90,521.32,527.81,1021408
152.0,533.76,534.00,525.61,527.93,1685042
151.0,527.11,532.93,523.88,531.35,1900432
150.0,527.60,528.00,522.52,526.66,1746904
149.0,516.90,529.46,516.32,527.70,2692489
148.0,517.18,518.60,502.80,517.15,3326429
145.0,522.51,524.70,515.42,516.18,2097264
144.0,530.07,531.65,522.12,525.16,1881965
143.0,533.79,533.87,526.25,526.94,2051066
142.0,528.64,537.23,527.51,534.81,2359421
141.0,536.10,536.70,525.60,528.62,2561214
137.0,548.81,549.50,531.15,536.10,6795393
136.0,543.00,557.00,540.00,556.54,4879889
135.0,536.82,538.45,518.46,536.44,3847453
134.0,538.25,544.10,529.56,532.52,2568020
131.0,532.55,540.00,526.53,530.60,3916171
130.0,565.00,565.00,539.90,540.95,4027743
129.0,559.62,565.37,552.95,564.14,3324742
128.0,542.60,555.00,541.61,554.90,3152406
127.0,540.74,548.48,527.15,538.15,4389569
124.0,574.65,577.77,543.00,543.14,6377658
123.0,569.85,587.28,564.13,569.74,5087530
122.0,282.43,571.83,561.44,566.98,2088804
121.0,559.57,568.18,558.44,566.88,2182626
120.0,564.63,566.93,555.87,556.70,1942277
117.0,558.94,566.03,558.33,559.51,2258918
116.0,564.86,565.40,550.50,556.58,3826676
115.0,580.42,585.20,565.18,565.42,-
114.0,582.42,584.34,572.93,578.78,-
113.0,591.50,591.86,572.40,578.39,-
110.0,602.55,604.21,590.63,590.93,-
109.0,599.38,604.20,597.08,597.98,-
108.0,605.29,605.39,596.61,599.03,-
107.0,596.74,605.16,595.93,605.02,-
106.0,589.04,597.94,588.47,595.45,-
103.0,590.40,594.84,585.68,585.81,-
102.0,603.37,604.64,591.79,593.94,-
101.0,597.60,603.32,591.50,603.05,-
100.0,606.28,606.55,597.72,599.40,-
99.0,607.24,608.21,601.44,605.18,-
96.0,612.79,612.88,605.11,606.79,-
95.0,610.53,612.46,608.69,609.20,-
94.0,606.92,610.93,605.10,608.52,-
93.0,606.89,607.39,604.15,606.85,-
92.0,602.77,603.32,595.47,600.74,-
87.0,609.56,611.48,602.51,607.22,-
86.0,608.59,611.50,607.90,609.00,-
85.0,611.39,613.83,606.27,609.47,-
84.0,607.36,611.64,604.61,609.39,-
83.0,602.08,609.47,601.95,605.65,-
80.0,603.30,604.33,600.82,601.29,-
79.0,600.97,602.84,599.51,601.45,-
78.0,602.05,604.00,598.15,600.57,-
77.0,600.10,605.83,599.40,604.83,-
73.0,597.21,601.59,595.80,600.80,-
72.0,589.78,599.35,589.24,599.35,-
71.0,593.91,594.40,590.10,592.75,-
70.0,589.49,595.34,585.52,594.49,-
69.0,585.31,590.61,583.93,585.88,-
66.0,583.23,588.36,579.70,588.13,-
65.0,574.99,579.50,573.20,579.40,-
64.0,571.12,574.81,563.45,571.03,-
63.0,568.43,576.92,567.94,568.51,-
62.0,589.01,590.27,565.44,566.15,-
59.0,585.09,592.68,574.99,589.89,-
58.0,571.93,575.67,563.06,567.13,-
57.0,559.00,560.31,549.16,552.91,-
56.0,554.60,562.31,554.42,560.94,-
55.0,562.49,562.69,540.59,550.06,-
52.0,574.93,576.20,560.94,561.35,-
51.0,579.42,580.66,576.61,579.47,-
50.0,582.72,583.36,578.85,581.93,-
49.0,579.88,581.42,575.07,581.27,-
45.0,577.85,579.73,571.53,574.69,-
44.0,573.98,578.39,573.43,577.53,-
43.0,575.92,576.92,571.32,573.74,-
42.0,568.41,574.92,563.48,574.13,-
41.0,562.67,572.88,558.03,560.93,-
38.0,568.97,568.97,560.56,564.52,-
37.0,571.15,571.54,562.22,564.55,-
36.0,572.43,573.09,566.08,570.04,-
35.0,561.94,569.28,560.02,568.86,-
34.0,555.95,558.87,552.67,558.10,-
31.0,556.94,557.91,551.91,551.95,-
30.0,557.17,558.32,553.58,556.00,-
365.0,555.56,559.94,552.58,559.79,-
364.0,559.61,559.69,553.96,554.18,-
361.0,559.44,559.58,555.91,558.64,-
360.0,556.45,558.94,553.79,558.17,-
358.0,556.93,557.06,553.50,555.36,-
357.0,553.37,557.34,552.01,556.99,-
354.0,544.10,550.03,543.46,549.76,-
353.0,540.18,545.45,539.00,542.57,-
352.0,535.46,541.93,528.99,541.83,-
351.0,536.51,539.84,533.66,534.40,-
350.0,530.97,536.81,530.47,535.95,-
347.0,537.07,537.61,528.41,529.86,-
346.0,539.25,540.93,533.97,534.45,-
345.0,543.16,545.11,537.05,538.11,-
344.0,537.29,545.61,537.29,541.79,-
343.0,534.51,540.61,533.48,538.53,-
340.0,534.36,534.46,529.51,534.40,-
339.0,528.07,529.30,525.02,528.14,-
338.0,525.16,531.46,524.48,528.56,-
337.0,524.95,531.19,523.99,526.10,-
336.0,531.22,532.64,524.85,526.71,-
363.0,530.55,532.78,529.20,529.27,-
361.0,530.48,533.47,529.47,531.02,-
360.0,523.78,530.22,520.95,528.68,-
359.0,518.06,526.07,516.99,522.44,-
356.0,516.19,517.57,514.10,515.43,-
355.0,512.99,518.64,512.49,516.52,-
354.0,514.46,516.16,509.67,510.64,-
353.0,515.34,516.86,511.01,512.09,-
352.0,517.36,523.85,514.11,515.26,-
349.0,516.92,518.48,514.64,516.26,-
348.0,516.44,519.36,514.66,517.10,-
347.0,502.87,515.91,502.75,515.72,-
346.0,503.35,508.27,502.00,505.38,-
345.0,504.25,507.46,503.50,504.79,-
342.0,503.87,508.74,503.75,507.51,-
341.0,510.79,511.45,503.32,503.47,-
340.0,512.29,512.99,507.18,510.86,-
339.0,509.66,515.31,508.20,510.25,-
338.0,515.23,515.67,510.50,512.54,-
335.0,515.38,517.48,512.04,513.01,-
334.0,513.95,520.24,511.47,514.77,-
333.0,518.20,518.24,512.49,514.69,-
332.0,509.04,517.95,506.24,517.60,-
331.0,507.09,511.20,505.99,506.99,-
328.0,513.90,513.90,504.86,507.09,-
327.0,515.42,519.76,511.89,512.26,-
326.0,500.00,516.86,499.81,515.19,-
325.0,502.00,505.99,497.40,503.00,-
324.0,505.22,508.99,499.28,501.15,-
321.0,487.80,507.22,486.51,505.20,-
320.0,446.05,448.00,442.42,443.95,-
319.0,442.49,448.72,441.56,448.56,-
318.0,437.44,442.37,436.56,440.56,-
317.0,432.90,437.69,432.26,437.62,-
314.0,432.58,436.30,432.22,435.56,-
313.0,431.49,433.98,429.67,433.69,-
312.0,427.71,430.89,421.07,427.50,-
311.0,432.23,432.56,425.39,426.41,-
310.0,433.29,436.56,431.62,432.44,-
307.0,437.06,438.32,434.56,435.74,-
306.0,443.56,446.60,435.61,437.61,-
305.0,440.92,444.23,438.47,443.55,-
304.0,439.68,443.39,439.58,443.06,-
303.0,434.11,439.98,433.72,437.52,-
300.0,436.97,438.32,435.22,437.76,-
299.0,438.71,440.93,437.06,438.65,-
298.0,442.83,442.83,437.36,438.18,-
297.0,442.81,444.60,440.26,442.98,-
296.0,447.63,450.34,442.16,442.81,-
293.0,448.75,451.61,447.36,451.10,-
292.0,452.54,452.54,447.25,448.75,-
291.0,442.73,451.53,441.09,451.21,-
290.0,443.26,443.75,440.06,442.61,-
289.0,447.65,448.05,441.99,443.44,-
286.0,446.80,447.39,441.98,444.09,-
285.0,448.25,448.50,444.56,446.08,-
284.0,443.83,448.04,442.60,447.65,-
283.0,444.56,445.55,441.56,443.89,-
282.0,441.42,444.43,440.77,443.58,-
279.0,440.78,441.45,436.43,439.35,-
278.0,436.31,439.50,435.37,439.34,-
277.0,429.74,436.31,427.16,435.38,-
276.0,426.75,432.66,426.55,429.76,-
272.0,427.45,428.59,422.36,423.03,-
271.0,424.11,429.76,423.87,427.29,-
270.0,424.70,427.28,423.46,423.85,-
269.0,429.38,431.43,423.53,424.65,-
268.0,434.56,437.01,432.59,432.76,-
265.0,438.48,438.56,434.44,434.67,-
264.0,435.91,436.94,434.69,436.42,-
263.0,434.89,438.02,432.82,434.23,-
262.0,433.74,435.62,431.34,432.28,-
261.0,428.43,435.56,428.30,432.39,-
258.0,430.21,430.79,427.84,428.03,-
257.0,431.79,432.03,428.57,429.40,-
256.0,438.75,439.67,433.15,434.47,-
255.0,442.97,443.81,437.66,440.18,-
254.0,443.01,443.06,440.38,442.31,-
251.0,444.83,447.31,444.56,444.76,-
250.0,447.30,447.47,442.20,445.88,-
249.0,447.07,448.78,444.10,444.88,-
248.0,451.89,454.40,447.42,447.84,-
247.0,452.24,452.31,449.15,452.05,-
244.0,451.27,453.05,449.96,452.83,-
243.0,447.05,451.82,447.05,451.66,-
243.0,446.05,447.81,442.65,443.43,-
242.0,442.29,447.36,439.99,445.01,-
241.0,442.01,446.96,440.00,440.69,-
238.0,443.05,444.55,440.56,442.23,-
237.0,446.49,447.98,442.60,443.41,-
236.0,453.18,454.69,449.90,451.00,-
235.0,454.89,456.04,449.34,451.45,-
234.0,450.55,455.88,448.05,454.89,-
231.0,442.86,451.02,437.37,447.85,-
230.0,459.04,459.54,451.14,454.88,-
229.0,460.04,462.97,457.69,458.82,-
228.0,463.10,463.52,456.49,459.34,-
227.0,461.69,463.54,457.72,461.88,-
224.0,459.54,461.04,457.16,461.04,-
223.0,456.04,459.94,453.81,459.66,-
222.0,451.27,455.11,449.74,452.54,-
221.0,455.04,456.02,448.54,452.17,-
220.0,449.16,452.68,448.09,452.09,-
217.0,444.56,447.26,443.23,446.30,-
215.0,439.51,444.14,438.81,442.77,-
214.0,444.65,445.05,438.20,440.71,-
213.0,442.78,445.59,442.06,443.50,-
209.0,437.01,440.48,436.66,439.74,-
208.0,438.96,441.90,437.89,438.10,-
207.0,436.44,438.56,434.85,436.39,-
206.0,438.19,439.40,431.82,432.67,-
205.0,435.50,437.72,431.19,434.46,-
202.0,443.73,444.50,436.10,440.02,-
201.0,446.55,450.05,441.21,441.93,-
200.0,450.23,454.96,448.30,449.89,-
199.0,443.88,450.05,443.73,449.86,-
198.0,439.18,444.27,438.70,442.68,-
195.0,439.61,441.91,436.63,437.08,-
194.0,434.06,439.39,432.32,438.06,-
193.0,442.29,442.56,434.39,435.55,-
192.0,441.54,443.06,439.32,439.47,-
191.0,440.61,445.05,439.60,444.66,-
188.0,434.77,439.56,432.23,439.43,-
187.0,431.72,432.73,423.19,431.89,-
186.0,430.82,434.29,428.14,429.42,-
185.0,433.49,434.86,426.61,429.12,-
184.0,431.34,436.55,427.08,433.38,-
181.0,433.63,438.06,433.33,435.17,-
180.0,434.53,439.01,432.77,434.94,-
179.0,437.42,438.56,431.71,433.72,-
178.0,441.31,445.62,439.76,440.19,-
174.0,437.19,438.97,435.07,436.22,-
173.0,438.06,444.54,436.56,440.95,-
172.0,450.83,454.20,443.00,444.27,-
171.0,453.56,455.37,448.36,453.03,-
170.0,452.05,459.84,452.05,453.81,-
167.0,454.56,456.29,449.81,454.14,-
166.0,459.04,459.53,450.55,451.48,-
165.0,447.30,457.73,446.56,457.49,-
164.0,438.31,443.90,438.13,443.11,-
163.0,439.01,440.79,436.25,438.33,-
160.0,437.22,439.83,435.64,439.67,-
159.0,434.98,439.39,433.68,435.30,-
158.0,428.07,436.50,426.03,436.38,-
157.0,431.07,431.50,424.91,428.19,-
156.0,423.71,430.49,423.71,430.34,-
153.0,418.06,422.98,417.58,422.44,-
152.0,409.64,416.86,409.12,414.39,-
151.0,411.22,411.95,407.77,409.80,-
150.0,409.09,413.41,408.43,411.87,-
149.0,401.22,410.94,401.10,409.12,-
146.0,403.40,403.47,397.89,400.31,-
145.0,407.72,407.83,403.41,404.15,-
144.0,403.65,408.59,403.60,406.32,-
143.0,400.10,407.34,399.78,403.55,-
142.0,399.90,401.58,387.11,399.66,-
139.0,384.20,401.32,382.75,399.54,-
138.0,392.28,392.51,380.25,382.57,-
137.0,392.98,395.03,388.66,390.89,-
136.0,392.90,397.60,391.57,396.29,-
135.0,392.58,398.10,388.12,390.57,-
132.0,395.60,395.66,391.07,394.63,-
131.0,396.04,396.15,391.64,394.80,-
130.0,391.07,395.78,387.61,394.69,-
129.0,387.36,391.48,386.17,388.44,-
128.0,388.99,389.39,383.82,387.04,-
125.0,392.64,393.10,387.81,391.13,-
124.0,401.72,402.47,395.25,397.14,-
123.0,406.32,406.69,399.93,402.70,-
122.0,401.87,407.01,401.60,406.11,-
121.0,397.11,400.72,396.23,400.19,-
117.0,401.59,402.28,396.25,396.70,-
116.0,402.94,403.10,400.26,400.93,-
115.0,406.34,406.59,403.49,405.80,-
114.0,405.80,409.21,403.01,404.42,-
111.0,406.96,407.21,404.42,404.75,-
110.0,405.24,408.05,404.52,405.22,-
109.0,408.01,408.35,405.31,406.95,-
108.0,405.21,409.22,402.82,405.25,-
107.0,402.10,405.97,400.33,403.49,-
104.0,408.84,409.74,406.26,406.74,-
103.0,413.08,413.08,408.29,410.36,-
102.0,413.54,414.93,410.74,412.24,-
101.0,414.94,415.53,411.42,413.39,-
100.0,415.43,419.43,415.33,416.99,-
97.0,416.83,417.04,412.11,415.34,-
96.0,416.61,417.89,414.38,415.88,-
95.0,420.09,421.58,413.99,415.27,-
94.0,414.05,419.65,414.04,418.88,-
93.0,402.25,411.01,402.10,410.34,-
90.0,398.50,403.17,397.68,402.69,-
87.0,400.15,403.09,400.11,400.20,-
86.0,397.00,401.97,395.16,399.49,-
85.0,397.10,397.58,391.81,394.67,-
84.0,400.75,403.80,394.85,394.99,-
81.0,399.23,400.22,396.50,399.46,-
80.0,398.60,402.32,395.21,397.37,-
79.0,402.25,404.08,395.50,395.83,-
78.0,397.60,403.10,397.24,403.02,-
74.0,393.31,396.23,393.14,396.05,-
73.0,389.48,393.98,388.50,393.52,-
72.0,389.67,392.28,389.60,391.04,-
71.0,390.48,393.56,389.30,389.96,-
70.0,388.81,391.11,386.49,390.82,-
67.0,389.67,392.94,389.39,392.29,-
66.0,384.47,389.02,382.37,386.59,-
65.0,379.16,386.09,378.87,384.70,-
64.0,380.18,385.17,379.35,382.49,-
63.0,383.46,384.85,378.76,379.13,-
60.0,378.70,387.90,378.70,387.40,-
59.0,374.88,378.43,374.75,377.47,-
58.0,376.49,380.09,376.08,376.54,-
57.0,373.00,378.10,372.90,376.46,-
56.0,375.50,377.42,373.57,374.99,-
53.0,375.01,378.86,374.75,376.46,-
52.0,370.25,378.04,369.88,376.54,-
51.0,367.63,374.13,367.53,370.38,-
50.0,351.98,352.32,347.41,351.08,-
46.0,354.82,356.03,350.31,351.90,-
45.0,358.50,359.46,355.15,355.30,-
44.0,360.84,361.81,356.48,357.24,-
43.0,359.31,367.13,355.69,362.10,-
42.0,368.13,370.73,360.81,361.26,-
39.0,370.63,370.84,367.78,369.62,-
38.0,371.04,372.13,366.38,370.37,-
37.0,365.77,368.81,363.94,368.69,-
36.0,367.40,367.78,361.85,366.28,-
35.0,367.36,369.32,364.92,367.01,-
32.0,364.31,370.36,363.48,368.62,-
31.0,362.10,365.60,360.00,361.47,-
30.0,359.35,363.14,357.92,361.26,-
365.0,349.65,354.93,347.65,353.34,-
362.0,350.49,353.10,349.65,349.65,-
361.0,353.22,354.07,348.96,352.79,-
360.0,353.68,356.08,350.85,354.08,-
358.0,356.90,357.23,353.38,354.40,-
355.0,356.63,359.05,354.90,357.46,-
354.0,361.27,361.96,358.13,360.82,-
353.0,359.99,361.14,357.98,359.69,-
352.0,357.94,364.19,357.17,360.17,-
351.0,352.40,368.77,351.66,360.03,-
348.0,349.24,353.56,348.87,350.63,-
347.0,357.60,357.88,349.42,351.00,-
346.0,349.27,351.40,346.39,348.43,-
345.0,344.66,350.61,343.52,348.09,-
344.0,342.35,345.48,341.55,342.37,-
341.0,347.15,348.09,340.87,341.76,-
340.0,343.45,347.46,341.91,345.22,-
339.0,345.73,346.90,340.82,343.57,-
338.0,347.15,347.41,342.51,345.17,-
337.0,350.77,352.59,346.71,347.28,-
364.0,345.31,349.26,342.50,348.84,-
363.0,343.55,346.60,340.66,345.60,-
362.0,333.67,342.11,331.61,341.49,-
361.0,329.75,337.16,328.67,335.02,-
360.0,332.89,333.17,329.18,330.24,-
357.0,334.65,334.66,332.72,333.65,-
355.0,334.16,334.57,329.87,332.60,-
354.0,334.42,338.66,331.95,334.65,-
353.0,327.52,334.13,327.44,333.77,-
350.0,322.67,326.18,317.68,323.27,-
349.0,324.68,329.67,321.63,323.31,-
348.0,330.00,330.76,324.92,325.95,-
347.0,331.17,333.47,328.79,329.20,-
346.0,331.54,334.57,330.10,332.62,-
343.0,327.00,333.84,324.82,331.18,-
342.0,334.76,335.41,325.29,325.82,-
341.0,337.16,338.78,332.91,333.23,-
340.0,342.40,342.91,338.44,340.52,-
339.0,341.91,343.09,337.44,341.14,-
336.0,347.05,347.43,343.34,343.62,-
335.0,339.41,345.10,339.02,343.45,-
334.0,339.59,340.16,337.16,339.81,-
329.0,337.91,341.17,335.26,337.24,-
328.0,339.66,340.66,336.42,338.54,-
327.0,343.06,343.16,337.30,338.31,-
326.0,335.67,343.32,335.66,339.83,-
325.0,340.16,341.97,334.52,339.00,-
322.0,352.44,353.00,335.66,340.55,-
321.0,377.39,379.33,337.66,347.15,-
320.0,371.60,377.79,369.76,377.37,-
319.0,369.69,373.12,367.86,371.98,-
318.0,370.60,371.54,364.98,370.12,-
315.0,375.55,377.06,371.68,372.00,-
314.0,376.07,378.87,374.77,375.36,-
313.0,370.56,373.39,368.78,371.91,-
312.0,379.46,380.28,370.89,371.67,-
311.0,380.12,381.41,376.70,378.54,-
308.0,384.97,386.80,382.12,383.44,-
307.0,380.99,384.56,379.32,383.64,-
306.0,377.48,381.58,375.72,380.87,-
305.0,382.22,382.61,374.76,378.12,-
304.0,379.15,382.12,377.73,380.51,-
301.0,376.70,379.27,375.20,376.87,-
300.0,379.60,381.04,375.45,377.87,-
299.0,374.55,380.24,370.13,376.35,-
298.0,376.15,382.06,373.46,374.21,-
297.0,365.13,374.64,364.76,374.32,-
294.0,365.74,367.09,364.69,366.63,-
293.0,361.87,365.32,360.25,363.69,-
292.0,358.39,363.92,357.85,363.39,-
291.0,353.54,358.97,353.04,358.78,-
290.0,353.70,356.08,352.15,354.64,-
287.0,354.45,356.14,353.15,354.49,-
286.0,346.20,354.15,344.92,352.67,-
285.0,344.36,347.11,340.10,345.10,-
284.0,348.63,349.97,345.15,345.75,-
283.0,354.53,356.05,348.85,350.03,-
280.0,349.65,355.77,348.49,352.72,-
279.0,342.64,349.60,342.02,349.35,-
278.0,339.66,342.91,339.23,340.02,-
277.0,341.93,342.16,336.41,340.18,-
273.0,341.66,343.95,339.68,342.20,-
272.0,341.78,343.35,339.75,340.50,-
271.0,338.35,344.15,337.74,343.66,-
270.0,332.17,338.47,332.04,338.29,-
269.0,331.16,335.66,329.29,334.28,-
266.0,337.46,339.88,336.70,338.98,-
265.0,336.80,339.90,335.16,338.06,-
264.0,333.36,339.96,333.02,338.25,-
263.0,336.22,338.66,330.75,334.42,-
262.0,337.41,339.10,335.99,337.43,-
259.0,336.72,338.29,335.51,338.23,-
258.0,333.42,336.98,333.21,336.10,-
257.0,334.80,336.79,331.72,333.44,-
256.0,329.30,336.09,329.17,334.00,-
255.0,323.39,329.74,323.02,329.67,-
252.0,318.98,320.80,317.75,320.68,-
251.0,321.93,322.86,320.44,320.85,-
250.0,319.21,322.61,318.93,320.79,-
249.0,320.57,321.81,317.92,319.95,-
248.0,319.49,324.37,319.29,321.09,-
245.0,319.68,321.54,317.75,320.34,-
244.0,312.44,318.70,311.39,314.06,-
243.0,318.33,319.43,315.37,316.02,-
243.0,313.82,317.93,313.80,316.17,-
242.0,317.71,320.98,314.44,315.83,-
239.0,309.14,317.18,308.44,317.16,-
238.0,307.19,308.13,304.71,306.37,-
237.0,303.86,306.38,302.38,303.69,-
236.0,307.19,308.66,301.87,303.48,-
235.0,299.94,308.87,298.83,307.45,-
232.0,304.08,306.16,298.79,305.10,-
231.0,292.78,298.94,292.71,296.23,-
230.0,288.20,291.55,287.78,290.09,-
229.0,288.93,290.04,283.92,288.08,-
228.0,287.90,289.31,285.60,287.17,-
225.0,285.79,289.28,283.99,287.97,-
224.0,283.28,285.68,280.76,284.95,-
223.0,287.86,288.64,282.19,285.31,-
222.0,294.80,295.92,289.08,290.56,-
221.0,292.18,294.01,290.33,292.71,-
218.0,295.93,296.46,291.12,292.70,-
217.0,294.09,299.73,293.98,297.66,-
215.0,289.71,293.91,288.71,293.62,-
214.0,290.62,291.21,287.96,289.94,-
210.0,287.19,289.77,285.81,289.74,-
209.0,282.67,282.83,278.33,281.87,-
208.0,283.57,286.71,282.73,284.36,-
207.0,281.10,283.02,279.46,282.06,-
206.0,283.38,283.76,278.40,280.07,-
203.0,283.72,285.45,282.63,285.45,-
202.0,289.63,289.63,281.58,282.32,-
201.0,289.62,289.71,286.47,288.47,-
200.0,286.51,291.85,286.27,290.47,-
199.0,281.03,286.82,279.35,285.14,-
196.0,279.89,281.98,278.27,281.97,-
195.0,280.37,282.25,277.98,279.25,-
194.0,280.58,283.22,279.06,280.26,-
193.0,284.60,284.86,279.01,282.27,-
192.0,291.81,292.37,283.06,283.97,-
189.0,287.64,290.21,287.00,289.93,-
188.0,293.51,293.65,288.34,288.83,-
187.0,287.95,290.69,286.52,289.99,-
186.0,287.44,288.78,282.95,284.92,-
185.0,284.82,289.95,284.72,289.01,-
182.0,285.61,286.04,283.89,285.20,-
181.0,294.07,294.70,289.21,290.14,-
180.0,293.79,295.65,291.47,293.82,-
179.0,297.61,299.27,293.87,296.87,-
175.0,300.20,300.56,293.85,295.47,-
174.0,304.28,305.65,299.14,301.53,-
173.0,300.52,304.50,298.26,304.43,-
172.0,306.41,306.60,297.70,300.10,-
171.0,299.96,307.54,299.70,306.75,-
168.0,312.24,315.89,298.05,299.90,-
167.0,316.60,318.61,310.30,311.21,-
166.0,308.67,314.73,307.66,314.15,-
165.0,302.37,307.19,301.57,305.25,-
164.0,300.09,303.95,299.99,301.70,-
161.0,304.87,306.97,302.08,302.31,-
160.0,306.17,307.79,304.81,306.52,-
159.0,303.11,307.88,300.60,304.27,-
158.0,302.46,308.14,300.05,306.09,-
157.0,297.20,304.98,297.20,303.47,-
154.0,302.66,303.64,298.11,298.19,-
153.0,304.51,307.11,304.17,305.20,-
152.0,300.30,303.75,300.00,303.33,-
151.0,301.59,305.49,299.79,301.91,-
150.0,306.19,307.73,300.00,302.12,-
147.0,307.20,308.06,304.99,307.18,-
146.0,305.15,308.69,304.55,307.43,-
145.0,301.70,305.37,301.14,304.56,-
144.0,298.82,303.01,298.36,300.33,-
143.0,296.15,298.93,294.80,298.50,-
140.0,301.82,304.12,297.62,297.73,-
139.0,302.54,307.82,299.20,299.35,-
138.0,303.72,306.09,301.10,303.42,-
137.0,303.98,308.54,303.20,304.48,-
136.0,311.19,311.59,300.53,302.73,-
133.0,323.45,324.17,311.46,311.99,-
132.0,320.85,326.24,319.81,325.18,-
131.0,316.67,317.68,315.33,317.66,-
130.0,316.44,316.93,311.96,313.12,-
129.0,313.93,317.35,312.33,315.10,-
125.0,315.80,317.90,313.97,315.84,-
124.0,318.91,319.18,315.23,317.26,-
123.0,322.38,323.65,319.00,320.99,-
122.0,320.06,323.43,317.10,323.14,-
119.0,325.55,326.42,320.18,320.30,-
118.0,326.39,327.97,321.83,323.88,-
117.0,325.69,328.96,325.21,327.55,-
116.0,323.19,326.42,322.08,323.19,-
115.0,322.18,324.42,319.45,324.34,-
112.0,322.98,323.93,320.13,320.97,-
111.0,318.93,324.08,315.18,322.70,-
110.0,316.99,323.37,315.94,319.67,-
109.0,315.14,317.71,313.32,316.43,-
108.0,311.25,318.32,310.31,316.67,-
105.0,310.14,312.64,309.72,312.21,-
104.0,307.99,311.44,307.11,310.25,-
103.0,307.19,311.08,306.42,307.69,-
102.0,304.07,308.62,302.47,308.58,-
101.0,299.70,303.20,299.33,302.27,-
98.0,303.67,305.64,299.70,299.82,-
97.0,304.71,305.44,302.87,303.27,-
96.0,304.22,305.29,302.63,303.10,-
95.0,303.72,304.10,296.62,302.18,-
94.0,309.90,310.93,305.38,306.82,-
91.0,310.69,311.69,309.85,310.31,-
90.0,310.82,312.54,308.77,310.89,-
88.0,308.99,312.49,307.44,308.82,-
87.0,304.70,309.58,303.54,308.89,-
86.0,302.99,305.87,302.23,304.35,-
83.0,303.37,305.52,302.45,304.65,-
82.0,303.20,303.67,299.87,302.75,-
81.0,305.67,308.08,303.05,303.67,-
80.0,301.63,308.63,301.14,306.69,-
76.0,302.18,303.51,300.90,302.02,-
75.0,301.11,304.10,298.57,302.96,-
74.0,306.16,306.16,300.98,302.48,-
73.0,305.46,305.69,302.08,304.58,-
72.0,304.94,306.61,304.70,305.79,-
69.0,303.64,303.76,301.70,302.65,-
68.0,305.70,306.94,304.20,305.42,-
67.0,304.02,305.37,302.07,304.62,-
66.0,303.27,304.39,301.58,303.08,-
65.0,297.21,305.11,296.71,304.24,-
62.0,295.03,298.24,293.73,297.87,-
61.0,292.14,292.91,290.75,292.26,-
60.0,292.18,292.46,289.28,290.12,-
59.0,291.21,291.71,287.29,289.76,-
58.0,288.74,289.71,286.41,288.56,-
55.0,285.10,289.87,284.38,289.70,-
54.0,285.70,286.95,281.99,283.77,-
53.0,288.47,289.07,282.91,284.46,-
52.0,292.87,293.55,288.71,290.17,-
51.0,292.71,294.04,291.29,292.47,-
48.0,294.97,295.20,290.56,292.70,-
47.0,320.17,320.17,315.41,319.47,-
46.0,313.00,316.68,310.75,316.14,-
45.0,315.67,315.67,312.53,313.98,-
41.0,312.82,313.16,310.22,312.18,-
40.0,315.29,316.13,312.94,314.51,-
39.0,311.44,314.38,310.25,312.67,-
38.0,314.56,316.58,308.15,311.26,-
37.0,322.93,323.18,310.30,310.92,-
34.0,329.25,329.67,324.57,324.68,-
33.0,330.73,331.65,327.79,329.18,-
32.0,332.18,334.79,329.98,333.81,-
31.0,326.14,333.74,325.86,332.37,-
364.0,320.69,323.06,320.69,322.63,-
363.0,320.42,321.18,317.28,320.88,-
362.0,321.05,322.18,318.73,319.53,-
361.0,315.71,321.92,315.68,319.80,-
357.0,315.68,317.02,314.96,316.25,-
356.0,313.66,315.55,313.19,314.54,-
355.0,314.69,315.59,309.17,312.60,-
354.0,313.69,315.60,313.68,314.87,-
353.0,313.69,313.94,309.69,310.60,-
350.0,311.85,314.35,310.42,312.67,-
349.0,310.95,311.69,309.04,309.46,-
348.0,310.61,311.85,305.94,308.73,-
347.0,314.07,317.96,311.11,312.50,-
346.0,310.63,312.78,309.83,312.38,-
343.0,308.69,314.25,308.20,313.40,-
342.0,310.21,313.41,307.34,307.72,-
341.0,310.53,312.52,308.74,311.38,-
340.0,311.18,314.00,309.81,311.57,-
339.0,313.51,315.63,310.89,312.51,-
336.0,308.22,311.69,307.82,309.87,-
335.0,299.70,307.69,299.20,306.58,-
364.0,298.68,299.46,295.75,299.40,-
363.0,293.65,294.88,290.37,291.17,-
362.0,289.40,294.12,287.96,293.80,-
359.0,282.31,286.85,280.38,281.22,-
357.0,287.39,289.83,284.77,284.77,-
356.0,289.71,292.19,287.33,289.71,-
355.0,293.59,293.96,285.76,290.18,-
352.0,300.70,301.95,296.58,297.14,-
351.0,304.72,305.84,298.09,300.13,-
350.0,305.73,308.84,305.00,305.43,-
349.0,306.09,308.73,304.94,307.97,-
348.0,303.70,308.73,303.59,306.19,-
345.0,300.35,305.74,299.00,303.87,-
344.0,302.66,302.67,295.48,297.24,-
343.0,301.83,304.39,299.03,300.17,-
342.0,304.20,306.88,301.50,305.86,-
341.0,296.36,304.09,295.82,303.86,-
338.0,296.45,299.57,295.92,297.77,-
337.0,293.21,298.45,291.57,298.45,-
336.0,292.16,293.69,289.95,292.12,-
335.0,289.76,292.46,288.09,289.04,-
334.0,297.25,299.55,295.54,296.02,-
331.0,296.96,300.85,296.83,299.77,-
330.0,298.91,301.05,296.35,299.04,-
329.0,294.48,294.79,286.14,292.86,-
328.0,296.25,297.20,291.13,291.29,-
327.0,293.07,299.69,292.96,297.91,-
324.0,294.46,296.08,293.06,294.95,-
323.0,290.66,294.15,289.47,291.54,-
322.0,293.38,295.73,289.32,290.06,-
321.0,289.80,295.98,288.41,294.96,-
320.0,291.57,295.62,288.71,290.91,-
317.0,299.44,299.50,293.49,295.54,-
316.0,274.74,279.22,273.74,279.22,-
315.0,273.79,277.34,272.04,273.98,-
314.0,266.46,273.13,266.46,271.32,-
313.0,262.33,268.47,261.34,268.32,-
310.0,258.16,259.99,254.89,257.30,-
309.0,253.50,257.36,251.05,257.10,-
308.0,247.93,253.65,240.14,252.10,-
307.0,244.77,251.47,240.06,250.70,-
306.0,254.67,255.74,247.25,247.51,-
303.0,259.84,261.74,256.93,257.26,-
302.0,267.75,268.38,259.45,263.49,-
301.0,270.48,271.74,263.59,264.16,-
300.0,268.83,273.25,267.76,269.40,-
299.0,263.36,266.20,256.37,265.68,-
296.0,258.02,262.95,256.99,262.49,-
295.0,262.86,264.12,256.74,260.07,-
294.0,273.57,277.22,269.16,269.33,-
293.0,274.42,278.98,271.06,273.04,-
292.0,269.90,274.68,267.42,273.06,-
289.0,272.13,273.15,271.30,273.07,-
288.0,267.48,272.22,267.01,271.01,-
287.0,266.03,268.21,262.65,265.77,-
286.0,265.73,266.67,261.44,264.50,-
285.0,258.72,265.73,258.49,264.79,-
282.0,265.43,267.06,260.33,262.16,-
281.0,266.63,269.28,265.68,267.21,-
280.0,264.96,267.70,263.44,266.75,-
279.0,255.14,261.12,254.99,260.83,-
275.0,261.97,263.70,260.10,262.16,-
274.0,270.10,271.64,265.34,265.98,-
273.0,272.10,272.88,267.73,270.21,-
272.0,268.83,271.22,265.14,270.08,-
271.0,267.01,269.46,266.51,269.27,-
268.0,259.74,264.96,256.31,263.17,-
267.0,264.92,268.37,258.89,259.76,-
266.0,259.41,264.74,258.36,261.38,-
265.0,251.50,260.44,249.28,259.15,-
264.0,251.75,253.25,247.02,248.84,-
261.0,249.42,257.18,245.18,245.21,-
260.0,261.47,262.18,249.99,252.19,-
259.0,269.74,271.57,265.12,266.31,-
258.0,275.94,275.94,264.88,269.23,-
257.0,276.44,282.21,272.75,278.34,-
254.0,284.47,284.96,279.92,281.60,-
253.0,276.63,283.97,273.93,280.78,-
252.0,280.41,281.78,273.59,274.23,-
251.0,280.22,287.02,270.23,286.42,-
250.0,281.21,284.22,271.90,272.74,-
247.0,290.98,294.70,280.72,289.23,-
246.0,296.95,299.13,288.45,288.47,-
245.0,296.74,301.20,291.52,300.28,-
244.0,302.70,299.11,291.52,296.77,-
243.0,305.30,307.44,299.29,303.08,-
241.0,301.81,307.17,301.54,301.54,-
240.0,302.29,307.68,301.20,305.16,-
239.0,308.28,310.16,302.07,303.31,-
238.0,308.72,313.44,308.30,310.95,-
237.0,306.37,312.39,306.19,309.18,-
234.0,302.39,309.44,301.83,308.81,-
233.0,296.72,303.73,296.71,303.19,-
232.0,300.79,301.11,297.38,297.38,-
231.0,297.77,302.04,297.47,300.97,-
230.0,295.95,300.72,295.70,297.17,-
227.0,298.45,299.82,293.79,298.51,-
226.0,269.29,270.73,263.10,264.21,-
225.0,268.23,271.73,267.97,268.86,-
224.0,263.82,269.44,262.74,266.74,-
223.0,263.83,267.72,262.49,263.38,-
220.0,266.21,268.56,263.37,265.73,-
219.0,270.23,275.06,267.67,273.03,-
218.0,266.48,268.99,266.25,267.41,-
217.0,262.39,267.43,262.39,265.95,-
213.0,253.12,260.33,252.94,260.25,-
211.0,250.74,253.08,250.50,252.94,-
210.0,248.02,249.87,245.94,248.54,-
209.0,241.77,247.86,241.77,246.58,-
208.0,236.80,244.00,236.60,241.20,-
205.0,240.10,240.13,236.27,237.20,-
204.0,240.82,241.19,236.63,239.87,-
203.0,245.48,245.93,243.12,243.26,-
202.0,243.35,246.72,242.12,246.25,-
201.0,242.26,242.87,239.38,242.05,-
198.0,252.84,253.09,242.16,242.27,-
197.0,251.15,253.81,248.09,249.93,-
196.0,252.26,253.92,250.05,251.22,-
195.0,253.82,256.78,253.24,253.93,-
194.0,254.74,254.84,250.83,252.11,-
191.0,256.78,258.09,254.39,254.50,-
190.0,259.74,259.74,257.56,258.11,-
189.0,258.01,260.36,257.63,259.33,-
188.0,261.18,262.05,259.24,259.26,-
187.0,262.66,263.15,259.37,260.27,-
184.0,260.74,263.54,260.49,261.28,-
183.0,263.52,264.88,260.98,263.77,-
182.0,263.76,266.33,262.39,262.54,-
181.0,262.24,264.26,261.49,264.25,-
177.0,258.98,260.63,257.89,260.19,-
176.0,258.59,260.80,257.24,258.81,-
175.0,258.41,261.12,258.37,259.58,-
174.0,259.92,261.72,258.82,258.87,-
173.0,258.04,259.74,256.44,258.94,-
170.0,265.63,265.73,261.30,261.75,-
169.0,266.10,268.00,264.60,265.36,-
168.0,264.51,264.90,262.59,264.64,-
167.0,257.46,265.34,257.26,264.96,-
166.0,262.89,263.37,257.94,258.95,-
163.0,267.04,267.69,264.26,264.51,-
162.0,267.35,268.20,265.19,267.26,-
161.0,269.80,271.50,266.58,267.46,-
160.0,269.73,271.94,268.50,271.06,-
159.0,267.23,268.98,265.28,268.57,-
156.0,268.81,270.46,267.32,267.38,-
155.0,266.66,269.44,265.48,266.87,-
154.0,267.32,269.23,266.24,267.63,-
153.0,268.30,270.73,264.55,266.68,-
152.0,272.58,272.59,268.29,269.01,-
149.0,269.73,271.78,268.99,271.78,-
148.0,268.76,269.35,266.77,268.72,-
147.0,268.73,268.79,266.91,268.61,-
146.0,263.00,268.45,262.34,266.14,-
145.0,262.36,263.24,260.74,262.26,-
141.0,263.48,263.88,260.93,262.29,-
140.0,262.69,263.15,260.43,262.60,-
139.0,264.71,265.17,260.19,260.50,-
138.0,262.95,263.57,259.24,263.16,-
135.0,272.37,272.60,264.76,265.08,-
134.0,287.31,289.44,285.76,288.97,-
133.0,287.47,288.51,285.59,287.85,-
132.0,287.21,288.17,283.74,285.02,-
131.0,287.81,288.76,286.21,288.40,-
128.0,292.15,292.15,288.74,288.79,-
127.0,287.58,290.03,286.81,289.71,-
126.0,285.80,287.29,283.72,286.80,-
125.0,290.25,290.45,282.56,284.26,-
124.0,296.20,297.07,291.26,293.55,-
121.0,294.09,297.30,294.09,295.60,-
120.0,291.21,293.79,290.58,293.09,-
119.0,291.90,292.46,290.00,290.63,-
118.0,287.71,290.65,286.22,290.57,-
117.0,290.74,292.20,287.07,287.39,-
114.0,293.15,293.16,289.33,289.58,-
113.0,292.42,293.90,289.11,293.15,-
112.0,287.31,290.93,285.71,290.79,-
111.0,288.35,289.33,285.97,288.37,-
110.0,284.82,289.61,284.23,287.96,-
107.0,282.04,283.71,279.59,280.25,-
106.0,281.96,284.22,279.99,280.40,-
105.0,283.72,284.61,275.36,278.27,-
104.0,278.47,285.21,277.47,284.50,-
103.0,286.11,288.86,283.73,284.71,-
100.0,288.82,289.71,286.38,288.07,-
99.0,292.43,293.02,289.44,289.86,-
98.0,295.20,296.96,292.58,295.59,-
97.0,296.17,298.69,294.80,295.86,-
96.0,299.97,301.54,293.21,295.53,-
93.0,303.86,304.19,299.80,300.01,-
92.0,302.89,305.44,302.20,304.48,-
91.0,299.60,302.70,297.30,300.09,-
90.0,308.58,309.30,299.35,300.08,-
87.0,304.70,307.94,303.70,306.39,-
84.0,305.62,307.05,304.45,304.71,-
83.0,305.39,306.24,300.37,304.11,-
82.0,304.86,307.04,301.70,305.35,-
81.0,309.70,312.15,303.58,304.80,-
77.0,312.69,315.27,311.78,314.72,-
76.0,310.31,313.31,309.83,312.32,-
75.0,312.50,312.94,310.74,311.80,-
74.0,313.35,314.73,311.24,311.76,-
73.0,311.36,314.50,309.71,313.76,-
70.0,306.59,312.19,306.19,311.94,-
69.0,306.64,308.44,305.47,307.91,-
68.0,308.13,309.42,305.86,307.94,-
67.0,307.16,309.50,306.95,308.88,-
66.0,304.78,308.89,304.30,306.84,-
63.0,304.77,305.42,303.00,305.18,-
62.0,304.44,305.42,302.76,304.77,-
61.0,305.19,306.86,303.46,305.69,-
60.0,301.94,306.37,301.25,305.21,-
59.0,301.50,301.93,297.48,299.88,-
56.0,309.23,309.87,299.58,300.19,-
55.0,308.64,309.54,306.32,308.09,-
54.0,309.85,310.93,307.33,307.94,-
53.0,303.80,310.03,302.96,309.65,-
52.0,303.48,305.94,300.31,305.23,-
49.0,319.47,320.54,305.37,305.61,-
48.0,315.79,316.72,311.33,313.07,-
47.0,320.74,321.16,314.52,315.56,-
46.0,312.72,320.67,312.32,319.50,-
42.0,308.39,311.82,308.23,311.78,-
41.0,308.18,309.53,306.77,308.04,-
40.0,309.37,309.37,307.08,308.13,-
39.0,308.55,309.09,306.94,307.70,-
38.0,307.09,307.39,303.98,306.80,-
35.0,307.65,308.82,304.76,307.91,-
34.0,305.03,308.91,304.72,306.44,-
33.0,299.73,304.86,299.72,304.23,-
32.0,302.51,302.79,299.76,300.76,-
31.0,297.94,302.49,297.94,301.87,-
365.0,298.07,298.91,295.72,296.69,-
364.0,298.70,300.37,298.40,299.13,-
363.0,300.70,300.90,299.16,300.20,-
362.0,300.72,301.63,298.71,299.16,-
361.0,301.07,301.59,299.45,300.89,-
357.0,302.37,302.70,300.71,301.81,-
356.0,301.70,303.20,301.34,302.44,-
355.0,298.99,302.06,298.51,301.23,-
354.0,297.03,298.64,294.03,297.23,-
351.0,295.20,295.98,293.54,295.10,-
350.0,296.13,296.59,293.74,295.56,-
349.0,296.80,297.93,294.28,294.85,-
348.0,298.25,298.85,295.94,297.16,-
347.0,298.26,301.20,296.75,297.01,-
344.0,296.27,296.70,294.85,295.81,-
343.0,296.64,297.49,294.21,295.45,-
342.0,295.69,295.96,291.55,294.97,-
341.0,295.34,296.20,292.71,293.28,-
340.0,289.99,290.71,288.02,288.89,-
337.0,284.44,287.95,283.72,286.21,-
336.0,284.05,286.38,282.39,285.62,-
335.0,281.22,285.50,280.92,281.89,-
364.0,286.87,286.87,276.38,277.58,-
363.0,294.29,294.61,289.69,290.76,-
360.0,294.93,296.19,293.21,294.70,-
358.0,293.36,298.00,293.23,297.19,-
357.0,293.21,294.21,288.81,291.21,-
356.0,293.44,296.42,291.08,295.31,-
353.0,298.20,298.65,294.87,295.12,-
352.0,294.21,299.69,293.99,297.98,-
351.0,292.21,294.46,290.39,291.48,-
350.0,296.08,298.65,291.43,291.57,-
349.0,301.24,301.70,296.73,297.44,-
346.0,306.69,308.14,300.30,301.34,-
345.0,309.54,309.62,306.80,308.29,-
344.0,310.73,311.19,308.45,311.13,-
343.0,314.68,315.11,309.94,312.10,-
342.0,311.70,314.43,311.25,313.07,-
339.0,311.28,312.43,310.24,312.23,-
338.0,312.01,314.65,310.74,311.82,-
337.0,308.44,310.60,306.44,309.78,-
336.0,309.03,309.69,306.98,307.49,-
335.0,307.56,310.02,305.30,307.19,-
332.0,308.23,309.19,306.19,306.54,-
331.0,309.71,310.19,306.34,308.98,-
330.0,307.58,309.69,305.86,307.93,-
329.0,306.24,310.30,305.21,308.99,-
328.0,307.49,312.06,307.18,307.94,-
325.0,305.65,307.10,304.72,305.96,-
324.0,305.45,307.69,302.70,305.69,-
323.0,303.77,308.38,303.45,303.69,-
322.0,304.12,307.10,301.13,303.61,-
321.0,299.97,309.54,299.97,308.55,-
318.0,299.34,300.52,295.50,300.42,-
317.0,271.82,272.35,268.29,270.19,-
316.0,273.23,273.47,270.89,271.38,-
315.0,269.79,272.72,268.63,270.42,-
314.0,268.97,272.03,268.32,269.15,-
311.0,266.12,268.53,263.55,267.91,-
310.0,267.84,268.33,264.31,264.74,-
309.0,269.36,269.70,264.71,266.91,-
308.0,263.93,269.73,263.01,268.85,-
307.0,262.21,263.86,259.17,260.91,-
304.0,264.74,265.04,261.24,262.55,-
303.0,264.32,265.67,259.20,262.63,-
302.0,263.66,266.20,262.09,263.58,-
301.0,266.47,266.53,258.97,263.32,-
300.0,264.16,268.16,264.16,264.94,-
297.0,260.61,263.65,258.87,263.38,-
296.0,257.05,259.58,255.39,256.48,-
295.0,256.17,258.63,255.58,257.74,-
294.0,254.59,259.73,254.20,256.47,-
293.0,246.00,254.95,245.78,253.89,-
290.0,241.63,245.35,240.35,244.83,-
289.0,239.74,240.98,239.47,240.29,-
288.0,239.74,240.70,239.01,240.08,-
287.0,240.76,242.13,239.80,239.97,-
286.0,240.21,241.93,239.53,240.89,-
283.0,239.27,239.66,237.30,237.83,-
282.0,238.68,239.96,235.05,237.85,-
281.0,232.36,236.01,232.02,235.05,-
280.0,232.02,233.56,231.28,231.97,-
276.0,235.02,235.70,233.49,234.91,-
275.0,231.19,231.98,229.92,231.36,-
274.0,227.26,232.24,226.02,229.94,-
273.0,224.83,227.21,223.78,224.78,-
272.0,229.34,229.65,225.98,226.12,-
269.0,226.05,229.77,223.60,229.19,-
268.0,227.80,228.40,224.99,225.26,-
267.0,224.78,228.68,224.78,227.08,-
266.0,228.62,228.96,225.23,225.47,-
265.0,230.52,233.89,228.64,231.80,-
262.0,233.75,235.56,230.28,230.78,-
261.0,240.26,241.01,233.39,233.75,-
260.0,244.97,245.19,240.53,240.83,-
259.0,244.02,247.10,242.77,245.01,-
258.0,241.60,244.69,240.01,242.55,-
255.0,244.26,245.35,242.76,242.93,-
254.0,241.73,247.13,241.01,245.76,-
253.0,248.62,248.75,245.50,245.62,-
252.0,250.92,252.75,249.04,251.60,-
251.0,250.87,252.50,250.43,252.42,-
248.0,252.45,252.62,247.78,249.86,-
247.0,252.69,254.05,251.53,253.80,-
246.0,245.84,253.25,245.28,252.91,-
245.0,245.00,245.98,243.14,244.67,-
244.0,244.25,246.39,243.23,244.96,-
242.0,239.59,243.44,239.33,242.18,-
241.0,242.73,244.20,239.43,242.25,-
240.0,247.22,247.38,241.09,241.93,-
239.0,245.04,248.50,244.84,246.07,-
238.0,244.30,245.13,242.20,244.24,-
235.0,240.14,245.05,239.76,244.78,-
234.0,241.37,244.25,241.00,242.16,-
233.0,241.76,242.61,237.48,238.51,-
232.0,230.28,241.25,230.07,240.55,-
231.0,230.27,234.59,228.53,232.86,-
228.0,234.32,235.04,229.53,229.57,-
227.0,245.62,247.10,241.10,246.76,-
226.0,244.70,246.67,242.99,245.42,-
225.0,240.88,246.25,239.90,244.36,-
224.0,235.95,239.48,235.30,237.68,-
221.0,235.74,236.39,231.16,233.51,-
220.0,226.55,228.44,224.61,228.05,-
219.0,218.94,225.42,217.47,224.87,-
218.0,221.78,223.61,216.60,217.82,-
214.0,220.59,220.92,217.78,218.06,-
213.0,222.42,223.98,216.60,219.53,-
211.0,227.25,228.69,222.14,222.25,-
210.0,231.49,232.04,225.33,226.90,-
209.0,236.06,238.54,234.27,235.80,-
206.0,238.29,238.58,235.04,236.10,-
205.0,239.59,241.13,236.39,237.31,-
204.0,243.20,243.20,238.84,240.78,-
203.0,244.71,248.05,242.62,242.88,-
202.0,249.70,250.23,242.20,244.04,-
199.0,251.00,251.48,248.82,249.76,-
198.0,251.47,252.68,248.10,249.79,-
197.0,247.84,251.75,247.81,250.38,-
196.0,241.30,249.95,240.85,248.75,-
195.0,246.99,247.00,241.35,241.35,-
192.0,241.01,244.11,240.57,244.01,-
191.0,239.94,244.01,237.68,243.26,-
190.0,243.37,244.20,235.76,236.77,-
189.0,243.68,244.18,238.53,242.15,-
188.0,249.28,250.20,241.33,242.52,-
185.0,249.61,254.37,248.10,249.11,-
184.0,247.31,253.75,247.10,252.55,-
183.0,243.10,246.69,240.49,246.44,-
182.0,239.97,245.28,239.82,240.94,-
178.0,246.12,246.48,241.26,242.57,-
177.0,242.19,245.91,240.28,244.98,-
176.0,240.79,244.64,237.26,237.50,-
175.0,233.84,238.49,231.77,238.30,-
174.0,240.12,244.65,238.16,238.34,-
171.0,234.30,242.26,231.97,235.79,-
170.0,242.29,242.55,236.66,237.27,-
169.0,247.88,249.47,243.63,246.97,-
168.0,254.74,255.23,248.29,248.94,-
167.0,253.14,253.93,248.93,253.73,-
164.0,254.63,255.24,247.88,253.51,-
163.0,257.99,260.74,254.93,255.18,-
162.0,255.76,255.76,250.75,252.44,-
161.0,257.58,259.68,253.86,254.27,-
160.0,256.73,261.15,256.04,260.56,-
157.0,249.74,252.41,240.42,246.32,-
156.0,254.12,258.50,229.77,249.09,-
155.0,250.24,257.60,249.98,254.63,-
154.0,263.00,263.11,251.85,252.93,-
153.0,262.99,266.19,262.28,265.03,-
150.0,265.30,268.57,262.46,262.58,-
149.0,266.42,267.98,263.07,265.73,-
148.0,265.78,267.15,260.25,264.33,-
147.0,264.21,268.90,263.35,264.26,-
146.0,272.21,272.22,264.34,265.55,-
143.0,273.35,274.39,270.86,272.22,-
142.0,275.72,275.97,271.40,273.26,-
141.0,277.95,279.84,275.80,276.87,-
140.0,276.81,279.55,275.25,277.24,-
139.0,274.10,276.72,272.23,274.77,-
136.0,281.22,284.12,274.54,274.80,-
135.0,295.79,298.62,293.85,297.35,-
134.0,294.73,295.87,291.71,294.21,-
133.0,285.98,294.15,285.28,293.09,-
132.0,283.39,286.71,282.83,286.08,-
129.0,283.72,284.10,281.72,282.83,-
128.0,281.38,284.64,279.74,283.46,-
127.0,283.37,284.09,280.65,281.49,-
126.0,284.45,285.16,282.42,283.83,-
125.0,285.16,287.15,284.22,285.22,-
120.0,282.24,284.59,281.12,283.28,-
119.0,281.13,283.53,279.86,283.07,-
118.0,281.22,282.08,280.00,280.94,-
115.0,282.35,283.41,279.73,281.06,-
114.0,279.23,285.71,279.05,281.16,-
113.0,272.48,279.64,269.58,278.39,-
112.0,278.24,278.88,270.73,274.23,-
111.0,277.78,283.14,276.86,278.47,-
108.0,282.83,283.72,278.36,279.72,-
107.0,282.08,283.94,281.20,282.92,-
106.0,283.87,285.44,281.84,282.50,-
105.0,280.63,283.93,280.10,282.32,-
104.0,283.06,284.44,277.72,281.31,-
101.0,293.78,293.84,289.29,289.48,-
100.0,286.84,292.81,286.81,290.28,-
99.0,281.60,288.96,280.82,287.94,-
98.0,279.65,282.05,277.97,279.81,-
97.0,282.11,282.31,280.22,280.96,-
94.0,280.39,283.55,279.67,281.82,-
93.0,272.98,277.79,272.83,277.02,-
92.0,270.91,273.79,269.36,272.39,-
91.0,267.47,272.56,267.24,270.26,-
90.0,264.34,266.38,263.61,266.08,-
85.0,263.45,265.61,261.48,263.14,-
84.0,263.30,263.98,259.74,262.95,-
83.0,266.93,268.95,264.99,265.47,-
82.0,271.23,271.54,265.88,267.27,-
81.0,273.40,273.48,270.23,271.13,-
78.0,270.23,271.74,269.58,270.11,-
77.0,268.50,272.23,267.80,271.34,-
76.0,270.73,271.43,268.54,268.83,-
75.0,268.30,271.79,266.88,270.38,-
71.0,266.22,268.31,264.98,266.29,-
70.0,265.86,269.97,264.49,267.93,-
69.0,266.77,268.63,263.58,266.96,-
68.0,269.50,270.49,267.27,267.95,-
67.0,265.98,270.73,265.50,266.47,-
64.0,263.94,266.48,260.97,265.38,-
63.0,268.23,268.73,262.52,263.13,-
62.0,264.07,270.78,263.85,270.14,-
61.0,267.21,267.21,263.54,265.29,-
60.0,267.03,267.64,264.88,266.24,-
57.0,268.98,270.22,262.54,264.71,-
56.0,271.97,273.23,265.03,266.88,-
55.0,270.36,273.55,267.39,270.78,-
54.0,268.72,274.53,267.88,270.94,-
53.0,273.02,274.66,267.49,269.73,-
50.0,281.97,285.01,267.16,274.73,-
49.0,291.43,293.12,285.84,291.20,-
48.0,292.70,292.70,287.36,289.91,-
47.0,290.45,294.91,287.86,293.52,-
43.0,295.50,296.48,288.73,289.71,-
42.0,291.66,296.80,291.11,294.63,-
41.0,287.96,293.90,286.66,293.25,-
40.0,298.74,298.78,293.71,294.94,-
39.0,301.93,301.93,296.72,300.25,-
36.0,295.70,301.32,294.26,300.71,-
35.0,304.40,304.70,296.03,296.75,-
34.0,312.62,312.62,302.88,303.83,-
33.0,313.28,313.61,310.46,311.68,-
32.0,313.16,314.44,311.81,313.06,-
365.0,312.06,312.39,309.68,309.68,-
364.0,308.94,311.05,308.70,311.05,-
363.0,312.06,312.11,308.84,309.39,-
362.0,310.52,312.68,308.93,311.12,-
358.0,306.16,309.45,305.83,308.93,-
357.0,301.45,306.13,301.12,305.53,-
356.0,300.37,300.45,299.13,300.26,-
355.0,298.68,299.62,297.54,299.04,-
352.0,297.72,299.17,297.20,297.91,-
351.0,297.92,298.52,296.58,296.67,-
350.0,299.16,299.88,298.02,298.58,-
349.0,296.35,297.89,295.20,296.27,-
348.0,297.32,298.36,296.01,297.57,-
345.0,297.04,297.08,293.57,294.96,-
344.0,294.92,297.06,294.91,295.45,-
343.0,293.46,294.37,291.50,294.22,-
342.0,291.46,295.03,290.71,293.23,-
341.0,291.82,294.05,290.21,292.83,-
338.0,296.21,297.12,289.30,292.21,-
337.0,294.23,295.43,292.21,292.58,-
336.0,295.19,296.21,292.82,293.46,-
335.0,293.77,295.31,291.21,294.64,-
364.0,290.02,291.54,288.27,291.21,-
361.0,285.71,290.94,285.20,289.59,-
359.0,292.91,293.24,291.05,292.58,-
358.0,290.96,291.85,287.98,291.25,-
357.0,287.96,293.01,287.64,290.88,-
354.0,284.46,285.51,284.42,284.70,-
353.0,286.60,286.71,284.72,286.21,-
352.0,288.04,289.10,285.75,288.04,-
351.0,287.15,288.46,286.57,288.46,-
350.0,287.21,288.21,286.10,287.85,-
347.0,284.36,285.97,283.02,285.74,-
346.0,284.50,286.16,282.47,283.64,-
345.0,284.95,286.46,282.65,284.99,-
344.0,281.08,284.11,280.72,283.10,-
343.0,277.45,281.01,276.84,280.97,-
340.0,273.59,275.61,272.48,275.27,-
339.0,271.47,274.61,271.06,274.05,-
338.0,270.13,272.48,267.94,269.89,-
337.0,264.74,268.48,263.89,268.38,-
336.0,268.27,269.46,263.86,266.73,-
333.0,274.72,274.81,266.85,267.79,-
332.0,271.23,275.64,270.23,275.25,-
331.0,273.66,274.72,268.86,269.88,-
330.0,275.21,277.00,271.81,273.87,-
329.0,277.60,280.54,275.17,276.83,-
326.0,277.35,278.67,275.32,276.57,-
325.0,274.72,277.22,273.73,276.77,-
324.0,274.68,279.40,274.23,275.27,-
323.0,275.54,276.20,270.08,275.58,-
322.0,276.07,276.52,274.09,275.77,-
319.0,273.39,277.10,271.99,274.65,-
318.0,266.61,268.18,263.37,264.69,-
317.0,265.96,267.52,264.74,267.39,-
316.0,261.93,263.47,260.43,262.79,-
315.0,261.45,262.62,259.40,261.76,-
312.0,258.07,260.49,256.99,257.87,-
311.0,259.53,261.36,256.41,256.83,-
310.0,249.25,259.24,248.66,258.51,-
309.0,245.60,249.44,245.60,249.12,-
308.0,243.58,245.97,241.43,244.02,-
305.0,241.63,245.62,241.06,242.05,-
304.0,246.25,247.99,243.26,243.36,-
303.0,249.75,249.82,243.38,247.68,-
302.0,249.52,249.63,246.26,249.02,-
301.0,247.17,250.50,246.40,249.02,-
298.0,246.90,249.72,245.75,245.99,-
297.0,249.98,250.45,246.25,248.14,-
296.0,250.14,253.25,248.61,248.98,-
295.0,250.21,250.74,248.66,249.28,-
294.0,243.63,249.20,242.87,248.25,-
291.0,248.14,248.24,245.37,245.48,-
290.0,245.04,248.44,243.33,245.61,-
289.0,239.66,244.44,239.00,243.90,-
288.0,237.30,239.22,236.12,238.53,-
287.0,235.02,238.16,234.79,237.32,-
284.0,234.96,236.41,233.58,235.83,-
283.0,233.09,235.23,230.77,235.23,-
282.0,229.30,232.90,229.17,231.75,-
281.0,231.91,233.26,227.69,229.08,-
277.0,228.56,231.07,227.66,230.42,-
276.0,227.68,228.90,227.27,228.53,-
275.0,227.68,228.94,226.07,226.28,-
274.0,229.61,233.18,226.98,227.65,-
273.0,229.67,230.70,228.77,230.60,-
270.0,234.40,235.95,231.46,232.14,-
269.0,234.06,234.06,230.13,232.80,-
268.0,236.14,236.26,233.12,233.77,-
267.0,234.33,236.94,234.13,235.45,-
266.0,233.44,234.81,231.98,234.13,-
263.0,232.54,232.81,231.09,232.39,-
262.0,225.77,230.86,225.39,229.97,-
261.0,219.78,222.28,219.06,221.76,-
260.0,222.33,223.63,220.94,222.42,-
259.0,225.52,225.77,221.34,222.22,-
256.0,231.16,231.36,228.22,229.77,-
255.0,230.84,232.13,229.23,230.91,-
254.0,227.48,230.64,227.23,229.06,-
253.0,226.61,228.39,225.96,226.74,-
252.0,227.34,228.98,226.67,228.08,-
249.0,227.61,229.48,227.27,228.32,-
248.0,226.92,227.21,224.04,224.95,-
247.0,227.77,228.23,223.72,225.34,-
246.0,224.46,226.77,223.99,226.64,-
245.0,224.15,226.72,223.60,225.88,-
243.0,224.77,226.12,220.99,221.30,-
242.0,221.08,225.51,221.08,222.60,-
241.0,218.40,218.68,215.73,217.90,-
240.0,220.28,221.18,217.83,219.71,-
239.0,222.80,223.15,218.59,222.18,-
236.0,217.69,225.02,217.28,223.14,-
235.0,214.13,220.38,212.54,218.45,-
234.0,213.79,214.88,211.54,213.63,-
233.0,215.25,215.73,212.65,213.74,-
232.0,214.73,216.21,212.91,214.87,-
229.0,216.28,217.52,213.14,214.91,-
228.0,218.12,222.65,216.83,221.08,-
227.0,214.62,219.12,214.03,218.87,-
226.0,211.64,213.15,210.22,212.13,-
225.0,207.88,212.05,207.38,211.94,-
222.0,204.58,208.48,204.15,206.99,-
221.0,202.86,207.02,202.70,204.99,-
220.0,199.80,202.80,198.83,201.04,-
219.0,203.92,204.39,197.79,198.12,-
218.0,203.05,205.11,200.63,204.60,-
214.0,207.50,207.50,203.20,204.04,-
213.0,211.89,212.99,208.87,209.29,-
211.0,211.79,213.39,208.90,210.58,-
210.0,212.79,213.69,210.91,211.86,-
207.0,206.63,213.90,206.35,212.45,-
206.0,203.30,207.74,203.05,207.68,-
205.0,204.17,205.91,203.08,204.44,-
204.0,203.12,204.29,201.07,202.64,-
203.0,208.27,208.54,200.74,203.47,-
200.0,208.90,210.02,207.08,209.83,-
199.0,207.63,209.14,206.29,206.82,-
198.0,207.89,209.65,205.57,207.37,-
197.0,209.45,210.33,207.50,207.79,-
196.0,210.54,210.54,206.79,208.18,-
193.0,213.22,213.64,210.39,212.21,-
192.0,215.67,216.65,213.97,214.29,-
191.0,217.90,218.73,213.12,216.08,-
190.0,219.07,220.03,215.66,217.59,-
189.0,219.53,220.24,216.84,219.17,-
186.0,222.31,223.45,219.51,221.94,-
185.0,217.43,220.40,217.03,219.92,-
184.0,212.79,216.02,211.79,215.61,-
183.0,212.91,214.77,211.49,213.99,-
182.0,209.16,214.59,209.06,213.07,-
179.0,205.85,208.41,205.14,208.41,-
178.0,204.14,205.60,202.10,204.99,-
177.0,202.62,205.72,202.20,202.58,-
176.0,195.78,202.30,194.80,201.98,-
172.0,198.13,199.13,195.80,196.55,-
171.0,197.95,201.22,196.72,198.05,-
170.0,200.84,202.63,197.30,198.39,-
169.0,197.85,200.62,196.30,199.24,-
168.0,197.17,198.46,192.51,198.22,-
165.0,195.35,196.86,194.35,194.80,-
164.0,194.21,195.91,192.15,193.56,-
163.0,196.85,198.00,193.98,194.58,-
162.0,204.80,205.29,197.36,199.31,-
161.0,201.20,205.79,200.40,203.79,-
158.0,201.22,204.86,197.30,203.46,-
157.0,201.85,202.29,196.05,198.11,-
156.0,203.19,203.94,200.30,201.53,-
155.0,199.79,202.30,198.43,201.29,-
154.0,198.89,201.00,197.20,200.79,-
151.0,197.32,198.60,195.58,196.65,-
150.0,197.68,201.67,197.20,197.79,-
149.0,192.79,197.29,192.72,195.54,-
148.0,191.68,194.33,190.58,191.66,-
147.0,191.98,194.55,191.18,192.78,-
144.0,192.83,196.39,190.06,194.55,-
143.0,193.56,194.68,190.36,192.15,-
142.0,190.68,194.80,189.32,191.74,-
141.0,187.90,191.96,187.86,190.54,-
140.0,192.88,195.13,187.76,189.46,-
137.0,192.82,199.71,192.21,195.92,-
136.0,190.56,196.25,190.32,194.18,-
135.0,183.37,190.34,181.90,189.56,-
134.0,188.28,188.31,182.62,184.27,-
133.0,185.48,189.36,184.96,188.87,-
129.0,184.57,186.99,182.94,186.06,-
128.0,181.57,182.32,177.93,180.82,-
127.0,181.12,181.69,177.48,179.15,-
126.0,183.32,184.73,180.52,183.94,-
123.0,182.07,185.67,178.82,184.71,-
122.0,181.47,184.70,179.98,181.07,-
121.0,171.72,177.44,170.13,176.87,-
120.0,174.29,176.58,172.92,173.86,-
119.0,171.10,171.73,167.86,171.17,-
116.0,174.82,175.82,172.56,173.68,-
115.0,176.39,179.40,174.08,176.47,-
114.0,175.02,175.49,167.96,171.86,-
113.0,173.08,176.74,171.83,173.41,-
112.0,166.61,174.55,166.35,174.13,-
109.0,164.98,166.33,163.01,164.91,-
108.0,165.67,167.83,163.53,164.81,-
107.0,167.24,169.83,163.86,166.38,-
106.0,159.93,167.50,159.39,167.50,-
105.0,162.83,164.70,159.14,159.69,-
102.0,162.89,163.57,159.36,162.05,-
101.0,158.61,162.34,156.67,161.60,-
100.0,154.89,159.84,152.70,158.80,-
99.0,148.98,155.09,146.98,153.93,-
98.0,149.84,153.13,144.58,145.30,-
95.0,153.46,154.94,146.98,154.13,-
94.0,158.08,159.38,151.17,152.67,-
93.0,161.42,164.34,157.53,159.30,-
92.0,164.87,166.68,161.01,162.58,-
91.0,166.50,170.18,162.84,163.42,-
86.0,166.31,171.74,165.39,168.83,-
85.0,172.81,176.07,168.41,168.42,-
84.0,170.90,175.97,169.29,170.65,-
83.0,165.34,174.64,165.28,172.55,-
82.0,173.33,174.73,164.61,164.86,-
79.0,168.86,174.29,167.33,173.05,-
78.0,178.56,179.72,170.53,171.15,-
77.0,173.45,176.51,170.09,176.38,-
76.0,173.08,173.37,169.68,171.16,-
72.0,180.91,181.31,177.44,178.66,-
71.0,176.40,181.63,175.56,181.34,-
70.0,179.30,182.32,176.32,178.84,-
69.0,187.80,188.56,178.77,179.08,-
68.0,185.45,190.31,183.47,189.20,-
65.0,178.05,186.72,177.54,185.45,-
64.0,170.28,177.51,168.33,176.68,-
63.0,169.86,177.04,169.42,171.33,-
62.0,171.11,171.33,166.75,170.05,-
61.0,166.98,172.33,165.83,170.11,-
58.0,172.17,174.23,167.83,169.10,-
57.0,172.10,172.35,169.88,171.49,-
56.0,168.82,175.99,167.99,174.16,-
55.0,163.06,166.77,161.97,165.57,-
54.0,162.26,163.84,160.12,161.77,-
51.0,154.48,165.81,151.96,162.19,-
50.0,148.87,154.52,147.43,153.10,-
49.0,144.03,151.60,144.03,151.39,-
48.0,149.42,149.60,141.23,141.23,-
44.0,152.36,153.97,147.70,149.69,-
43.0,148.64,151.64,143.25,149.35,-
42.0,154.84,156.74,148.73,150.33,-
41.0,155.73,160.14,155.04,157.00,-
40.0,158.00,159.32,154.96,156.19,-
37.0,163.59,163.59,156.54,157.38,-
36.0,158.98,162.43,158.51,162.43,-
35.0,164.00,165.29,159.22,160.84,-
34.0,166.32,170.23,163.03,166.86,-
33.0,160.34,165.45,157.34,163.86,-
30.0,154.15,160.75,152.60,160.50,-
