323.0,40.33,40.45,40.10,40.43,18335672
322.0,39.88,40.33,39.83,40.09,19222705
321.0,39.80,40.29,39.60,40.25,21424554
320.0,39.56,39.86,39.37,39.79,15532818
319.0,39.71,39.79,39.44,39.76,12489135
316.0,39.44,39.81,39.28,39.67,16829366
315.0,39.35,39.39,38.98,39.19,18286944
314.0,39.48,39.67,39.06,39.30,30754708
313.0,39.93,39.95,39.38,39.65,29890017
312.0,39.68,39.88,39.52,39.86,18494080
309.0,39.60,39.89,39.42,39.63,18887536
308.0,39.50,39.65,39.21,39.53,17710277
307.0,39.39,39.40,38.86,39.34,28368824
306.0,38.95,39.70,38.95,39.38,34002193
305.0,38.12,39.09,38.08,39.04,37394514
302.0,37.84,38.15,37.70,38.08,23217336
301.0,37.32,37.88,37.29,37.83,21171441
300.0,37.62,37.69,37.10,37.54,25727062
299.0,37.21,37.64,37.00,37.47,29790369
298.0,37.05,37.23,36.85,37.16,23180838
295.0,36.95,37.22,36.95,37.18,21631754
294.0,36.99,37.27,36.85,37.20,22954158
293.0,37.23,37.29,36.66,37.07,23957476
292.0,37.20,37.30,37.02,37.23,23850525
291.0,37.00,37.33,36.80,37.00,19393834
288.0,36.55,37.08,36.22,37.00,33596072
287.0,36.19,36.70,36.16,36.48,18093946
286.0,36.00,36.40,35.97,36.33,15509787
285.0,35.88,36.34,35.74,36.09,19489892
284.0,35.49,36.00,35.14,35.77,20037575
281.0,35.19,35.54,35.08,35.19,14125018
280.0,35.88,35.95,35.33,35.54,16297077
279.0,35.22,35.94,35.11,35.76,28076438
278.0,35.02,35.33,34.93,35.02,19300594
274.0,35.24,35.39,35.07,35.09,12821972
273.0,34.94,35.18,34.87,35.07,16366772
272.0,34.75,34.96,34.63,34.89,18565007
271.0,34.51,34.75,34.46,34.73,15843668
270.0,34.78,34.80,34.59,34.65,20712876
267.0,34.82,34.93,34.58,34.67,14726829
266.0,34.70,34.89,34.55,34.71,14301892
265.0,34.54,34.81,34.38,34.66,19648134
264.0,35.02,35.19,34.62,34.65,26097791
263.0,35.09,35.28,34.70,34.92,26493271
260.0,35.29,35.31,34.99,35.01,16231408
259.0,35.60,35.68,35.17,35.17,19524961
258.0,35.98,36.07,35.56,35.81,22013991
257.0,36.30,36.32,35.82,36.00,21706563
256.0,36.12,36.47,36.08,36.34,18469448
253.0,36.26,36.40,35.79,35.87,19275060
252.0,36.40,36.56,36.11,36.14,22693316
251.0,36.28,36.66,36.02,36.59,22796797
250.0,36.37,36.70,36.30,36.41,22819871
249.0,36.39,36.55,36.22,36.43,18169335
246.0,36.45,36.56,36.10,36.30,20520301
245.0,36.55,36.59,36.15,36.49,26611347
244.0,36.33,36.67,36.06,36.64,35004283
243.0,35.66,36.43,35.57,36.35,38710244
243.0,35.47,35.74,35.32,35.47,27056989
240.0,35.13,35.86,35.00,35.31,36291484
239.0,34.78,35.25,34.67,34.97,43062842
238.0,34.70,34.97,34.59,34.75,15499322
237.0,34.55,34.74,34.40,34.67,18096682
236.0,34.73,34.80,34.38,34.50,16146284
233.0,34.54,34.82,34.40,34.73,22245041
232.0,34.54,34.84,34.48,34.75,17506216
231.0,34.68,34.68,34.46,34.56,17036197
230.0,34.43,34.58,34.25,34.53,14362830
229.0,34.74,34.74,34.36,34.47,21044407
226.0,34.48,34.71,34.26,34.68,16316353
225.0,34.33,34.40,34.12,34.24,15046199
224.0,34.28,34.39,33.94,34.25,23768337
223.0,33.64,33.93,33.43,33.92,25737540
222.0,33.25,33.74,33.23,33.65,29918436
219.0,33.70,34.12,33.70,33.88,18304460
218.0,34.12,34.29,33.56,33.63,20733189
217.0,33.52,34.43,33.48,34.34,30010803
215.0,33.51,34.03,33.43,33.46,12676894
211.0,33.87,33.93,33.54,33.74,24432020
210.0,33.92,34.10,33.34,33.54,25215664
209.0,33.77,34.24,33.74,34.20,25940057
208.0,34.00,34.14,33.65,33.65,27078918
207.0,34.26,34.51,34.03,34.07,18854766
204.0,34.21,34.55,34.10,34.19,29260888
203.0,34.56,34.63,34.29,34.36,24602910
202.0,34.33,34.60,34.09,34.58,27138493
201.0,35.45,35.45,34.84,34.86,21536505
200.0,35.61,35.61,35.32,35.51,21583752
197.0,35.28,35.33,35.01,35.21,30762781
196.0,35.21,35.48,35.14,35.31,20410009
195.0,35.99,36.05,35.22,35.53,19149017
194.0,35.68,35.95,35.53,35.88,20588247
193.0,35.59,36.01,35.41,35.73,28488290
190.0,36.50,36.56,35.31,35.71,33322053
189.0,36.34,36.53,36.16,36.48,17154167
188.0,36.13,36.57,36.10,36.26,17191983
187.0,36.16,36.45,35.98,36.13,18420926
186.0,36.30,36.50,36.20,36.34,11685699
183.0,36.27,36.33,36.00,36.32,19127420
182.0,36.12,36.13,35.80,36.12,17510915
181.0,36.31,36.38,35.87,36.11,17741896
180.0,36.27,36.44,36.09,36.18,13026915
176.0,36.26,36.33,36.13,36.26,11145523
175.0,36.12,36.39,36.06,36.26,13148542
174.0,35.98,36.18,35.89,36.12,20860257
173.0,35.87,35.99,35.56,35.86,16903704
172.0,35.48,36.11,35.38,35.77,14638066
169.0,35.15,35.55,35.13,35.40,18340127
168.0,35.19,35.47,35.08,35.22,17171872
167.0,35.67,35.99,35.02,35.04,26670188
166.0,35.75,35.89,35.42,35.82,22291843
165.0,35.54,35.72,35.42,35.63,22120137
162.0,35.72,35.74,35.40,35.53,19730842
161.0,35.91,36.00,35.45,35.69,21508923
160.0,36.27,36.38,35.93,36.01,25133822
159.0,36.48,36.75,36.28,36.37,17819144
158.0,36.73,36.85,36.48,36.54,17660214
155.0,36.86,36.93,36.50,36.82,18119243
154.0,36.99,37.11,36.64,36.85,16437088
153.0,36.72,37.17,36.62,36.98,22040256
152.0,36.37,37.03,36.35,36.97,35813021
151.0,36.11,36.40,35.94,36.31,24825614
148.0,36.10,36.48,35.88,36.15,56769258
147.0,36.87,37.50,36.78,37.43,39889967
146.0,36.78,37.23,36.78,36.93,27240993
145.0,36.77,37.00,36.66,36.87,22066776
144.0,36.67,36.85,36.46,36.75,26305762
141.0,36.20,36.42,35.85,36.32,20390513
140.0,36.18,36.27,35.86,36.18,22968262
139.0,35.97,36.22,35.89,35.91,16594635
138.0,35.43,35.81,35.30,35.76,12321050
137.0,35.44,35.59,35.33,35.48,12560746
133.0,35.55,35.76,35.25,35.25,15763996
132.0,35.87,36.01,35.50,35.63,19289787
131.0,35.77,35.79,35.21,35.74,22711830
130.0,36.02,36.09,35.61,35.80,19973723
127.0,36.07,36.32,35.98,36.03,15689513
126.0,36.13,36.28,36.03,36.03,20198223
125.0,36.43,36.76,36.17,36.22,22455525
124.0,36.12,36.38,35.99,36.28,18918045
123.0,36.19,36.74,36.12,36.16,32013641
120.0,35.75,36.25,35.74,36.07,21438385
119.0,35.58,35.89,35.52,35.75,16432950
118.0,35.52,35.70,35.44,35.57,17202642
117.0,35.34,35.71,35.21,35.60,18398148
116.0,35.07,35.50,34.94,35.39,16992235
113.0,35.65,35.73,35.12,35.16,22187960
112.0,35.49,35.49,35.02,35.27,20640352
111.0,35.22,35.46,35.00,35.37,19144498
110.0,35.59,35.60,35.00,35.04,22814547
109.0,35.37,35.63,35.26,35.43,17322274
106.0,35.31,35.33,35.10,35.27,30778867
105.0,35.17,35.36,35.07,35.14,19616053
104.0,34.94,35.17,34.68,35.10,27996095
103.0,35.06,35.23,34.66,35.18,28586871
102.0,35.85,36.04,34.94,35.16,53582931
99.0,36.12,36.30,35.78,35.91,25402348
98.0,35.60,35.94,35.50,35.82,23616786
97.0,35.67,35.90,35.52,35.62,20920148
96.0,35.54,35.80,35.38,35.80,23434893
95.0,35.79,35.80,35.42,35.57,24416732
92.0,35.94,36.08,35.67,35.90,17540896
91.0,35.93,36.02,35.65,35.91,23602100
90.0,35.85,36.10,35.44,35.93,34085869
87.0,36.42,36.46,36.00,36.20,24977011
86.0,36.42,36.68,36.27,36.51,14065236
83.0,36.14,36.53,35.95,36.53,18617592
82.0,36.24,36.30,35.90,36.18,22774979
81.0,36.34,36.40,35.79,36.07,29904370
80.0,36.53,36.65,36.33,36.52,20556017
76.0,36.32,36.48,36.10,36.48,18909888
75.0,36.18,36.56,36.10,36.41,21317455
74.0,35.98,36.06,35.67,36.05,18452197
73.0,35.84,35.96,35.53,35.93,25734801
72.0,35.57,35.85,35.34,35.80,28180550
69.0,35.26,35.43,34.84,35.34,44106523
68.0,36.50,36.50,35.40,35.46,47802687
67.0,36.34,36.65,36.14,36.38,20807358
66.0,36.45,36.52,36.24,36.35,18581866
65.0,36.51,36.51,36.15,36.27,21426961
62.0,36.69,36.82,36.45,36.52,21038146
61.0,36.26,36.70,36.20,36.68,31916939
60.0,36.82,36.95,36.02,36.52,28380640
59.0,37.22,37.37,36.64,36.82,27059084
58.0,37.74,37.84,37.33,37.42,23954716
55.0,38.00,38.45,37.81,37.98,44368566
54.0,37.82,37.92,37.42,37.56,34144843
53.0,37.87,38.00,37.52,37.80,32357313
52.0,36.84,37.74,36.81,37.62,35140871
51.0,37.07,37.21,36.55,36.77,27752565
48.0,36.76,37.03,36.58,36.94,23950936
47.0,36.51,36.91,36.51,36.57,13654522
46.0,36.89,37.01,36.61,36.76,15382452
45.0,36.67,36.83,36.59,36.80,20195202
41.0,36.71,36.86,36.62,36.79,15072235
40.0,36.83,36.83,36.32,36.71,20391946
39.0,36.51,37.00,36.51,36.95,22398426
38.0,36.55,36.93,36.53,36.54,15918766
37.0,36.48,36.88,36.48,36.61,19461422
34.0,36.59,36.68,36.19,36.48,15113998
33.0,36.45,36.72,36.30,36.35,13986002
32.0,36.71,36.77,36.34,36.41,15915729
31.0,36.61,36.93,36.27,36.60,20196466
364.0,36.79,36.80,36.20,36.27,17467984
363.0,36.51,36.72,36.43,36.66,8447998
362.0,37.10,37.20,36.58,36.63,12868584
361.0,36.91,37.33,36.91,37.07,9033706
357.0,36.93,36.98,36.77,36.97,6287281
356.0,37.23,37.24,36.81,36.93,10793879
355.0,37.25,37.34,36.91,36.98,14323574
354.0,36.95,37.24,36.89,37.21,18551844
353.0,36.34,36.95,36.27,36.89,18744306
350.0,36.72,36.87,36.08,36.31,38212824
349.0,36.74,37.16,36.53,36.79,23721538
348.0,36.70,36.89,36.46,36.55,30819365
347.0,36.01,36.89,35.93,36.80,35773592
346.0,35.78,36.09,35.67,35.97,21985830
343.0,35.75,35.90,35.59,35.76,16326925
342.0,35.48,36.03,35.22,35.70,19966537
341.0,34.67,35.57,34.45,35.50,21710273
340.0,34.39,34.75,34.30,34.72,15297703
339.0,34.31,34.42,33.96,34.39,14461972
336.0,33.72,34.26,33.60,34.16,21492534
335.0,34.86,34.93,33.56,33.76,29618687
364.0,35.20,35.30,34.70,34.70,27016070
363.0,35.64,35.64,35.27,35.31,19581040
362.0,35.43,35.66,35.21,35.51,13549048
359.0,35.11,35.45,35.11,35.44,6372836
357.0,35.48,35.52,35.10,35.20,15843618
356.0,35.18,35.50,35.11,35.48,22327447
355.0,35.10,35.20,34.84,34.98,14259526
352.0,34.90,35.00,34.64,34.95,16806853
351.0,34.81,35.02,34.63,35.02,15748521
350.0,34.90,34.92,34.54,34.84,18565450
349.0,34.64,35.29,34.61,34.91,20676112
348.0,34.56,34.73,34.20,34.48,22558941
345.0,34.57,34.87,34.34,34.61,22665026
344.0,34.95,34.95,34.02,34.50,28250229
343.0,34.13,34.85,33.67,34.75,25999427
342.0,34.60,34.95,34.49,34.74,14833126
341.0,34.24,34.75,34.15,34.69,19296598
338.0,33.53,33.93,33.42,33.61,21914746
337.0,34.45,34.52,33.87,33.93,19400032
336.0,34.60,34.90,34.47,34.60,21416408
335.0,34.90,35.16,34.27,34.52,25368222
334.0,34.92,35.08,34.84,34.87,19188602
331.0,34.87,35.17,34.71,34.74,22296428
330.0,35.10,35.23,34.75,34.81,14634685
329.0,35.04,35.20,34.74,34.92,19977604
328.0,35.14,35.25,35.01,35.10,17860312
327.0,35.43,35.49,35.11,35.26,21524741
324.0,35.21,35.40,34.81,35.15,20813248
323.0,35.41,35.67,35.10,35.43,25669479
322.0,36.07,36.09,35.23,35.51,75229016
321.0,37.97,38.05,37.53,37.75,42907753
320.0,37.55,37.72,37.24,37.29,15788142
317.0,37.19,37.70,37.16,37.45,19123944
316.0,36.85,37.13,36.46,36.97,16936015
315.0,37.20,37.25,36.81,37.13,14053888
314.0,37.91,38.00,36.82,37.27,27650460
313.0,38.25,38.36,37.90,38.02,14954297
310.0,38.08,38.22,37.78,38.10,16942539
309.0,37.84,38.16,37.58,38.07,15171434
308.0,37.75,38.31,37.64,37.99,22420804
307.0,37.77,37.94,37.33,37.54,14393109
306.0,37.69,37.95,37.53,37.66,14113578
303.0,37.47,37.92,37.44,37.75,24279306
302.0,37.49,37.53,37.00,37.32,17674969
301.0,37.31,37.50,37.15,37.44,19020799
300.0,36.90,37.22,36.63,37.18,22391576
299.0,36.92,36.94,36.60,36.65,25518796
296.0,37.45,37.65,37.12,37.19,18062474
295.0,37.60,37.83,37.44,37.55,17013410
294.0,37.21,37.46,36.86,37.45,21233698
293.0,37.42,37.43,36.94,37.14,24796900
292.0,37.69,38.02,37.09,37.16,30531708
289.0,37.72,38.05,37.25,37.67,74577899
288.0,35.74,36.65,35.54,36.56,24585103
287.0,35.51,35.82,35.40,35.62,14127224
286.0,35.75,35.88,35.32,35.61,23591345
285.0,35.19,36.12,35.06,36.08,22796599
282.0,36.10,36.39,35.44,35.44,29457900
281.0,36.35,36.59,36.12,36.44,20356511
280.0,36.65,36.65,36.38,36.46,18495645
279.0,36.38,36.60,36.17,36.57,22337790
275.0,36.21,36.33,35.95,36.08,16726718
274.0,35.99,36.04,35.58,36.02,18925769
273.0,35.62,35.90,35.58,35.89,20562722
272.0,35.59,35.74,35.52,35.70,15183208
271.0,35.48,35.67,35.15,35.55,15264300
268.0,35.11,35.58,35.05,35.26,14469924
267.0,35.05,35.22,34.90,35.09,12427980
266.0,35.32,35.41,35.02,35.15,16343525
265.0,35.50,35.69,35.30,35.40,18316042
264.0,35.20,35.45,35.12,35.36,14941430
261.0,34.84,35.27,34.74,35.24,16417640
260.0,34.96,35.09,34.75,34.97,16085181
259.0,35.17,35.21,34.77,35.02,18221644
258.0,34.77,35.21,34.77,35.21,16320929
257.0,34.70,35.16,34.63,34.91,18931063
254.0,34.52,34.76,34.44,34.57,15708316
253.0,34.66,34.74,34.49,34.68,16364120
252.0,35.00,35.00,34.50,34.53,19579027
251.0,35.04,35.16,34.84,34.92,12578884
250.0,34.90,35.17,34.86,35.04,19497332
247.0,34.80,35.13,34.70,34.98,20046211
246.0,34.29,34.62,34.22,34.58,16362642
245.0,34.10,34.28,33.99,34.25,18388764
244.0,34.81,34.87,34.32,34.56,20057327
243.0,34.82,34.91,34.56,34.85,18824409
241.0,34.77,34.92,34.60,34.86,18171236
240.0,34.83,34.83,34.52,34.77,21667377
239.0,35.00,35.28,34.63,34.83,23601763
238.0,34.75,35.23,34.70,35.09,29644428
237.0,34.62,34.76,34.57,34.69,20277701
234.0,34.38,34.70,34.26,34.66,33033653
233.0,34.33,34.49,33.86,34.27,63708597
232.0,35.30,35.93,35.06,35.69,42994187
231.0,34.89,35.16,34.85,35.15,20395424
230.0,35.18,35.20,34.95,35.05,19347177
227.0,35.26,35.29,34.90,35.07,23661856
226.0,35.13,35.30,34.96,35.20,25296374
225.0,35.04,35.25,34.88,35.01,29120904
224.0,34.51,34.97,34.48,34.94,28064113
223.0,34.04,34.50,34.04,34.38,23820667
220.0,33.65,34.00,33.50,34.00,23341870
219.0,32.96,33.55,32.96,33.20,26119445
218.0,32.80,33.00,32.38,32.97,21070217
217.0,32.50,32.73,32.46,32.68,20107191
213.0,32.64,32.88,32.47,32.75,17084570
211.0,32.00,32.88,31.97,32.80,34528919
210.0,31.35,31.98,31.31,31.93,22771058
209.0,30.97,31.20,30.81,31.19,23693871
208.0,31.41,31.41,30.44,30.72,35454030
205.0,31.80,32.32,31.40,31.55,38094301
204.0,32.58,33.00,32.50,32.99,22048784
203.0,32.30,32.63,32.25,32.29,18304758
202.0,32.26,32.38,32.09,32.32,15476450
201.0,32.07,32.44,32.01,32.17,21961579
198.0,31.73,31.81,31.47,31.76,27047860
197.0,31.44,31.77,31.22,31.69,18547853
196.0,32.25,32.26,31.59,31.61,23783272
195.0,32.01,32.24,31.79,32.14,18754277
194.0,32.05,32.50,32.04,32.17,23004832
191.0,31.70,32.24,31.65,32.04,35749113
190.0,31.68,32.00,31.68,31.94,11276764
189.0,31.80,32.00,31.79,31.89,12732088
188.0,31.75,32.02,31.70,31.88,19339090
187.0,31.64,31.82,31.58,31.68,15139603
184.0,31.74,31.74,31.40,31.62,15777539
183.0,31.56,31.76,31.45,31.76,14140127
182.0,31.62,31.72,31.47,31.66,17753532
181.0,31.51,31.65,31.31,31.59,23040218
177.0,31.60,31.65,31.45,31.57,13301534
176.0,31.49,31.63,31.40,31.49,12657998
175.0,31.20,31.57,31.15,31.39,18359642
174.0,30.50,31.12,30.45,31.06,23494723
173.0,30.23,30.48,30.13,30.23,20809308
170.0,29.73,30.38,29.70,30.15,22727379
169.0,29.77,29.93,29.50,29.63,21659139
168.0,30.03,30.25,29.78,29.99,22415030
167.0,30.57,30.57,29.86,29.98,25550242
166.0,29.90,30.56,29.88,30.39,21739000
163.0,29.86,30.20,29.84,29.91,19857610
162.0,30.11,30.24,29.57,29.76,20760182
161.0,30.16,30.24,29.97,30.06,15662544
160.0,30.00,30.18,29.82,30.14,16963133
159.0,30.08,30.17,29.76,29.80,16813826
156.0,29.61,30.11,29.52,30.04,19594173
155.0,29.87,30.02,29.75,29.90,23342111
154.0,30.17,30.21,29.70,29.85,23185269
153.0,30.41,30.56,30.09,30.36,26923067
152.0,30.45,30.69,30.36,30.61,20960902
149.0,30.86,30.87,30.10,30.28,36303255
148.0,31.45,31.71,31.03,31.11,25045383
147.0,31.25,31.80,31.19,31.75,19872334
146.0,31.39,31.70,31.17,31.40,20885522
145.0,31.36,31.50,31.20,31.39,19202357
142.0,31.74,31.86,31.22,31.64,29387068
141.0,31.94,32.06,31.81,31.97,28165950
140.0,31.32,32.26,31.25,32.00,57414543
139.0,31.70,31.81,31.40,31.60,31820262
138.0,31.43,31.72,31.38,31.65,21516622
135.0,31.79,31.88,31.38,31.46,28593002
134.0,31.78,31.88,31.55,31.80,21541569
133.0,31.97,32.18,31.95,32.13,19842763
132.0,31.88,31.94,31.38,31.86,16647819
131.0,31.90,32.34,31.66,31.67,19624130
128.0,31.76,32.02,31.48,31.63,16360940
127.0,31.89,31.90,31.35,31.55,23199618
126.0,31.97,32.23,31.77,32.08,15501070
125.0,31.89,32.12,31.72,31.90,20014550
124.0,32.20,32.38,31.74,32.00,21456091
121.0,32.27,32.47,32.10,32.45,18011252
120.0,32.53,32.66,32.32,32.35,17650840
119.0,32.45,32.75,32.29,32.71,16364754
118.0,31.93,32.44,31.73,32.38,15178580
117.0,31.87,32.00,31.62,31.90,11419161
113.0,31.87,31.95,31.70,31.88,14126136
112.0,32.47,32.47,31.98,32.00,18460868
111.0,32.16,32.46,31.95,32.32,22150713
110.0,32.23,32.42,31.95,32.34,21642305
107.0,32.16,32.69,32.06,32.68,49633122
106.0,31.76,32.17,31.70,31.98,22813015
105.0,31.49,31.80,31.17,31.69,26062419
104.0,31.34,31.65,31.06,31.65,16927746
103.0,31.66,31.69,31.30,31.43,17391304
100.0,31.67,31.79,31.53,31.76,22394486
99.0,31.14,31.40,30.38,31.25,29434616
98.0,30.83,31.04,30.67,30.86,14572783
97.0,30.83,30.88,30.38,30.56,18850558
96.0,30.59,31.12,30.50,30.94,18858185
93.0,30.50,30.86,30.05,30.63,20169869
92.0,31.13,31.35,30.54,30.58,25608765
91.0,30.30,30.87,30.12,30.54,23418506
90.0,29.93,30.53,29.75,30.37,25355600
88.0,29.72,30.14,29.58,29.59,21616487
85.0,29.88,30.08,29.70,29.80,19878207
84.0,29.32,29.62,28.95,29.62,17311044
83.0,28.52,29.30,28.38,29.19,21444582
82.0,29.30,29.34,28.60,28.80,26432913
81.0,29.11,29.54,29.00,29.35,23750437
78.0,29.20,29.33,28.71,28.71,41618797
77.0,29.53,29.76,29.38,29.42,20261469
76.0,28.86,29.62,28.73,29.47,27295051
75.0,28.75,28.95,28.36,28.78,30354226
71.0,28.57,28.70,28.14,28.64,19507854
70.0,27.83,28.41,27.68,28.22,28142620
69.0,28.88,29.00,28.19,28.23,26850901
68.0,28.49,29.14,28.41,28.81,22710592
67.0,28.74,28.98,28.30,28.82,28623830
64.0,29.58,29.76,28.91,29.04,27429383
63.0,29.14,29.88,29.11,29.77,29109722
62.0,29.72,29.72,28.52,29.34,44631950
61.0,30.45,30.49,29.63,29.80,24800126
60.0,30.72,31.12,30.64,30.82,18819957
57.0,30.21,31.03,30.10,31.02,37972532
56.0,30.02,30.18,29.75,29.97,22013858
55.0,29.88,30.22,29.64,29.81,26136434
54.0,29.61,30.05,29.61,29.94,24689760
53.0,29.99,30.22,29.57,29.60,26263977
50.0,30.12,30.24,29.51,29.92,25279762
49.0,29.65,30.03,29.24,29.66,30142437
48.0,29.35,29.87,29.21,29.59,39530285
47.0,29.98,30.06,29.48,29.80,28595217
43.0,29.73,30.50,29.45,29.76,75768021
42.0,31.97,32.87,31.80,32.74,46527996
41.0,32.76,32.93,31.83,31.91,33862507
40.0,32.76,32.89,32.27,32.68,28587697
39.0,31.81,32.22,31.68,32.06,27732435
36.0,32.09,32.22,31.43,31.51,29953840
35.0,32.28,33.01,31.84,31.84,37680521
34.0,33.25,33.52,32.80,33.08,25491255
33.0,33.96,34.00,33.53,33.83,16709510
32.0,33.88,34.01,33.46,33.99,27669050
365.0,34.82,34.96,34.44,34.45,14736687
364.0,35.38,35.45,34.94,34.99,11566786
363.0,35.01,35.59,35.01,35.44,14188583
362.0,34.95,35.00,34.57,34.93,9449390
358.0,35.07,35.26,34.96,34.98,5893789
357.0,34.95,35.05,34.78,35.00,12526530
356.0,34.36,34.78,34.27,34.73,18421967
355.0,34.11,34.30,33.82,34.24,18006803
352.0,34.73,34.75,33.86,33.86,41336631
351.0,35.32,35.37,34.76,34.91,24963557
350.0,35.36,35.47,34.77,35.30,23257890
349.0,34.65,35.35,34.64,35.18,24365862
348.0,34.38,34.48,33.88,34.47,19357075
345.0,34.31,34.65,34.20,34.27,21251423
344.0,34.85,35.06,34.66,34.77,17400745
343.0,34.88,35.22,34.51,34.81,22548299
342.0,34.67,34.95,34.42,34.75,13380229
341.0,34.79,35.17,34.75,34.98,17731885
338.0,34.11,35.02,34.00,34.94,24900994
337.0,34.97,34.99,34.00,34.04,30131055
336.0,35.09,35.41,34.80,34.83,18644138
335.0,35.00,35.20,34.71,35.09,23352203
364.0,34.55,34.90,34.43,34.77,20131700
361.0,34.54,34.68,34.40,34.46,6620757
359.0,34.26,34.74,34.14,34.45,17939406
358.0,34.33,34.44,33.90,34.36,21364546
357.0,34.72,34.85,34.41,34.48,20097094
354.0,34.48,35.29,34.48,34.66,36892008
353.0,33.22,34.73,33.13,34.30,45091136
352.0,32.73,33.24,32.62,33.16,18311170
351.0,32.15,32.88,32.01,32.64,22352653
350.0,32.09,32.26,31.93,32.10,29362198
347.0,32.27,32.38,31.96,32.11,22927282
346.0,32.71,32.92,32.39,32.40,22949159
345.0,33.16,33.38,32.80,32.86,19823084
344.0,33.17,33.27,32.81,33.21,21905316
343.0,33.60,33.83,33.08,33.35,24012086
340.0,33.93,33.97,33.41,33.84,23619650
339.0,34.10,34.20,33.73,34.00,16469657
338.0,34.27,34.27,33.90,34.15,20734848
337.0,34.00,34.41,33.98,34.31,17857606
336.0,33.73,34.28,33.64,34.11,21515976
333.0,34.10,34.29,33.86,33.86,24550346
332.0,34.20,34.29,33.77,34.03,21224174
331.0,34.47,34.71,34.12,34.71,21802897
330.0,34.41,34.55,34.31,34.47,22034282
329.0,34.77,34.96,34.55,34.59,22603479
326.0,34.54,35.03,34.40,34.90,42674967
325.0,33.70,34.50,33.59,34.40,38555833
324.0,33.67,34.05,33.32,33.37,31928790
323.0,33.40,33.70,33.31,33.44,24301012
322.0,32.88,33.62,32.87,33.59,37017400
319.0,32.75,33.20,32.48,33.04,28659157
318.0,32.84,33.06,32.46,32.75,36909756
317.0,31.39,32.93,30.85,32.80,75750751
316.0,32.02,32.48,31.98,32.04,34227345
315.0,32.16,32.32,32.00,32.21,18750128
312.0,32.37,32.55,31.94,32.14,23810718
311.0,32.23,32.60,31.98,32.52,27672359
310.0,32.00,32.42,31.72,32.32,36796100
309.0,31.16,31.85,31.11,31.74,34899798
308.0,30.73,31.38,30.56,31.21,33689364
305.0,29.67,30.52,29.53,30.51,27644563
304.0,30.21,30.28,29.46,30.00,29314507
303.0,29.56,30.32,29.54,30.14,40840801
302.0,28.83,29.35,28.76,29.24,33790641
301.0,28.68,29.36,28.64,28.76,41796066
298.0,28.94,29.12,28.63,28.81,29042129
297.0,28.38,28.67,27.87,28.48,32437480
296.0,29.02,29.09,28.59,28.74,25769999
295.0,28.67,28.90,28.48,28.67,26593221
294.0,29.09,29.34,28.94,29.16,24179487
291.0,29.22,29.42,28.80,29.02,60138714
290.0,29.62,30.20,29.55,29.71,29468940
289.0,29.62,29.79,29.40,29.77,25932009
288.0,29.56,29.94,29.48,29.73,29399903
287.0,29.47,29.53,29.09,29.39,24063694
284.0,29.08,29.52,29.04,29.47,21611726
283.0,29.18,29.66,28.90,29.27,25121514
282.0,29.72,30.12,29.17,29.24,30669930
281.0,28.98,29.50,28.95,29.50,27636395
277.0,28.57,28.90,28.41,28.52,28949235
276.0,28.80,29.42,28.69,29.08,38312942
275.0,28.35,28.60,28.14,28.60,34239270
274.0,27.91,28.17,27.66,27.82,43630148
273.0,28.33,29.13,28.16,28.54,42197540
270.0,27.67,28.61,27.45,28.42,43004123
269.0,27.72,27.91,27.01,27.72,38254366
268.0,26.51,27.34,26.08,27.30,46911671
267.0,27.04,27.15,25.87,25.87,58673070
266.0,25.20,27.63,24.87,26.25,82795502
263.0,27.33,27.63,26.56,26.56,51667557
262.0,28.03,28.24,27.53,27.53,31492021
261.0,28.65,28.80,28.28,28.36,30530143
260.0,28.95,29.05,28.80,28.91,19182638
259.0,28.83,29.20,28.71,29.08,15548322
256.0,28.92,29.04,28.82,29.02,14302700
255.0,29.40,29.45,28.87,28.87,18821945
254.0,28.66,29.57,28.66,29.46,33639471
253.0,29.47,29.48,28.96,28.97,23758859
252.0,29.07,29.68,29.06,29.64,22807360
249.0,28.80,28.96,28.69,28.88,25606125
248.0,29.16,29.23,28.84,29.01,27958192
247.0,29.19,29.39,29.02,29.12,23622731
246.0,28.98,29.15,28.86,29.13,25741719
245.0,29.00,29.35,28.90,29.05,26213584
243.0,29.12,29.12,28.77,28.95,27158763
242.0,29.10,29.45,28.85,28.91,26582443
241.0,28.95,29.13,28.79,29.01,26470181
240.0,28.51,29.18,28.44,28.96,33182433
239.0,28.07,28.42,27.62,28.35,42161050
236.0,28.53,28.64,28.06,28.06,31621031
235.0,28.66,28.97,28.43,28.60,33775157
234.0,28.57,28.85,28.43,28.60,36387172
233.0,28.96,29.26,28.67,28.72,45190988
232.0,29.62,29.62,29.06,29.10,33812936
229.0,29.66,29.80,29.10,29.47,43697631
228.0,30.47,30.48,29.10,29.90,81166689
227.0,29.65,29.99,29.46,29.69,47852544
226.0,29.66,30.11,29.44,29.65,39778254
225.0,29.27,29.82,29.19,29.73,26452360
222.0,29.20,29.35,28.94,29.17,31423799
221.0,29.72,29.89,28.82,28.93,47167803
220.0,29.40,29.67,29.15,29.50,45223830
219.0,29.87,29.93,29.09,29.90,43833713
218.0,30.24,30.45,29.84,30.04,32468065
214.0,30.18,30.92,30.10,30.56,27105223
213.0,30.49,30.55,30.01,30.18,27178920
211.0,30.63,30.69,30.15,30.42,34412200
210.0,30.70,30.98,30.30,30.39,35194454
207.0,31.51,31.53,30.76,31.02,62157179
206.0,32.02,32.32,31.99,31.99,22743275
205.0,32.15,32.15,31.88,31.91,23313889
204.0,32.30,32.34,31.93,32.08,17995949
203.0,32.26,32.38,32.08,32.26,23608409
200.0,32.40,32.57,31.96,32.07,39008379
199.0,32.08,32.50,32.00,32.38,27722373
198.0,31.75,32.09,31.69,31.95,28194229
197.0,31.26,31.76,31.13,31.64,20254468
196.0,31.12,31.51,30.94,31.39,23174992
193.0,31.72,32.10,31.20,31.32,31629752
192.0,31.95,32.10,31.84,31.85,24293627
191.0,31.46,32.16,31.37,31.82,33336820
190.0,31.33,31.66,31.15,31.25,33976735
189.0,31.81,31.95,31.21,31.30,38171576
186.0,32.28,32.30,31.83,31.84,27778516
185.0,32.51,32.72,32.20,32.31,33761835
184.0,33.17,33.24,32.59,32.73,38138690
183.0,33.64,33.75,33.14,33.27,36351102
182.0,34.37,34.59,33.68,33.90,46734502
179.0,34.24,34.75,34.21,34.46,43545500
178.0,33.74,34.15,33.68,34.01,27065690
177.0,33.20,33.85,33.13,33.71,30172655
176.0,33.27,33.29,32.84,33.10,28594511
172.0,33.47,33.51,33.32,33.45,20845033
171.0,33.21,33.56,33.07,33.55,21269776
170.0,33.06,33.50,33.01,33.37,21359801
169.0,33.36,33.38,32.99,33.15,21867134
168.0,32.98,33.41,32.85,33.41,23689479
165.0,33.09,33.12,32.75,32.99,17149694
164.0,32.86,33.13,32.77,32.97,21098939
163.0,32.27,32.90,32.27,32.64,20470841
162.0,32.44,32.50,32.00,32.25,24530199
161.0,32.68,32.71,32.43,32.69,18358579
158.0,32.51,32.88,32.34,32.80,26926511
157.0,32.27,32.63,32.18,32.24,21475299
156.0,32.50,32.79,31.93,32.22,31985381
155.0,33.00,33.10,32.56,32.64,29779184
154.0,33.27,33.50,33.22,33.43,21397275
151.0,32.63,33.49,32.62,33.42,27091249
150.0,32.71,32.85,32.30,32.55,22013324
149.0,32.56,33.00,32.55,32.88,21819019
148.0,32.30,33.04,32.23,33.02,29572822
147.0,32.08,32.69,32.08,32.50,25869583
144.0,32.41,32.48,32.02,32.08,22759909
143.0,32.04,32.41,32.01,32.35,23775289
142.0,32.41,32.72,32.04,32.70,21144178
141.0,32.93,32.97,32.28,32.43,19023835
140.0,32.61,32.79,32.53,32.73,20649257
137.0,32.51,32.70,32.22,32.47,30593601
136.0,32.85,32.99,32.70,32.87,28903195
135.0,32.26,32.99,32.06,32.83,61083450
134.0,31.68,31.94,31.27,31.49,39754018
133.0,31.81,32.05,31.71,31.73,23489022
130.0,31.33,31.94,31.33,31.93,28084894
129.0,30.68,31.62,30.57,31.24,34167586
128.0,31.23,31.56,31.06,31.31,18250252
127.0,31.07,31.58,31.00,31.26,23258261
126.0,30.81,31.24,30.45,31.04,21490933
122.0,30.80,31.23,30.67,30.81,20909633
121.0,31.13,31.32,30.65,30.81,31532086
120.0,31.43,31.93,31.20,31.27,32098463
119.0,31.66,32.10,31.30,31.46,51391541
116.0,30.01,33.00,29.85,32.00,73857226
115.0,29.50,30.40,29.31,30.08,45450135
114.0,30.81,30.88,29.86,29.89,37690971
113.0,31.16,31.32,30.74,30.79,28471374
112.0,31.29,31.79,31.20,31.20,29693951
109.0,30.99,31.62,30.93,31.31,64777075
108.0,30.78,31.10,30.69,30.74,27414230
107.0,30.41,31.20,30.30,30.89,39834081
106.0,30.58,30.73,30.41,30.59,29215599
105.0,30.93,31.11,30.65,30.83,33074615
102.0,30.63,30.98,30.36,30.93,47954708
101.0,31.01,31.60,30.58,30.80,107402364
100.0,31.97,32.96,31.95,32.33,49683649
99.0,32.24,32.41,31.50,31.70,50278887
98.0,33.20,33.27,32.48,32.72,33058791
95.0,33.54,33.68,33.08,33.19,32373136
94.0,34.26,34.50,33.59,33.73,21225807
93.0,33.86,34.41,33.72,34.12,23005798
92.0,33.95,34.38,33.91,34.10,27331977
91.0,33.29,34.12,33.12,34.06,25406355
86.0,33.63,33.64,33.21,33.25,24427300
85.0,33.62,33.88,33.43,33.65,25928435
84.0,34.03,34.15,33.73,33.94,24686267
83.0,33.61,34.49,33.51,34.41,29607469
82.0,34.40,34.50,33.58,33.76,25565529
79.0,34.15,34.57,33.91,34.41,20955571
78.0,34.25,34.42,34.05,34.21,11017541
77.0,34.65,34.71,34.19,34.26,19992887
76.0,34.40,34.75,34.26,34.74,19374148
72.0,34.25,34.36,33.94,34.36,18037927
71.0,33.98,34.13,33.76,34.12,20056660
70.0,33.67,33.76,33.32,33.55,18364236
69.0,33.20,33.73,33.05,33.70,20200009
68.0,33.00,33.24,32.67,32.93,28705479
65.0,33.92,34.00,33.14,33.30,29342447
64.0,33.68,33.99,33.45,33.94,20491447
63.0,33.67,33.84,33.30,33.60,25052751
62.0,33.78,34.05,32.61,33.70,36038320
61.0,33.06,33.75,32.65,33.65,38733750
58.0,33.70,33.98,33.00,33.04,38719736
57.0,33.84,34.28,33.46,34.21,29569376
56.0,34.47,34.70,33.72,33.78,34929097
55.0,34.40,34.72,33.55,34.18,58456203
54.0,36.18,36.30,35.57,35.80,30906818
51.0,36.96,37.03,36.38,36.44,27427055
50.0,36.56,37.00,36.14,36.91,31809899
49.0,35.85,36.68,35.77,36.48,27442597
48.0,36.10,36.46,35.56,36.09,35929420
44.0,36.12,36.66,35.51,36.45,62812193
43.0,36.52,36.88,36.03,36.19,47181771
42.0,36.33,36.91,35.91,36.35,34250293
41.0,36.87,37.49,36.29,36.50,31477952
40.0,36.90,37.00,36.23,36.60,29400781
37.0,36.77,37.11,36.40,36.76,22850524
36.0,36.37,37.00,36.26,36.69,31765371
35.0,35.64,36.07,35.27,36.02,27725167
34.0,36.08,36.23,35.26,35.28,30847578
33.0,36.20,36.45,35.94,35.95,32784975
30.0,36.67,37.16,36.11,36.36,23605607
365.0,36.63,37.04,36.29,36.29,20393618
364.0,37.08,37.19,36.76,36.76,15214093
363.0,37.45,37.52,37.17,37.18,12203309
360.0,37.52,37.74,37.52,37.55,14037176
358.0,37.47,37.60,37.18,37.44,12109122
357.0,37.40,37.70,37.30,37.43,22169713
356.0,36.39,37.26,36.39,37.21,29227071
353.0,37.02,37.16,36.23,36.37,76786814
352.0,36.75,37.02,36.43,37.02,32128124
351.0,35.62,36.33,35.33,36.24,31637748
350.0,35.86,36.50,35.56,35.56,31166334
349.0,36.39,36.78,35.90,35.92,30633423
346.0,36.45,36.82,36.22,36.22,29322529
345.0,36.50,37.21,36.44,36.70,25090084
344.0,36.93,37.02,36.30,36.42,27499869
343.0,36.67,37.09,36.30,36.89,28487318
342.0,37.46,37.73,36.94,37.20,28134819
339.0,37.57,37.90,37.52,37.67,20527600
338.0,37.40,37.46,37.04,37.46,23397863
337.0,37.68,37.89,37.41,37.43,30660821
336.0,37.18,37.60,37.18,37.60,28361104
335.0,37.21,37.62,36.90,37.17,30904004
362.0,37.04,37.69,36.94,37.25,19128510
360.0,36.37,36.99,36.28,36.90,24062025
359.0,36.36,36.48,36.15,36.32,29093173
358.0,35.89,36.43,35.84,36.25,33321144
355.0,35.98,36.46,35.50,35.59,56721572
354.0,34.14,35.97,34.00,35.95,61994706
353.0,34.69,34.79,34.25,34.35,21289619
352.0,34.19,34.90,34.16,34.71,30676720
351.0,33.82,34.25,33.76,34.24,17646285
348.0,33.75,33.97,33.35,33.95,18104633
347.0,33.35,33.86,33.34,33.68,26449256
346.0,33.23,33.42,33.00,33.38,22864222
345.0,33.36,33.54,33.20,33.31,19676704
344.0,33.43,33.49,33.08,33.26,30653627
341.0,33.98,34.00,33.19,33.58,27604495
340.0,33.69,34.23,33.41,33.82,25240559
339.0,34.05,34.10,33.60,33.76,34705503
338.0,34.25,34.78,34.20,34.54,34695928
337.0,33.81,34.48,33.79,34.31,28703617
334.0,33.74,34.01,33.18,34.01,52089698
333.0,33.58,33.61,32.40,32.58,55217857
332.0,33.76,33.97,33.51,33.92,24615225
331.0,33.23,33.75,33.23,33.74,21859946
330.0,33.08,33.30,32.77,33.20,23751948
327.0,32.72,33.33,32.57,33.18,27814900
326.0,32.72,32.91,32.60,32.69,22255305
325.0,32.66,32.87,32.22,32.27,26725598
324.0,31.67,32.62,31.58,32.61,33281716
323.0,31.04,31.70,30.90,31.58,30523697
320.0,31.20,31.71,30.97,31.38,37504513
319.0,30.89,31.51,30.75,30.85,47787439
318.0,30.54,31.65,29.65,31.28,92309007
317.0,31.99,32.66,31.71,32.14,68671035
316.0,31.72,32.37,31.47,31.47,42117454
313.0,32.62,32.86,30.50,31.91,80917567
312.0,34.15,34.43,33.58,33.62,28192889
311.0,33.49,34.37,33.14,34.27,34963367
310.0,34.04,34.05,33.42,33.47,25972716
309.0,34.15,34.48,33.87,34.11,24323080
306.0,33.66,34.18,33.47,34.03,25834842
305.0,33.96,34.00,33.26,33.52,32911575
304.0,34.61,34.78,33.84,33.99,35095646
303.0,34.90,35.00,34.41,34.82,35274555
302.0,34.06,34.99,33.94,34.90,29003106
299.0,34.26,34.36,33.63,34.26,25883498
298.0,34.68,34.79,33.88,34.14,34644687
297.0,34.40,34.85,34.37,34.75,18829270
296.0,34.71,34.71,34.38,34.42,25691469
295.0,34.78,35.03,34.55,34.71,25448163
292.0,35.16,35.22,34.82,34.82,46860142
291.0,35.12,35.17,34.86,35.17,23815486
290.0,34.91,35.20,34.74,34.98,26278958
289.0,34.47,35.08,34.47,34.93,20878492
288.0,34.71,34.77,34.23,34.54,22438275
285.0,34.90,34.91,34.50,34.62,26733700
284.0,34.79,35.02,34.53,35.02,21958239
283.0,34.85,35.13,34.67,35.02,19964378
282.0,35.29,35.29,34.85,34.91,22334672
281.0,34.96,35.56,34.88,35.33,24860766
278.0,34.92,35.12,34.83,35.00,20842220
277.0,34.53,35.09,34.52,34.90,27633583
276.0,34.82,34.88,34.45,34.57,26668973
275.0,34.76,34.91,34.43,34.57,32095584
271.0,34.81,34.94,34.67,34.92,32305331
270.0,34.61,34.81,34.61,34.65,18908864
269.0,34.89,34.94,34.63,34.79,17168931
268.0,34.79,35.05,34.69,34.80,19664736
267.0,35.09,35.15,34.65,34.81,18614486
264.0,35.20,35.20,34.91,34.94,21197845
263.0,34.46,35.19,34.45,35.15,37164868
262.0,34.23,34.51,34.18,34.50,27142650
261.0,34.50,34.50,34.25,34.34,29283445
260.0,34.26,34.47,33.98,34.41,27233549
257.0,34.10,34.21,33.71,34.17,28582224
256.0,34.05,34.23,33.74,33.94,25457954
255.0,33.24,34.15,33.23,34.10,36291008
254.0,32.91,33.15,32.68,33.13,24814652
253.0,32.82,33.24,32.81,33.02,27723925
250.0,32.78,33.00,32.54,32.60,35489572
249.0,32.93,33.15,32.54,32.68,27823411
248.0,32.60,33.19,32.39,32.84,27924094
247.0,34.05,33.78,32.60,32.82,49851005
246.0,33.79,34.09,33.55,34.05,27250118
243.0,33.75,34.03,33.61,33.74,33472580
243.0,34.09,34.25,33.81,33.89,35432286
242.0,34.31,34.57,34.04,34.35,32788878
241.0,34.27,34.37,34.09,34.19,26143454
240.0,34.23,34.32,33.88,34.23,30975052
237.0,34.15,34.37,33.93,34.25,31614014
236.0,34.38,34.68,34.10,34.25,33180903
235.0,34.68,34.71,34.30,34.50,26078170
234.0,34.16,34.83,34.07,34.79,42920550
233.0,33.55,34.23,33.54,34.06,32097230
230.0,33.80,33.84,33.39,33.70,46530079
229.0,34.20,34.36,33.63,33.70,70591117
228.0,33.31,34.74,33.21,34.65,135893228
227.0,31.58,31.80,31.16,31.71,61218169
226.0,31.41,31.58,31.34,31.49,24251533
223.0,31.26,31.45,31.04,31.25,20053217
222.0,30.60,31.33,30.44,31.26,32458765
221.0,30.84,30.98,30.69,30.89,28302427
220.0,31.00,31.08,30.70,30.79,37614506
219.0,31.09,31.20,30.92,31.03,22237033
215.0,31.08,31.36,31.02,31.14,20437633
214.0,30.99,31.05,30.80,30.98,16831171
213.0,30.99,31.09,30.87,30.98,28240458
211.0,30.87,31.00,30.66,30.90,21562544
208.0,30.87,31.00,30.70,30.93,30776510
207.0,30.81,30.90,30.61,30.78,26728433
206.0,30.48,31.00,30.44,30.88,44294569
205.0,30.16,30.83,30.09,30.50,53398112
204.0,30.10,30.31,29.85,30.23,26529643
201.0,30.07,30.20,30.03,30.20,39829862
200.0,29.97,30.09,29.89,30.09,27166851
199.0,29.88,29.98,29.67,29.93,34412750
198.0,29.88,30.10,29.84,29.95,28441218
197.0,29.72,30.15,29.67,30.01,36407788
194.0,29.75,30.06,29.56,29.87,122194302
193.0,27.86,28.10,27.77,27.96,31211438
192.0,28.14,28.21,27.80,27.93,27749284
191.0,27.85,28.33,27.72,28.24,34260634
190.0,28.10,28.42,27.83,27.91,39934314
187.0,27.78,28.21,27.73,28.17,34795599
186.0,27.56,27.66,27.43,27.66,26546297
185.0,27.51,27.76,27.50,27.60,21612727
184.0,27.22,27.70,27.12,27.66,33257030
183.0,27.31,27.35,27.12,27.26,20265670
180.0,26.94,27.32,26.93,27.32,43641005
179.0,26.91,26.96,26.72,26.96,20640029
178.0,26.70,26.94,26.66,26.88,27150171
177.0,26.33,26.74,26.18,26.71,27271940
173.0,26.15,26.30,26.14,26.29,17178021
172.0,26.21,26.27,26.08,26.15,15926522
171.0,26.10,26.25,26.00,26.20,18721592
170.0,26.02,26.17,25.88,26.04,22293213
169.0,25.75,26.09,25.75,26.04,22680849
166.0,26.05,26.07,25.74,25.82,30017576
165.0,26.33,26.50,26.01,26.01,31752745
164.0,26.49,26.52,26.33,26.33,17811913
163.0,26.49,26.54,26.33,26.45,20524972
162.0,26.41,26.54,26.30,26.37,20607769
159.0,26.37,26.41,26.22,26.30,20324413
158.0,26.32,26.53,26.22,26.34,24168530
157.0,26.26,26.45,26.22,26.37,24693262
156.0,26.16,26.38,26.00,26.20,21818282
155.0,26.16,26.26,25.99,26.17,20738950
152.0,26.56,26.64,26.40,26.41,24236459
151.0,26.51,26.67,26.39,26.45,19755249
150.0,26.32,26.70,26.22,26.69,25863926
149.0,26.36,26.66,26.35,26.48,22146001
148.0,26.17,26.39,26.01,26.33,33472820
145.0,26.65,26.72,26.18,26.26,33617211
144.0,26.81,26.96,26.64,26.75,25432837
143.0,26.80,26.97,26.72,26.75,25581417
142.0,26.91,26.98,26.66,26.84,29602313
141.0,27.05,27.05,26.73,26.95,20399688
137.0,26.88,27.16,26.79,27.04,38112609
136.0,26.98,27.24,26.60,26.93,59037351
135.0,26.51,26.83,26.36,26.77,45074434
134.0,26.31,26.65,26.14,26.56,26958006
131.0,26.27,26.59,26.17,26.18,36126904
130.0,27.01,27.09,26.36,26.42,40478238
129.0,26.93,27.02,26.73,26.98,34481773
128.0,26.36,26.98,26.35,26.91,56699485
127.0,26.30,26.74,26.20,26.48,49813483
124.0,26.49,26.73,26.10,26.16,47918021
123.0,26.15,26.46,26.14,26.41,38581278
122.0,25.96,26.05,25.64,25.89,22464708
121.0,25.80,26.00,25.64,25.99,23779846
120.0,25.65,26.06,25.62,25.81,29336281
117.0,25.41,25.81,25.32,25.62,22884455
116.0,25.36,25.75,25.29,25.31,27209145
115.0,25.59,25.74,25.32,25.38,26442817
114.0,25.19,25.67,25.17,25.46,32317416
113.0,25.21,25.38,24.92,25.12,36951569
110.0,25.61,25.68,25.16,25.17,56864569
109.0,25.00,25.59,24.94,25.42,37009068
108.0,24.85,25.25,24.77,25.02,34229423
107.0,24.68,24.90,24.55,24.82,26344019
106.0,24.64,24.82,24.49,24.70,18525794
103.0,24.48,24.64,24.40,24.50,21807232
102.0,24.80,25.00,24.43,24.57,26243253
101.0,24.65,24.88,24.61,24.76,21259016
100.0,24.78,24.85,24.61,24.73,26695627
99.0,24.61,24.89,24.58,24.84,24945279
96.0,24.70,24.85,24.57,24.64,25380925
95.0,24.57,24.65,24.38,24.63,22416271
94.0,24.70,24.71,24.40,24.50,21071351
93.0,24.72,24.78,24.50,24.61,23714667
92.0,24.55,24.59,24.30,24.50,25754580
87.0,24.79,24.84,24.57,24.76,23483725
86.0,24.80,24.80,24.51,24.76,20866873
85.0,24.74,24.98,24.61,24.80,19820163
84.0,24.67,24.71,24.46,24.62,21613463
83.0,24.51,24.88,24.41,24.63,24173569
80.0,24.95,24.96,24.35,24.42,30617671
79.0,24.54,24.85,24.50,24.74,20230664
78.0,24.65,24.72,24.42,24.50,25743616
77.0,24.67,24.78,24.55,24.76,17749250
73.0,24.58,24.76,24.41,24.76,20592672
72.0,24.43,24.74,24.31,24.70,22940043
71.0,24.51,24.69,24.37,24.55,25925263
70.0,24.35,24.52,24.33,24.47,17947958
69.0,24.11,24.37,24.06,24.29,24571791
66.0,24.20,24.26,23.77,24.20,30885856
65.0,23.60,24.08,23.55,23.99,28049363
64.0,23.70,23.76,23.50,23.52,32484587
63.0,23.99,24.04,23.58,23.82,50888089
62.0,24.50,24.51,23.89,23.95,52928170
59.0,24.45,24.65,24.40,24.54,28858179
58.0,24.75,24.89,24.54,24.74,24624111
57.0,24.75,24.96,24.63,24.68,27180053
56.0,24.71,25.04,24.57,24.90,32485557
55.0,24.77,24.99,24.66,24.72,32582499
52.0,24.88,25.19,24.79,24.81,35200630
51.0,25.17,25.25,24.90,25.13,40281051
50.0,25.39,25.54,25.15,25.31,48797804
49.0,25.85,25.80,25.27,25.59,42325495
45.0,25.36,25.86,25.25,25.85,112538007
44.0,26.64,26.74,26.32,26.54,49521751
43.0,26.72,27.12,26.61,26.67,58315241
42.0,26.01,26.55,25.90,26.51,74158157
41.0,25.63,25.99,25.42,25.50,40304830
38.0,25.50,25.85,25.50,25.53,30620993
37.0,25.42,25.55,25.25,25.31,20888496
36.0,25.64,25.71,25.30,25.43,29685075
35.0,25.54,25.73,25.46,25.58,19684835
34.0,25.77,25.79,25.45,25.46,31831801
31.0,25.86,25.90,25.60,25.78,27803865
30.0,25.78,25.82,25.47,25.79,31843697
365.0,25.81,26.04,25.77,25.96,22809682
364.0,25.67,25.85,25.60,25.85,19788908
361.0,25.75,25.80,25.48,25.60,12972781
360.0,25.43,25.70,25.43,25.70,16958540
358.0,25.38,25.62,25.35,25.43,12157877
357.0,25.27,25.43,25.18,25.32,28120814
354.0,25.15,25.35,25.04,25.06,55383979
353.0,25.11,25.24,24.89,25.14,31880650
352.0,24.73,25.20,24.53,25.15,42686950
351.0,24.38,24.77,24.38,24.66,28165241
350.0,24.42,24.71,24.33,24.45,25061185
347.0,24.22,24.49,24.16,24.29,20634285
346.0,24.69,24.89,24.42,24.47,21917817
345.0,24.75,24.88,24.40,24.42,24682422
344.0,24.85,24.97,24.66,24.82,18203665
343.0,24.84,25.08,24.68,24.93,29618358
340.0,24.97,25.25,24.75,24.82,53874561
339.0,23.82,24.35,23.75,24.26,45404927
338.0,23.52,23.85,23.52,23.74,43501471
337.0,23.69,23.73,23.40,23.55,35072177
336.0,24.00,24.00,23.65,23.70,25686740
363.0,23.90,23.99,23.76,23.84,13802865
361.0,23.64,23.92,23.52,23.90,28419157
360.0,23.79,23.84,23.52,23.65,30602711
359.0,24.02,24.02,23.50,23.75,43394042
356.0,24.50,24.51,23.84,23.87,77908144
355.0,24.61,25.29,24.52,25.23,44050581
354.0,24.70,24.82,24.46,24.56,20288748
353.0,24.74,24.87,24.61,24.70,24870201
352.0,24.61,24.70,24.48,24.60,24712483
349.0,24.40,24.55,24.25,24.52,22866454
348.0,24.43,24.50,24.35,24.38,20198931
347.0,24.25,24.62,24.20,24.60,22990316
346.0,23.99,24.50,23.98,24.43,37816024
345.0,24.04,24.29,23.93,24.17,19236745
342.0,24.03,24.12,23.84,24.09,31502897
341.0,24.37,24.38,24.00,24.06,25631064
340.0,24.06,24.31,23.89,24.24,25525728
339.0,23.92,24.11,23.77,24.03,22849924
338.0,24.32,24.40,24.15,24.26,26639821
335.0,24.51,24.65,24.22,24.32,28305937
334.0,24.52,24.73,24.43,24.47,30902030
333.0,24.53,24.68,24.40,24.50,24096164
332.0,24.40,24.67,24.35,24.52,29961745
331.0,24.18,24.49,24.17,24.36,65581627
328.0,24.11,24.24,24.02,24.24,59634667
327.0,23.86,23.97,23.78,23.78,47590182
326.0,23.93,24.05,23.56,23.74,31651063
325.0,24.17,24.20,24.01,24.07,29010789
324.0,23.94,24.17,23.82,24.14,35297562
321.0,23.86,23.98,23.68,23.88,29579081
320.0,23.58,23.94,23.49,23.92,28694879
319.0,23.26,23.74,23.22,23.70,47723436
318.0,23.40,23.59,23.32,23.39,42957663
317.0,23.08,23.49,23.03,23.45,27176739
314.0,22.83,23.26,22.82,23.26,24550617
313.0,22.98,23.22,22.92,23.10,39189449
312.0,22.51,22.96,22.48,22.59,40435399
311.0,22.87,22.88,22.48,22.48,36111185
310.0,22.71,23.00,22.57,22.83,21329903
307.0,22.60,22.85,22.60,22.81,22550850
306.0,22.82,22.84,22.50,22.60,34888536
305.0,22.71,22.90,22.67,22.88,23212646
304.0,22.94,23.04,22.70,22.83,25888784
303.0,22.72,23.17,22.60,22.92,32489648
300.0,23.21,23.39,22.88,22.98,28927780
299.0,23.75,23.80,23.20,23.41,32003269
298.0,23.78,23.81,23.58,23.70,19879861
297.0,23.58,23.85,23.58,23.70,24410084
296.0,23.70,23.85,23.61,23.62,22441558
293.0,23.94,23.96,23.57,23.77,47068978
292.0,23.96,24.08,23.84,23.92,28261402
291.0,23.85,23.92,23.56,23.90,31984202
290.0,23.69,23.89,23.67,23.74,37540658
289.0,23.63,23.71,23.35,23.39,30256854
286.0,23.05,23.46,23.04,23.44,61134772
285.0,22.78,22.84,22.60,22.63,29519152
284.0,22.91,22.98,22.71,22.81,38794164
283.0,23.07,23.13,22.93,22.98,31707770
282.0,22.72,23.03,22.70,22.91,27770557
279.0,22.69,22.82,22.40,22.67,27610492
278.0,22.68,22.73,22.49,22.60,22552729
277.0,22.38,22.78,22.28,22.64,37951407
276.0,22.21,22.24,21.97,22.07,26428342
272.0,22.24,22.25,21.90,21.98,33896245
271.0,22.24,22.44,22.04,22.06,28308224
270.0,22.20,22.41,22.13,22.28,28091782
269.0,22.12,22.22,22.00,22.19,37638472
268.0,22.40,22.52,22.23,22.28,22267723
265.0,22.34,22.57,22.33,22.44,23088692
264.0,22.26,22.39,22.17,22.26,17380589
263.0,22.54,22.58,22.06,22.17,32403299
262.0,22.31,22.68,22.30,22.52,32084301
261.0,22.08,22.70,22.05,22.28,43419052
258.0,22.06,22.19,21.89,21.92,30086549
257.0,22.28,22.41,21.97,22.03,40451126
256.0,22.40,22.74,22.35,22.57,23202466
255.0,22.69,22.70,22.39,22.52,26101706
254.0,22.48,22.70,22.45,22.64,23521573
251.0,22.41,22.55,22.31,22.51,25146264
250.0,22.75,22.78,22.41,22.45,34796899
249.0,22.71,22.79,22.55,22.70,23350895
248.0,22.88,22.93,22.71,22.80,28847106
247.0,23.00,23.02,22.85,22.92,20875722
244.0,23.18,23.22,23.00,23.22,36242101
243.0,23.41,23.49,23.02,23.20,37832634
243.0,23.37,23.46,23.26,23.34,27680406
242.0,23.30,23.50,23.28,23.38,28858119
241.0,23.17,23.30,23.07,23.24,85543536
238.0,22.94,23.26,22.90,23.26,110479611
237.0,22.85,23.06,22.82,23.06,114566891
236.0,22.93,23.00,22.63,22.93,33432617
235.0,22.85,22.99,22.64,22.75,28523652
234.0,23.07,23.12,22.73,22.77,35890877
231.0,23.11,23.15,22.81,23.04,45875736
230.0,23.47,23.61,23.16,23.24,77863876
229.0,24.30,24.43,24.04,24.15,44084112
228.0,24.00,24.30,23.90,24.25,34499286
227.0,23.84,23.97,23.76,23.94,25650750
224.0,23.95,24.00,23.65,23.90,34563307
223.0,23.56,24.00,23.47,23.99,41315910
222.0,23.14,23.30,22.64,23.25,50037456
221.0,23.30,23.42,23.11,23.14,34747781
220.0,23.86,23.91,23.03,23.18,68832396
217.0,23.95,24.08,23.68,24.06,17837832
215.0,23.70,23.90,23.45,23.76,18167164
214.0,23.87,24.04,23.54,23.72,28293568
213.0,24.35,24.42,23.84,23.89,29701494
209.0,23.93,24.41,23.73,24.23,80413820
208.0,24.10,24.35,24.01,24.05,25565547
207.0,24.20,24.24,23.89,24.00,33647912
206.0,23.83,23.94,23.57,23.88,34571452
205.0,24.08,24.22,23.41,23.58,49150221
202.0,24.31,24.35,24.09,24.20,67753451
201.0,24.73,24.75,24.10,24.18,63569376
200.0,25.49,25.68,25.00,25.00,28850122
199.0,25.07,25.65,25.07,25.46,36677351
198.0,25.11,25.35,24.91,25.10,42653010
195.0,25.02,25.14,24.84,24.92,24690993
194.0,24.46,25.01,24.40,24.99,27709957
193.0,24.96,25.00,24.41,24.46,24538384
192.0,24.83,25.08,24.63,24.71,27047719
191.0,24.71,25.09,24.64,25.01,29783771
188.0,24.40,24.70,24.22,24.59,35543558
187.0,24.75,24.94,24.27,24.65,40026694
186.0,25.11,25.28,24.65,24.70,53343574
185.0,25.56,25.98,25.35,25.36,68524049
184.0,25.16,25.45,24.83,25.24,76493424
181.0,24.23,24.71,24.13,24.28,47796670
180.0,24.28,24.50,24.21,24.21,26306929
179.0,23.96,24.38,23.89,24.27,31654258
178.0,24.16,24.40,24.00,24.08,31158321
174.0,23.92,24.04,23.58,23.92,30863048
173.0,23.88,24.12,23.84,24.05,38136445
172.0,24.13,24.53,23.94,24.07,49689245
171.0,24.10,24.25,24.00,24.15,37919972
170.0,24.08,24.25,24.00,24.08,31326157
167.0,24.12,24.22,23.90,24.04,36278248
166.0,24.06,24.40,23.93,23.94,29815251
165.0,23.89,24.20,23.81,24.20,33570199
164.0,24.08,24.17,23.78,23.84,36697465
163.0,24.41,24.49,24.03,24.08,28535193
160.0,24.42,24.54,24.35,24.50,22559539
159.0,24.20,24.57,24.10,24.36,31336269
158.0,24.04,24.29,23.96,24.25,24903239
157.0,23.97,24.25,23.94,24.15,38605523
156.0,24.17,24.21,23.85,23.91,31009084
153.0,24.22,24.22,23.95,23.96,30086351
152.0,23.73,24.15,23.67,24.11,33494273
151.0,23.82,24.17,23.81,23.99,38373731
150.0,23.72,24.00,23.64,23.95,41471153
149.0,23.44,23.83,23.40,23.76,102145799
146.0,23.31,23.56,23.14,23.40,101379072
145.0,23.65,23.87,23.32,23.38,109181732
144.0,23.28,23.79,23.24,23.66,54287639
143.0,22.98,23.45,22.93,23.38,62494015
142.0,22.48,22.94,22.35,22.88,52819796
139.0,22.27,22.45,22.21,22.44,49103813
138.0,22.05,22.40,21.90,22.24,76238038
137.0,21.79,22.14,21.57,21.93,79463639
136.0,21.47,21.93,21.42,21.92,64766913
135.0,21.50,21.71,21.36,21.38,38459138
132.0,21.74,21.80,21.47,21.68,34034793
131.0,21.73,21.91,21.49,21.82,59299768
130.0,21.72,22.42,21.71,22.26,67102818
129.0,21.11,21.89,21.06,21.75,61522740
128.0,20.89,21.09,20.80,21.09,34214691
125.0,20.94,20.97,20.75,20.94,36724443
124.0,21.05,21.19,20.96,21.14,28703623
123.0,21.45,21.50,21.01,21.05,36620726
122.0,21.52,21.58,21.32,21.46,28168028
121.0,21.67,21.70,21.32,21.43,33722266
117.0,21.85,21.91,21.60,21.84,33338697
116.0,21.62,21.98,21.51,21.83,45378436
115.0,21.28,21.77,21.25,21.76,39553689
114.0,21.39,21.42,21.08,21.15,32741027
111.0,21.15,21.34,21.08,21.33,30803194
110.0,21.01,21.14,20.90,21.04,32607512
109.0,21.31,21.36,21.11,21.18,29918955
108.0,21.26,21.36,21.01,21.14,42549394
107.0,21.24,21.49,21.19,21.26,35188245
104.0,21.61,21.70,21.27,21.38,52955004
103.0,21.74,21.85,21.51,21.65,28837853
102.0,21.56,21.70,21.46,21.66,24617820
101.0,21.66,21.73,21.45,21.64,28618678
100.0,21.53,21.74,21.28,21.69,42151975
97.0,21.95,22.04,21.46,21.58,44997953
96.0,21.80,21.99,21.75,21.89,42379932
95.0,21.53,21.78,21.51,21.75,37190642
94.0,21.34,21.59,21.30,21.51,38801017
93.0,21.16,21.29,20.96,21.27,47554032
90.0,20.79,21.19,20.66,21.03,45699184
87.0,20.91,21.08,20.82,20.88,34811131
86.0,20.60,21.04,20.51,20.93,46970239
85.0,20.49,20.85,20.41,20.58,67248599
84.0,20.57,20.65,20.23,20.23,41525543
81.0,20.32,20.49,20.10,20.42,34537678
80.0,20.75,20.76,20.12,20.25,60754485
79.0,21.09,21.10,20.70,20.73,46119735
78.0,21.18,21.21,21.06,21.08,31073759
74.0,21.23,21.30,20.99,21.12,33811619
73.0,21.13,21.28,21.06,21.23,35263020
72.0,21.22,21.30,21.14,21.25,21272456
71.0,21.03,21.25,20.99,21.19,28393517
70.0,21.00,21.06,20.92,21.03,18901625
67.0,20.90,21.09,20.88,21.00,28155318
66.0,20.97,20.97,20.70,20.81,41019682
65.0,21.16,21.20,20.91,20.99,32367068
64.0,21.14,21.33,21.06,21.18,30080738
63.0,21.30,21.38,21.15,21.16,38345564
60.0,21.19,21.36,21.09,21.36,31872593
59.0,21.30,21.32,21.02,21.04,36534069
58.0,21.29,21.46,21.22,21.37,34153463
57.0,21.09,21.30,21.01,21.28,105706005
56.0,21.01,21.09,20.99,21.05,105403377
53.0,21.04,21.07,20.88,20.96,107633730
52.0,21.10,21.18,20.93,20.95,58405402
51.0,21.20,21.22,21.04,21.11,42432236
50.0,21.28,21.29,21.03,21.17,51126765
46.0,21.36,21.44,21.03,21.25,143760042
45.0,22.12,23.06,22.11,22.68,101019600
44.0,21.91,22.20,21.85,22.11,36768305
43.0,21.95,22.13,21.78,21.88,33998459
42.0,21.98,22.13,21.75,22.00,35724489
39.0,21.80,22.07,21.77,22.00,44945784
38.0,21.61,21.82,21.53,21.80,44629665
37.0,21.22,21.47,21.20,21.45,34295106
36.0,21.23,21.56,21.02,21.09,48676730
35.0,21.28,21.45,21.18,21.25,36355891
32.0,21.36,21.39,21.05,21.16,30149719
31.0,21.40,21.48,21.14,21.32,41060281
30.0,21.15,21.38,21.05,21.38,47629713
365.0,20.24,20.66,20.16,20.62,41148403
362.0,20.35,20.49,20.21,20.23,25906819
361.0,20.70,20.76,20.31,20.51,31712232
360.0,20.74,20.93,20.64,20.65,22494176
358.0,20.65,20.73,20.51,20.64,14200785
355.0,20.66,20.85,20.48,20.76,62002279
354.0,21.21,21.24,20.88,21.03,34014897
353.0,21.07,21.31,20.86,21.10,52806572
352.0,20.68,20.99,20.57,20.96,41606350
351.0,20.55,20.69,20.36,20.57,34967744
348.0,20.52,20.74,20.35,20.53,34153874
347.0,20.63,20.92,20.44,20.49,41613895
346.0,20.86,20.99,20.54,20.67,48357865
345.0,20.16,20.74,20.15,20.65,51039795
344.0,20.15,20.17,19.98,20.08,27278498
341.0,20.33,20.36,20.03,20.16,41704645
340.0,19.99,20.29,19.97,20.16,46291151
339.0,19.94,20.02,19.74,19.85,45855549
338.0,19.63,20.05,19.61,19.97,57945692
337.0,19.88,19.92,19.50,19.54,50636903
364.0,19.63,19.77,19.42,19.56,51437510
363.0,19.83,20.04,19.46,19.53,64928942
362.0,19.89,20.11,19.64,20.09,43226214
361.0,19.95,20.19,19.92,19.93,44898108
360.0,19.69,19.92,19.62,19.88,67047830
357.0,19.53,19.84,19.51,19.72,51711398
355.0,19.52,19.55,19.23,19.36,95635985
354.0,19.88,19.88,19.35,19.51,85743290
353.0,19.99,20.45,19.73,20.25,69433790
350.0,20.07,20.26,19.77,20.19,50860123
349.0,20.01,20.29,19.98,20.03,45740033
348.0,20.42,20.50,19.95,19.96,58961209
347.0,20.57,20.82,20.18,20.28,56379188
346.0,20.88,20.91,20.65,20.76,27267452
343.0,20.81,21.14,20.80,20.80,35021478
342.0,20.90,21.13,20.82,20.83,38089923
341.0,21.54,21.55,20.90,20.91,70960098
340.0,21.73,22.00,21.63,21.73,49862931
339.0,22.02,22.11,21.72,21.84,48797373
336.0,22.39,22.54,22.02,22.06,51737555
335.0,21.76,22.41,21.72,22.26,50364216
334.0,22.01,22.09,21.59,21.63,40618002
329.0,21.77,22.02,21.60,21.95,92417424
328.0,21.58,21.75,21.51,21.69,79234201
327.0,21.73,21.74,21.41,21.46,33237750
326.0,21.32,21.77,21.30,21.59,47202228
325.0,21.40,21.56,21.30,21.46,36501777
322.0,21.67,21.69,21.22,21.26,55622220
321.0,21.82,21.86,21.60,21.67,42926980
320.0,21.27,21.98,21.26,21.79,99061992
319.0,21.99,22.47,21.95,22.35,80706915
318.0,21.53,21.90,21.50,21.73,49513763
315.0,21.58,21.85,21.40,21.48,46277941
314.0,21.87,21.88,21.52,21.68,36817447
313.0,21.90,22.00,21.70,21.76,47188810
312.0,22.16,22.19,21.85,21.90,66317340
311.0,22.62,22.62,22.40,22.51,29708078
308.0,22.66,22.90,22.58,22.68,38348355
307.0,22.58,22.62,22.27,22.46,52982312
306.0,22.86,22.97,22.49,22.55,49779589
305.0,22.89,23.00,22.66,22.84,36389344
304.0,22.75,23.17,22.68,22.76,55266053
301.0,23.06,23.06,22.59,22.66,47926538
300.0,22.76,23.14,22.65,23.08,43880654
299.0,22.57,22.75,22.48,22.64,49734618
298.0,22.95,22.96,22.51,22.54,49535056
297.0,22.93,22.95,22.52,22.80,48848531
294.0,23.22,23.27,23.01,23.12,56249066
293.0,23.09,23.18,22.99,23.18,33083719
292.0,23.50,23.51,23.14,23.15,39459735
291.0,23.31,23.52,23.14,23.37,41953136
290.0,23.29,23.44,23.16,23.31,36169871
287.0,23.45,23.54,23.23,23.37,47987874
286.0,23.01,23.41,22.83,23.36,52998246
285.0,23.39,23.58,23.06,23.19,44872479
284.0,23.30,23.65,23.20,23.34,54241191
283.0,23.95,24.60,23.17,23.26,80584598
280.0,24.13,24.70,24.01,24.19,86289482
279.0,24.47,25.10,24.46,25.10,40188756
278.0,24.40,24.78,24.19,24.39,38604189
277.0,25.03,25.06,24.27,24.42,40696298
273.0,24.50,25.00,24.48,24.83,43448215
272.0,24.57,24.64,24.15,24.27,37184069
271.0,24.93,24.96,24.54,24.67,60466739
270.0,24.79,25.01,24.68,25.00,33121059
269.0,24.86,24.94,24.75,24.84,34434214
266.0,25.05,25.07,24.70,24.91,45187476
265.0,25.58,25.58,24.93,25.04,51404063
264.0,25.89,26.01,25.66,25.73,33629348
263.0,26.33,26.34,25.99,26.11,31663615
262.0,26.22,26.33,26.10,26.23,25602646
259.0,26.57,26.63,26.21,26.33,30379903
258.0,26.44,26.65,26.34,26.59,25702363
257.0,26.23,26.47,26.19,26.27,26081909
256.0,26.80,26.81,26.38,26.48,27477260
255.0,26.76,26.83,26.41,26.69,23623918
252.0,26.70,26.90,26.53,26.88,24931993
251.0,26.64,26.89,26.57,26.70,26468323
250.0,26.48,26.74,26.30,26.60,27035385
249.0,26.46,26.64,26.35,26.50,27077715
248.0,26.22,26.56,26.20,26.31,24619427
245.0,26.25,26.35,25.98,26.23,30701165
244.0,25.74,26.26,25.68,25.91,34310626
243.0,25.83,26.00,25.67,25.93,29213201
243.0,25.76,26.04,25.70,25.70,26620959
242.0,25.98,26.20,25.68,25.76,25884833
239.0,25.68,26.07,25.47,26.02,33345265
238.0,25.59,25.84,25.34,25.50,37809371
237.0,25.02,25.52,25.00,25.13,34407797
236.0,25.19,25.22,24.79,25.00,33644080
235.0,25.05,25.36,24.80,25.26,36384178
232.0,25.87,26.00,25.50,25.52,48849277
231.0,26.35,26.35,25.82,26.06,36559764
230.0,25.20,26.42,25.05,26.21,67503408
229.0,25.33,25.66,24.85,25.38,63631492
228.0,25.23,25.31,25.00,25.13,36989228
225.0,24.80,25.39,24.76,25.25,35976152
224.0,25.16,25.17,24.68,24.74,53150570
223.0,25.57,25.62,25.22,25.39,34809146
222.0,25.85,26.42,25.44,25.56,47236659
221.0,26.05,26.21,25.81,26.17,27910108
218.0,26.44,26.50,25.93,26.16,32524051
217.0,26.81,26.84,26.37,26.55,20326846
215.0,26.72,26.86,26.56,26.86,12519339
214.0,26.51,26.73,26.39,26.66,21741083
210.0,26.28,26.65,26.21,26.65,35082291
209.0,26.00,26.03,25.45,25.83,40168255
208.0,26.11,26.34,26.06,26.22,23644209
207.0,26.16,26.28,25.74,26.00,34935513
206.0,26.60,26.65,25.88,26.05,41787218
203.0,26.88,26.96,26.67,26.94,100360636
202.0,27.51,27.59,26.61,26.71,47574614
201.0,27.48,27.75,27.38,27.64,28168003
200.0,27.59,27.63,27.25,27.51,30067030
199.0,27.29,27.61,27.22,27.42,30439578
196.0,27.02,27.44,26.88,27.34,51840982
195.0,26.58,27.06,26.42,26.98,38301124
194.0,26.46,26.86,26.34,26.54,30520282
193.0,26.12,26.54,26.05,26.52,29136809
192.0,26.55,26.63,25.96,25.98,28044085
189.0,25.88,26.48,25.85,26.41,26753371
188.0,26.37,26.43,25.89,25.94,29538008
187.0,25.51,26.11,25.43,26.07,33555693
186.0,25.04,25.57,25.00,25.43,29491242
185.0,25.28,25.36,24.84,25.04,39904811
182.0,25.40,25.71,25.12,25.14,40250645
181.0,25.78,26.07,25.70,25.84,42248449
180.0,25.90,26.19,25.80,26.13,33092339
179.0,26.04,26.32,25.86,26.09,35057938
175.0,25.72,25.85,25.57,25.74,19123767
174.0,25.57,25.78,25.31,25.65,37131849
173.0,25.47,25.51,24.92,25.44,61969598
172.0,26.27,26.28,25.78,26.03,46047437
171.0,26.06,26.19,25.68,26.15,41395585
168.0,26.24,26.57,26.05,26.07,43444810
167.0,26.47,26.66,26.19,26.19,31505042
166.0,26.91,26.99,26.49,26.50,44629246
165.0,27.05,27.25,26.82,26.88,35712023
164.0,27.35,27.40,26.88,27.02,39447239
161.0,27.26,27.95,27.20,27.63,34941404
160.0,27.34,27.46,26.96,27.24,36238935
159.0,27.08,27.35,26.75,27.19,40607561
158.0,27.48,27.60,27.01,27.37,53089337
157.0,27.83,27.98,27.65,27.76,37385885
154.0,28.32,28.38,27.84,27.90,34575689
153.0,29.26,29.27,28.42,28.56,41225995
152.0,28.82,29.27,28.72,29.18,40434659
151.0,28.47,29.05,28.37,28.95,43317858
150.0,28.42,28.54,28.29,28.40,28812625
147.0,28.11,28.53,28.10,28.38,33312329
146.0,27.80,28.30,27.75,28.22,46649640
145.0,27.43,27.91,27.35,27.86,40863578
144.0,27.35,27.60,27.24,27.31,35010516
143.0,27.33,27.57,27.24,27.45,37792690
140.0,27.72,27.97,27.57,27.60,38064821
139.0,27.87,28.09,27.44,27.69,43042968
138.0,27.58,28.11,27.46,27.95,72256464
137.0,28.45,28.78,28.41,28.47,61287910
136.0,28.26,28.55,28.14,28.40,37479937
133.0,28.35,28.39,28.08,28.09,34483250
132.0,27.97,28.52,27.93,28.48,37053421
131.0,27.68,28.00,27.63,27.85,26676812
130.0,27.70,27.86,27.41,27.45,36272068
129.0,27.73,27.90,27.59,27.76,22970314
125.0,27.87,28.10,27.80,28.07,22039042
124.0,27.87,28.03,27.60,27.93,30845072
123.0,28.31,28.37,27.94,28.11,34152414
122.0,28.04,28.45,27.99,28.38,28854183
119.0,28.39,28.45,28.02,28.12,43024389
118.0,27.75,28.18,27.67,28.16,39624099
117.0,28.13,28.25,27.80,27.80,35154501
116.0,28.24,28.28,28.07,28.19,24372049
115.0,28.01,28.26,27.96,28.19,32807678
112.0,27.94,27.99,27.68,27.88,24901400
111.0,27.73,27.95,27.61,27.90,23395545
110.0,27.79,27.89,27.70,27.78,22213497
109.0,27.65,27.90,27.56,27.75,22685407
108.0,27.66,27.90,27.54,27.74,26941761
105.0,27.82,27.96,27.70,27.73,54672267
104.0,27.50,27.85,27.43,27.75,34193222
103.0,27.45,27.90,27.34,27.46,46835632
102.0,27.12,27.50,27.12,27.49,33796756
101.0,27.00,27.08,26.91,26.98,24016824
98.0,26.94,27.16,26.87,27.07,29406616
97.0,27.00,27.04,26.75,26.84,37264478
96.0,26.58,27.00,26.52,26.91,32725475
95.0,26.25,26.63,26.20,26.60,37196662
94.0,26.91,26.91,26.36,26.54,32336069
91.0,26.90,27.03,26.77,26.92,29634029
90.0,27.06,27.14,26.71,26.86,39415007
88.0,27.25,27.30,26.84,26.88,41861800
87.0,26.93,27.30,26.82,27.24,32823451
86.0,26.52,27.20,26.45,26.89,46027007
83.0,26.72,26.80,26.45,26.70,39311238
82.0,26.56,26.86,26.35,26.66,33801411
81.0,27.06,27.35,26.51,26.73,51979381
80.0,27.34,27.37,27.01,27.16,34913271
76.0,26.86,27.50,26.82,27.37,74254034
75.0,26.40,26.95,26.35,26.82,42457732
74.0,26.88,26.88,26.50,26.58,35832554
73.0,26.57,26.78,26.50,26.78,25413701
72.0,26.83,26.84,26.52,26.70,24727211
69.0,26.74,26.79,26.45,26.70,33624236
68.0,26.91,27.00,26.78,26.86,35755017
67.0,26.66,26.99,26.61,26.85,37072047
66.0,26.63,26.74,26.42,26.64,33104970
65.0,26.55,26.72,26.36,26.72,36777891
62.0,26.66,26.95,26.58,26.74,42194132
61.0,26.59,26.74,26.46,26.49,34780241
60.0,26.74,26.84,26.51,26.55,46334702
59.0,26.79,26.80,26.28,26.42,45330707
58.0,26.51,26.80,26.27,26.74,60694067
55.0,26.66,26.84,26.59,26.73,50589869
54.0,26.95,27.00,26.60,26.75,61678137
53.0,26.84,26.95,26.50,26.90,54757806
52.0,26.70,26.98,26.61,26.90,56220363
51.0,26.35,26.89,26.34,26.71,69668867
48.0,25.87,26.47,25.50,26.38,101282203
47.0,25.52,25.68,25.37,25.63,64946206
46.0,25.13,25.48,25.01,25.39,62695616
45.0,25.18,25.40,24.97,25.04,60443395
41.0,25.69,25.72,25.10,25.14,63317334
40.0,25.85,25.90,25.54,25.75,44421960
39.0,25.43,25.89,25.34,25.80,57172312
38.0,25.71,25.92,25.51,25.59,41060875
37.0,25.40,25.56,25.22,25.46,47478546
34.0,25.21,25.40,25.01,25.25,36345173
33.0,25.06,25.45,24.98,25.40,49492053
32.0,24.57,25.13,24.53,25.11,47508610
31.0,24.62,24.89,24.39,24.54,44851030
364.0,24.43,24.62,24.25,24.25,21710081
363.0,24.36,24.58,24.28,24.55,22319335
362.0,24.52,24.56,24.18,24.22,23706758
361.0,24.45,24.70,24.40,24.56,24136135
357.0,24.13,24.40,24.04,24.40,24834060
356.0,23.83,24.10,23.76,24.02,32003486
355.0,23.95,24.09,23.43,23.68,45222794
354.0,23.49,23.98,23.44,23.84,46309808
353.0,23.39,23.48,23.05,23.10,42252797
350.0,23.47,23.89,23.22,23.23,94569797
349.0,23.58,23.67,23.25,23.31,38693666
348.0,23.48,23.56,23.14,23.31,56394300
347.0,24.05,24.06,23.42,23.56,78518944
346.0,24.18,24.29,23.61,24.00,94839535
343.0,24.41,25.10,24.38,25.01,44073143
342.0,25.45,25.53,24.63,24.71,58000587
341.0,25.33,25.78,25.13,25.66,54795336
340.0,25.09,25.48,25.00,25.35,49517905
339.0,25.03,25.20,24.79,25.01,42526793
336.0,25.01,25.14,24.60,24.64,41488925
335.0,24.87,24.97,24.40,24.92,51820369
364.0,24.28,24.94,24.23,24.91,73452313
363.0,23.49,23.90,23.42,23.58,44195101
362.0,23.28,23.57,23.25,23.46,39757303
359.0,22.55,23.22,22.51,22.73,28346827
357.0,23.04,23.14,22.69,22.70,52699544
356.0,23.38,23.53,23.09,23.24,48479186
355.0,24.03,24.15,23.35,23.57,58582822
352.0,24.17,24.43,24.02,24.29,45688560
351.0,24.90,24.95,24.12,24.34,62125247
350.0,25.13,25.50,24.88,24.94,74249584
349.0,24.66,25.46,24.62,25.34,77391270
348.0,24.78,24.90,24.48,24.63,49418044
345.0,24.31,24.90,24.30,24.85,43867192
344.0,24.14,24.25,23.74,24.06,45508704
343.0,24.24,24.32,23.80,23.84,56872144
342.0,24.48,24.77,24.26,24.75,55969275
341.0,23.70,24.31,23.63,24.28,51144945
338.0,24.04,24.07,23.66,23.74,46476002
337.0,23.79,24.23,23.28,24.20,58296345
336.0,24.02,24.06,23.55,23.85,56702801
335.0,24.11,24.35,23.82,23.90,68002340
334.0,24.57,24.92,24.49,24.54,43121769
331.0,24.87,25.03,24.73,24.98,44897379
330.0,24.93,25.20,24.85,25.13,84559164
329.0,24.80,24.84,24.34,24.70,58249853
328.0,24.47,24.85,24.39,24.63,60941683
327.0,24.05,24.79,24.02,24.59,138276614
324.0,23.86,24.25,23.80,24.03,123276914
323.0,23.88,23.88,23.35,23.61,88691866
322.0,24.01,24.50,23.86,24.24,139955773
321.0,23.17,23.48,23.06,23.40,85272150
320.0,23.32,23.60,23.14,23.28,47936068
317.0,23.44,23.50,23.25,23.50,44896426
316.0,23.02,23.46,22.96,23.39,51290454
315.0,23.00,23.28,22.98,23.12,59913270
314.0,22.76,23.00,22.61,22.99,50609369
313.0,22.48,22.89,22.47,22.88,40172733
310.0,22.07,22.50,21.91,22.29,58431248
309.0,21.92,22.05,21.67,22.03,58486486
308.0,21.25,21.97,21.06,21.85,70935737
307.0,20.45,21.27,20.40,21.22,77903421
306.0,21.18,21.40,20.57,20.62,95776435
303.0,21.93,22.07,21.33,21.34,64486727
302.0,22.38,22.60,21.87,22.21,85510642
301.0,22.61,22.71,22.30,22.31,74789054
300.0,22.50,22.98,22.37,22.54,88219615
299.0,22.16,22.44,21.79,22.24,64848582
296.0,21.39,22.27,21.22,22.16,74137255
295.0,21.55,21.90,21.34,21.62,94238416
294.0,22.18,22.50,21.90,21.94,66811646
293.0,21.99,22.47,21.86,22.20,71497500
292.0,21.77,22.06,21.63,21.93,57737919
289.0,21.65,22.09,21.43,21.97,90748268
288.0,21.31,21.66,21.22,21.54,53246741
287.0,20.89,21.40,20.71,21.12,58352646
286.0,20.32,20.90,20.21,20.76,60227235
285.0,19.53,20.29,19.52,20.28,53322607
282.0,19.75,20.22,19.66,19.70,61410265
281.0,20.05,20.30,19.81,19.90,42994933
280.0,20.02,20.14,19.86,20.08,46090005
279.0,19.25,19.58,19.16,19.54,44256675
275.0,19.80,19.93,19.57,19.64,42807570
274.0,20.28,20.35,19.99,19.99,40781134
273.0,20.23,20.41,20.02,20.13,55290198
272.0,20.19,20.35,19.92,20.24,39102044
271.0,19.94,20.31,19.83,20.30,40646006
268.0,19.43,19.97,19.27,19.77,53821950
267.0,19.83,19.88,19.40,19.42,51597148
266.0,19.58,19.88,19.37,19.80,53521329
265.0,19.36,19.71,19.30,19.71,54215839
264.0,19.55,19.68,19.26,19.38,48903980
261.0,19.61,19.96,19.16,19.19,79157373
260.0,20.15,20.18,19.55,19.77,92204896
259.0,20.58,20.98,20.40,20.67,51304856
258.0,20.74,21.07,20.50,20.79,44773378
257.0,20.75,20.93,20.63,20.89,46288827
254.0,20.76,20.91,20.56,20.65,54186004
253.0,20.14,21.00,20.07,20.76,75332364
252.0,20.27,20.51,19.77,19.93,95408636
251.0,20.28,20.62,19.52,20.60,116628460
250.0,20.24,20.87,20.08,20.11,137491512
247.0,21.00,21.20,20.21,20.79,101799696
246.0,21.47,21.81,20.84,20.85,86743714
245.0,21.74,21.97,21.35,21.81,65640222
244.0,22.01,21.82,21.35,21.74,22457010
243.0,22.57,22.69,21.90,22.24,51674291
241.0,22.35,22.62,22.22,22.33,51897483
240.0,22.47,22.88,22.33,22.55,36742373
239.0,22.65,22.75,22.35,22.53,59205983
238.0,23.03,23.15,22.83,22.90,45574860
237.0,22.94,23.28,22.80,23.03,40716097
234.0,22.94,23.25,22.78,23.13,45085427
233.0,22.35,22.88,22.17,22.81,80133877
232.0,23.10,23.22,22.90,22.99,57158800
231.0,22.44,23.10,22.44,23.06,55706845
230.0,22.29,22.43,22.08,22.28,45195361
227.0,22.27,22.56,22.20,22.37,49959371
226.0,22.56,22.70,22.21,22.27,47573415
225.0,22.57,22.73,22.32,22.48,43270875
224.0,22.62,22.72,22.24,22.45,51051302
223.0,22.84,22.98,22.73,22.85,34662925
220.0,22.96,23.20,22.81,23.09,35839128
219.0,22.89,23.39,22.86,23.23,53114166
218.0,22.45,22.82,22.44,22.75,43270717
217.0,22.69,22.69,22.36,22.44,33359335
213.0,22.21,22.58,22.10,22.53,35841178
211.0,21.48,22.22,21.48,22.16,53931999
210.0,21.53,21.57,21.31,21.39,31660359
209.0,21.42,21.54,21.26,21.49,36515757
208.0,21.17,21.48,21.00,21.34,45186797
205.0,21.61,21.74,21.18,21.20,124407613
204.0,21.20,21.72,21.06,21.71,54193071
203.0,21.54,21.61,21.38,21.40,37686475
202.0,21.46,21.69,21.22,21.65,55384725
201.0,21.19,21.42,21.17,21.32,37359573
198.0,21.68,21.68,21.07,21.19,96518394
197.0,21.46,21.79,21.27,21.42,53639980
196.0,21.68,21.83,21.40,21.42,48564893
195.0,21.60,21.92,21.55,21.82,51996875
194.0,21.43,21.60,21.28,21.38,43553001
191.0,21.73,21.80,21.26,21.38,53239485
190.0,21.87,22.01,21.70,21.76,36986514
189.0,21.96,22.13,21.73,21.82,49518338
188.0,22.04,22.44,22.00,22.06,60308552
187.0,21.80,21.95,21.66,21.83,49667062
184.0,21.79,22.10,21.67,21.73,53942562
183.0,22.01,22.33,21.86,22.08,53449010
182.0,22.45,22.48,21.98,22.00,56011358
181.0,22.45,22.64,22.32,22.51,59575279
177.0,22.46,22.52,22.11,22.21,67162126
176.0,22.62,22.64,22.45,22.50,44435966
175.0,22.52,22.83,22.41,22.68,49375771
174.0,22.89,22.91,22.59,22.61,51741200
173.0,22.92,23.03,22.76,22.86,64894030
170.0,23.46,23.54,23.15,23.22,63124701
169.0,23.32,23.87,23.20,23.54,98367364
168.0,23.60,23.96,23.52,23.88,65592836
167.0,23.37,23.57,23.08,23.55,86025584
166.0,23.32,23.95,23.27,23.64,74460665
163.0,23.66,23.80,23.36,23.41,53104955
162.0,23.25,23.83,23.23,23.70,66277866
161.0,23.29,23.63,23.20,23.41,85761805
160.0,22.85,23.20,22.82,23.03,66314223
159.0,23.13,23.20,22.65,22.76,73296305
156.0,23.46,23.59,23.13,23.25,100008252
155.0,23.43,23.86,23.17,23.61,94299086
154.0,23.05,23.56,22.72,23.50,137107162
153.0,22.81,23.46,22.67,23.23,110497542
152.0,23.02,23.18,22.81,22.91,71978985
149.0,22.80,23.19,22.63,23.15,156188963
148.0,22.45,22.87,22.45,22.80,54952050
147.0,22.54,22.68,22.33,22.63,68452870
146.0,21.82,22.53,21.81,22.48,105309140
145.0,21.37,22.01,21.33,21.94,81676687
141.0,21.39,21.49,21.19,21.46,77639590
140.0,21.21,21.44,20.94,21.41,174554410
139.0,19.67,19.98,19.62,19.86,81426422
138.0,19.53,19.74,19.45,19.62,46489507
135.0,19.60,19.75,19.53,19.75,44282999
134.0,19.64,19.66,19.41,19.58,52706852
133.0,19.88,19.95,19.72,19.78,38977499
132.0,20.01,20.07,19.69,19.76,52163063
131.0,20.07,20.20,20.01,20.12,43167928
128.0,20.04,20.20,19.95,20.02,46474890
127.0,19.92,20.09,19.82,20.03,51606392
126.0,19.86,19.95,19.71,19.95,56268775
125.0,19.59,19.88,19.55,19.71,62621153
124.0,19.79,19.80,19.36,19.49,69372740
121.0,20.38,20.38,19.56,19.72,82621446
120.0,20.29,20.37,19.94,20.18,87544126
119.0,20.42,20.46,20.11,20.46,54568401
118.0,20.27,20.29,19.98,20.28,59545177
117.0,20.44,20.66,20.33,20.34,37111485
114.0,20.30,20.60,20.21,20.37,52479176
113.0,20.51,20.51,20.28,20.38,49378215
112.0,20.09,20.36,20.01,20.29,37927293
111.0,20.18,20.21,19.98,20.14,45973801
110.0,19.90,20.39,19.88,20.19,43392286
107.0,19.98,20.15,19.88,19.93,74001296
106.0,20.02,20.06,19.80,19.90,59050846
105.0,20.03,20.37,19.71,19.81,84812605
104.0,20.23,20.33,20.01,20.18,80463962
103.0,20.66,20.88,20.62,20.84,48923507
100.0,20.63,20.96,20.61,20.87,45648050
99.0,20.94,21.02,20.72,20.79,69125252
98.0,21.08,21.34,20.94,21.20,60415811
97.0,21.26,21.26,21.02,21.13,57165626
96.0,21.69,21.74,21.08,21.21,57520132
93.0,21.88,22.08,21.40,21.56,64671779
92.0,21.66,21.88,21.65,21.79,50503933
91.0,21.42,21.70,21.40,21.49,52192367
90.0,21.61,21.69,21.35,21.39,57993504
87.0,21.75,21.84,21.37,21.47,66390040
84.0,21.52,22.00,21.46,21.86,53475606
83.0,21.10,21.41,21.03,21.28,54496328
82.0,21.70,21.72,21.01,21.15,83648294
81.0,21.95,22.19,21.73,21.81,64515549
77.0,22.09,22.21,22.01,22.14,55066173
76.0,21.68,22.06,21.67,21.97,50186595
75.0,21.57,21.88,21.43,21.75,55214046
74.0,21.48,21.55,21.28,21.45,50646325
73.0,21.63,21.80,21.50,21.57,45134575
70.0,21.63,21.85,21.52,21.76,43716565
69.0,21.43,21.84,21.35,21.80,56661748
68.0,21.53,21.60,21.42,21.46,44601339
67.0,21.65,21.68,21.40,21.64,48215026
66.0,21.74,21.86,21.63,21.69,43647681
63.0,21.47,21.70,21.43,21.68,39353405
62.0,21.41,21.65,21.30,21.57,39846001
61.0,21.48,21.71,21.47,21.56,46954522
60.0,21.49,21.70,21.28,21.48,60970917
59.0,21.55,21.64,21.03,21.46,90844209
56.0,21.76,21.89,21.35,21.46,55193037
55.0,21.76,21.94,21.65,21.75,58069117
54.0,21.77,21.90,21.66,21.75,57196022
53.0,21.28,21.57,21.17,21.55,72334569
52.0,21.03,21.24,20.93,21.24,82375446
49.0,20.95,21.04,20.81,20.82,63697594
48.0,20.94,20.95,20.62,20.95,56170796
47.0,21.07,21.13,20.95,21.01,43338981
46.0,21.03,21.20,20.94,21.08,55272098
42.0,21.35,21.42,20.97,21.08,154888736
41.0,21.26,21.32,21.08,21.29,104828205
40.0,21.27,21.33,21.07,21.30,53380573
39.0,20.83,21.12,20.74,21.05,64452537
38.0,20.71,20.77,20.57,20.69,51449697
35.0,20.71,20.77,20.27,20.66,74806061
34.0,20.67,20.82,20.55,20.77,116668982
33.0,21.19,21.21,20.90,20.94,61810472
32.0,21.12,21.20,21.05,21.15,75210343
31.0,21.01,21.05,20.78,20.85,58223768
365.0,21.03,21.06,20.94,21.03,15746408
364.0,20.95,21.08,20.93,21.02,18877606
363.0,20.94,21.06,20.88,20.94,20848346
362.0,20.81,20.93,20.76,20.88,21171208
361.0,20.75,20.86,20.65,20.84,18605159
357.0,20.84,20.92,20.70,20.84,27976262
356.0,20.95,21.02,20.81,20.89,49209125
355.0,21.27,21.27,21.08,21.10,34102271
354.0,21.39,21.43,21.20,21.23,34211815
351.0,21.31,21.49,21.27,21.46,57138061
350.0,21.35,21.38,21.25,21.30,35224812
349.0,21.35,21.50,21.28,21.28,42701354
348.0,21.40,21.56,21.30,21.47,42054309
347.0,22.01,22.02,21.34,21.50,78296293
344.0,21.91,21.98,21.80,21.91,52409451
343.0,22.01,22.07,21.72,21.81,79884552
342.0,21.69,21.90,21.66,21.82,68959594
341.0,21.84,21.86,21.58,21.58,46991314
340.0,21.61,21.76,21.55,21.70,31861202
337.0,21.63,21.78,21.62,21.69,43907374
336.0,21.50,21.77,21.48,21.70,48653373
335.0,21.46,21.60,21.42,21.48,52939209
364.0,21.18,21.30,21.07,21.16,52406225
363.0,21.15,21.45,21.12,21.33,46893005
360.0,21.24,21.42,21.10,21.34,19148966
358.0,21.23,21.57,21.17,21.39,42640112
357.0,21.04,21.22,20.81,21.09,44856168
356.0,20.92,21.28,20.88,21.25,40328597
353.0,20.97,21.20,20.88,21.14,49137677
352.0,21.05,21.24,20.92,21.02,68846663
351.0,21.02,21.22,20.93,21.08,44262061
350.0,21.13,21.27,20.88,21.07,63078553
349.0,21.65,21.66,21.26,21.30,50076446
346.0,21.44,21.81,21.33,21.53,100662191
345.0,20.69,21.23,20.55,21.21,69682741
344.0,21.15,21.17,20.82,21.04,48072005
343.0,21.20,21.35,21.03,21.16,46712950
342.0,21.34,21.50,21.17,21.23,53006838
339.0,21.01,21.29,20.97,21.24,55960422
338.0,20.66,21.02,20.56,20.97,66048142
337.0,20.34,20.52,20.22,20.48,53044559
336.0,20.64,20.70,20.29,20.34,60969077
335.0,20.35,20.67,20.34,20.57,51602940
332.0,20.45,20.56,20.01,20.05,60774304
331.0,20.29,20.53,20.02,20.47,71177076
330.0,19.93,20.20,19.81,20.19,48151825
329.0,19.79,20.11,19.73,20.04,56344505
328.0,19.95,20.00,19.80,19.87,45769323
325.0,19.79,19.93,19.75,19.84,50134167
324.0,19.75,19.86,19.57,19.76,74287439
323.0,19.30,19.78,19.29,19.64,84884598
322.0,19.01,19.39,18.90,19.21,85409763
321.0,19.26,19.32,18.97,19.19,55027353
318.0,19.44,19.47,19.20,19.32,64051831
317.0,19.31,19.46,19.20,19.32,59255880
316.0,19.98,20.03,19.16,19.24,173827285
315.0,19.65,19.80,19.44,19.77,94743246
314.0,19.59,19.75,19.53,19.56,52722333
311.0,19.40,19.58,19.21,19.52,46526702
310.0,19.37,19.54,19.21,19.40,51794598
309.0,19.21,19.37,19.13,19.31,54989997
308.0,19.08,19.29,19.03,19.15,61004538
307.0,19.25,19.30,18.77,18.87,67081961
304.0,19.47,20.35,18.88,19.32,41274927
303.0,19.34,19.60,19.11,19.20,75386274
302.0,19.48,19.62,19.12,19.24,62484214
301.0,19.31,19.57,19.10,19.50,61155667
300.0,19.40,19.43,19.18,19.24,51120089
297.0,19.23,19.45,19.18,19.42,55749263
296.0,18.85,19.31,18.75,18.98,51954673
295.0,19.04,19.25,18.89,19.01,61577236
294.0,18.88,19.27,18.84,19.14,69247720
293.0,18.89,18.96,18.69,18.93,44958122
290.0,19.03,19.08,18.67,18.81,70436529
289.0,18.70,18.98,18.58,18.97,69165744
288.0,18.73,18.77,18.54,18.72,56107214
287.0,18.53,18.80,18.34,18.74,64479477
286.0,18.22,18.56,18.20,18.56,73870812
283.0,17.95,18.10,17.84,17.97,68824147
282.0,18.05,18.08,17.93,18.00,65019509
281.0,18.04,18.05,17.75,17.90,101746624
280.0,18.36,18.41,18.05,18.12,58636453
276.0,18.52,18.59,18.20,18.43,59143155
275.0,18.23,18.33,18.08,18.28,53192101
274.0,17.94,18.27,17.89,18.14,73611430
273.0,17.88,17.92,17.60,17.66,111601327
272.0,18.25,18.31,17.94,17.96,73718858
269.0,18.23,18.52,17.81,18.37,135204686
268.0,18.60,18.61,18.12,18.18,69585969
267.0,18.26,18.59,18.18,18.48,63350524
266.0,18.56,18.68,18.39,18.40,75107352
265.0,18.92,18.98,18.60,18.70,71954355
262.0,18.92,19.00,18.76,18.91,95174394
261.0,18.97,19.13,18.81,18.90,159900400
260.0,19.53,19.78,19.47,19.59,58982350
259.0,19.72,19.87,19.50,19.53,60836747
258.0,19.14,19.56,19.11,19.47,48721086
255.0,19.33,19.49,19.15,19.15,57384759
254.0,19.17,19.73,19.08,19.45,86580515
253.0,19.53,19.58,19.30,19.42,99078690
252.0,20.11,20.17,19.70,19.82,136357716
251.0,20.79,20.79,20.41,20.65,46082778
248.0,20.45,20.81,20.41,20.65,50833708
247.0,20.64,20.79,20.46,20.67,44692444
246.0,20.81,20.86,20.45,20.73,85639648
245.0,21.01,21.03,20.71,20.87,60929150
244.0,20.90,21.28,20.73,21.15,50316115
242.0,20.77,20.92,20.58,20.60,67395898
241.0,21.39,21.48,20.76,21.03,83811323
240.0,21.64,21.69,21.29,21.33,51673892
239.0,21.68,21.74,21.39,21.58,53982785
238.0,21.68,21.74,21.41,21.71,50929473
235.0,21.64,21.72,21.33,21.69,62115429
234.0,21.35,21.98,21.34,21.78,74526032
233.0,21.57,21.65,21.18,21.26,72438765
232.0,21.16,21.73,21.10,21.65,72666323
231.0,21.17,21.61,21.16,21.59,63430398
228.0,21.43,21.48,21.00,21.02,80451444
227.0,21.34,21.59,21.01,21.51,118558113
226.0,22.06,22.25,21.28,21.36,199002593
225.0,20.97,22.28,20.82,21.01,103191758
224.0,20.31,20.65,20.30,20.57,56587808
221.0,20.06,20.28,19.96,20.24,52843783
220.0,20.34,20.36,19.83,20.10,65418457
219.0,19.46,20.17,19.39,20.14,72806745
218.0,19.55,19.76,19.25,19.48,60697590
214.0,19.21,19.37,18.96,19.20,58093373
213.0,19.43,19.62,19.00,19.25,88390381
211.0,19.70,20.03,19.40,19.45,64294891
210.0,20.00,20.05,19.65,19.79,79182700
209.0,20.11,20.59,19.91,20.36,54485962
206.0,20.40,20.41,19.89,20.03,94687803
205.0,20.62,20.79,20.20,20.32,62011425
204.0,20.94,21.02,20.66,20.81,61357730
203.0,21.13,21.33,20.86,20.98,58831096
202.0,21.67,21.69,21.06,21.19,48960295
199.0,21.56,21.65,21.18,21.40,64872577
198.0,21.59,21.69,21.20,21.52,37270896
197.0,21.41,21.65,21.21,21.49,43857015
196.0,21.11,21.56,21.01,21.48,62081933
195.0,20.95,21.14,20.82,20.89,68877429
192.0,20.31,20.75,20.28,20.64,49496398
191.0,20.35,20.60,20.25,20.55,57168251
190.0,20.39,20.60,19.86,19.93,58981143
189.0,20.22,20.23,19.74,20.18,91377718
188.0,20.94,21.03,20.24,20.31,65435177
185.0,21.54,21.60,20.79,20.94,67919350
184.0,21.96,22.00,21.47,21.90,54615456
183.0,21.39,21.83,21.16,21.81,61537102
182.0,21.30,21.74,21.13,21.18,57170957
178.0,21.68,21.75,21.23,21.42,72712525
177.0,21.16,21.80,21.12,21.76,83237328
176.0,21.10,21.50,20.70,20.70,85666797
175.0,20.12,20.87,20.03,20.85,96152278
174.0,20.95,21.22,20.61,20.67,56436505
171.0,20.41,21.17,20.18,20.91,111769036
170.0,21.02,21.24,20.63,20.79,106551593
169.0,21.52,21.71,21.00,21.60,89530592
168.0,22.14,22.23,21.33,21.43,76636080
167.0,21.75,22.05,21.41,22.02,64615193
164.0,22.19,22.21,21.53,21.89,83526108
163.0,23.03,23.17,22.36,22.50,62098966
162.0,22.60,23.14,22.49,23.09,83343329
161.0,22.32,22.86,22.10,22.28,102774462
160.0,22.29,22.56,22.16,22.55,112607358
157.0,21.26,21.70,20.46,21.31,139360444
156.0,22.15,22.38,19.90,21.51,160695866
155.0,22.10,22.38,21.90,22.17,96854016
154.0,22.93,22.95,22.40,22.56,90704268
153.0,22.98,23.44,22.90,23.26,55455540
150.0,23.45,23.46,22.81,22.84,81863926
149.0,23.33,23.51,23.30,23.49,59059387
148.0,23.41,23.46,22.91,23.26,109052046
147.0,23.73,23.88,23.30,23.35,78937517
146.0,24.08,24.13,23.81,23.82,57727601
143.0,23.95,24.06,23.73,24.04,56972148
142.0,23.55,24.06,23.32,23.99,73666030
141.0,24.10,24.13,23.54,23.80,73899253
140.0,24.20,24.25,23.90,24.12,65991396
139.0,23.91,24.04,23.54,24.00,71310713
136.0,24.06,24.16,23.77,23.92,102974848
135.0,23.83,24.37,23.80,24.22,110819526
134.0,23.57,23.69,23.27,23.52,159980590
133.0,22.65,22.82,22.47,22.77,122395545
132.0,22.69,22.73,22.44,22.54,49352905
129.0,22.40,22.57,22.36,22.55,45528642
128.0,22.38,22.41,22.16,22.31,40824429
127.0,22.43,22.68,22.25,22.45,62544149
126.0,22.43,22.48,22.26,22.40,47063184
125.0,22.48,22.65,22.34,22.59,34948133
120.0,22.32,22.50,22.20,22.29,45991988
119.0,22.40,22.54,22.18,22.34,37886249
118.0,22.42,22.49,22.26,22.33,34467889
115.0,22.43,22.59,22.07,22.24,45700422
114.0,22.69,22.73,22.31,22.35,52458920
113.0,22.53,22.67,22.32,22.43,54742718
112.0,22.39,22.75,22.36,22.67,64740828
111.0,21.87,22.30,21.84,22.24,47405631
108.0,22.25,22.39,21.81,21.99,77998438
107.0,22.19,22.35,22.01,22.20,54458405
106.0,22.06,22.35,21.91,22.24,77805858
105.0,21.23,22.04,21.20,22.01,123060818
104.0,21.16,21.32,21.05,21.17,34377939
101.0,21.31,21.37,21.18,21.27,39590354
100.0,21.14,21.27,20.99,21.25,53786518
99.0,20.95,21.29,20.91,21.19,58443396
98.0,20.68,21.20,20.66,20.94,83168638
97.0,20.81,20.88,20.70,20.77,35742004
94.0,20.66,20.84,20.45,20.79,45886755
93.0,20.60,20.61,20.26,20.53,62756919
92.0,20.76,20.82,20.44,20.52,49917385
91.0,20.99,21.09,20.58,20.70,59398965
90.0,20.68,20.94,20.62,20.87,51203283
85.0,20.60,20.68,20.43,20.53,47795250
84.0,20.37,20.66,20.22,20.63,48789319
83.0,20.52,20.81,20.50,20.70,51070073
82.0,20.84,20.95,20.29,20.39,62245210
81.0,20.95,20.96,20.65,20.87,38730597
78.0,20.72,20.97,20.58,20.82,40768209
77.0,20.64,20.85,20.54,20.84,42613583
76.0,20.86,20.86,20.53,20.66,47296651
75.0,20.62,20.85,20.55,20.72,69083324
71.0,19.96,20.68,19.78,20.43,91108878
70.0,19.63,20.20,19.55,20.06,58837220
69.0,19.59,19.87,19.45,19.69,56250601
68.0,19.64,19.89,19.44,19.65,69454079
67.0,19.48,19.79,19.30,19.35,62563140
64.0,19.10,19.58,19.00,19.47,88711656
63.0,19.57,19.58,18.95,19.02,90931052
62.0,19.78,19.88,19.47,19.68,45582297
61.0,19.68,20.04,19.56,19.91,63332467
60.0,19.47,19.75,19.44,19.61,50338221
57.0,20.13,20.23,19.30,19.40,96053877
56.0,20.30,20.39,19.68,19.92,76974576
55.0,20.00,20.33,19.82,20.24,74926149
54.0,20.18,20.38,19.95,20.00,65298836
53.0,20.24,20.58,20.14,20.32,73785539
50.0,20.77,20.79,19.81,19.91,116302374
49.0,21.15,21.31,20.68,20.84,73633287
48.0,20.99,21.14,20.85,21.08,65670024
47.0,20.90,21.17,20.85,21.05,82573499
43.0,21.39,21.40,20.77,20.80,198104931
42.0,21.11,21.55,21.05,21.48,151893213
41.0,20.72,21.08,20.44,20.96,71446628
40.0,20.87,20.90,20.38,20.61,69958348
39.0,21.11,21.15,20.82,20.95,51086391
36.0,20.54,20.89,20.40,20.83,48234679
35.0,20.73,20.76,20.34,20.60,54041453
34.0,20.81,20.93,20.67,20.80,40037357
33.0,20.94,20.99,20.60,20.87,52360765
32.0,20.79,21.03,20.73,20.88,47800895
365.0,20.60,20.72,20.40,20.40,26435763
364.0,20.25,20.60,20.25,20.59,26273507
363.0,20.41,20.48,20.23,20.40,29331767
362.0,20.41,20.50,20.16,20.30,27396914
358.0,20.20,20.35,20.18,20.33,12189147
357.0,20.06,20.24,20.03,20.10,30573723
356.0,20.15,20.30,19.95,20.04,36092836
355.0,19.98,20.33,19.00,20.09,56886342
352.0,19.21,19.71,19.10,19.63,98983184
351.0,19.24,19.29,19.07,19.07,52267385
350.0,19.50,19.80,19.28,19.38,96648441
349.0,19.84,20.06,19.68,19.80,43145689
348.0,20.02,20.11,19.90,19.98,35704920
345.0,20.20,20.23,19.81,19.90,39141562
344.0,20.16,21.14,20.03,20.15,43214148
343.0,19.99,20.08,19.71,20.01,53660088
342.0,20.25,20.28,19.80,19.99,63991849
341.0,20.21,20.51,20.19,20.37,47082882
338.0,20.19,20.59,20.15,20.46,86311227
337.0,19.76,20.08,19.70,19.87,49762235
336.0,19.70,19.84,19.55,19.72,35773911
335.0,19.46,19.69,19.45,19.66,47227166
364.0,19.11,19.26,19.00,19.20,48596912
361.0,18.91,19.25,18.82,19.11,35747631
359.0,19.49,19.50,19.28,19.34,46706850
358.0,19.44,19.50,19.25,19.39,52434607
357.0,19.48,19.50,19.32,19.40,42995582
354.0,19.16,19.31,19.08,19.24,49137596
353.0,19.40,19.40,18.95,19.30,108665088
352.0,20.24,20.28,20.00,20.12,43215645
351.0,20.10,20.35,20.00,20.32,37596507
350.0,20.11,20.32,20.01,20.23,64782202
347.0,19.72,19.95,19.58,19.82,43966500
346.0,19.78,20.50,19.63,19.68,77009542
345.0,19.65,19.90,19.64,19.84,61342282
344.0,19.43,19.69,19.42,19.50,59517776
343.0,19.15,19.46,19.12,19.46,51383090
340.0,18.81,19.11,18.74,18.93,44168539
339.0,18.72,19.10,18.62,18.89,66146505
338.0,18.61,18.83,18.50,18.59,85837068
337.0,18.63,18.65,18.31,18.50,101618322
336.0,19.05,19.15,18.75,19.01,63635505
333.0,19.31,19.34,18.74,19.11,92276249
332.0,19.17,19.41,19.10,19.22,77273492
331.0,19.60,19.75,19.02,19.03,87595185
330.0,20.01,20.13,19.67,19.74,68171429
329.0,19.78,20.04,19.56,19.83,63005608
326.0,20.40,20.40,19.61,19.78,82680895
325.0,19.87,20.18,19.62,20.12,66658987
324.0,20.17,20.42,19.66,19.86,88171762
323.0,20.47,20.58,20.11,20.18,67829001
322.0,20.29,20.48,20.04,20.41,68147504
319.0,20.47,20.57,20.02,20.18,75760758
318.0,20.81,20.93,20.54,20.67,80532873
317.0,21.26,21.27,20.78,20.83,164972309
316.0,20.51,20.69,20.35,20.49,116652680
315.0,20.38,20.65,20.24,20.40,65087228
312.0,19.84,20.32,19.81,20.17,55944835
311.0,19.74,19.98,19.50,19.88,74199386
310.0,19.63,19.87,19.47,19.75,49526322
309.0,19.30,19.78,19.28,19.63,74185341
308.0,19.12,19.27,18.95,19.10,56635987
305.0,18.95,19.22,18.95,18.97,58179856
304.0,19.49,19.53,18.89,18.90,70648759
303.0,19.61,19.79,19.25,19.57,64733915
302.0,19.67,19.78,19.44,19.48,42035107
301.0,19.41,19.93,19.40,19.74,37818838
298.0,19.45,19.59,19.30,19.37,39478655
297.0,19.90,20.00,19.45,19.54,52362023
296.0,19.63,20.24,19.60,19.88,72143144
295.0,19.63,19.73,19.45,19.53,38173438
294.0,19.47,19.76,19.42,19.54,36160962
291.0,19.52,19.70,19.37,19.56,53493793
290.0,19.63,19.89,19.22,19.41,64601568
289.0,19.70,19.75,19.44,19.65,49554045
288.0,19.54,19.70,19.36,19.55,48283458
287.0,19.31,19.49,19.28,19.36,52416810
284.0,19.90,19.94,19.37,19.51,59413115
283.0,19.88,20.08,19.65,19.76,49468879
282.0,19.80,20.15,19.61,19.93,48804616
281.0,19.88,19.99,19.55,19.80,45587322
277.0,19.43,19.69,19.28,19.64,47277724
276.0,19.61,19.63,19.23,19.42,47507444
275.0,19.62,19.83,19.47,19.47,41576198
274.0,20.22,20.58,19.66,19.72,74478236
273.0,20.09,20.38,19.97,20.32,53486158
270.0,20.26,20.65,20.17,20.25,105111130
269.0,19.35,19.53,19.16,19.47,51412505
268.0,19.21,19.49,19.13,19.43,61587577
267.0,18.76,19.25,18.74,19.10,62060037
266.0,18.97,19.00,18.66,18.76,38709562
263.0,18.89,18.92,18.55,18.89,55163250
262.0,18.73,18.81,18.56,18.71,44859821
261.0,18.55,18.89,18.51,18.80,48168722
260.0,18.50,18.87,18.46,18.77,42482559
259.0,18.43,18.58,18.41,18.45,48360483
256.0,18.97,19.00,18.58,18.77,43590755
255.0,18.97,19.08,18.78,19.05,44096124
254.0,18.69,19.09,18.66,18.81,52947671
253.0,18.70,18.95,18.62,18.64,32775891
252.0,18.60,18.82,18.56,18.76,46906038
249.0,18.91,19.00,18.50,18.50,59441865
248.0,18.93,19.18,18.56,18.70,66862061
247.0,19.27,19.30,18.86,18.86,60034938
246.0,19.21,19.38,19.15,19.32,46880752
245.0,19.48,19.56,19.18,19.37,44330782
243.0,19.34,19.56,19.25,19.25,47557572
242.0,19.57,19.80,19.30,19.33,60640878
241.0,19.29,19.44,19.11,19.40,50332693
240.0,19.29,19.46,19.05,19.37,60037069
239.0,19.29,19.49,19.15,19.47,42326005
236.0,19.13,19.40,19.01,19.36,51690054
235.0,19.09,19.58,18.99,19.48,151443229
234.0,18.87,19.28,18.84,19.14,141096155
233.0,18.90,18.92,18.51,18.90,63780371
232.0,18.86,18.93,18.52,18.90,77865853
229.0,18.50,18.81,18.25,18.79,84212356
228.0,17.94,18.59,17.94,18.50,90052825
227.0,17.99,18.19,17.72,18.05,186137807
226.0,16.50,16.89,16.46,16.83,95548649
225.0,16.15,16.54,15.90,16.49,61800920
222.0,15.98,16.22,15.86,16.04,51148548
221.0,16.09,16.28,15.96,16.02,65658163
220.0,16.31,16.36,15.78,15.94,80897039
219.0,16.83,16.93,16.20,16.25,69202654
218.0,16.61,16.84,16.37,16.54,47324217
214.0,16.87,16.95,16.68,16.72,54945439
213.0,16.67,17.31,16.67,17.04,92514918
211.0,16.38,16.64,16.24,16.55,67490991
210.0,16.45,16.66,16.27,16.38,59317505
207.0,16.18,16.43,16.14,16.29,70257657
206.0,16.05,16.35,15.91,16.31,55505871
205.0,16.04,16.32,15.99,16.10,53330324
204.0,15.88,15.99,15.61,15.81,70659503
203.0,15.90,16.17,15.63,15.68,70842606
200.0,16.05,16.18,15.85,16.01,71510905
199.0,16.16,16.22,15.84,15.87,57990403
198.0,15.83,16.29,15.81,16.14,59351234
197.0,16.05,16.19,15.80,15.86,54084698
196.0,16.05,16.17,15.72,15.98,60420453
193.0,16.24,16.31,16.02,16.31,47625571
192.0,16.49,16.70,16.30,16.35,53228249
191.0,16.58,16.61,16.15,16.46,48785313
190.0,16.21,16.61,16.13,16.42,64051289
189.0,15.86,16.10,15.61,15.92,44069930
186.0,16.30,16.45,15.79,15.92,62834104
185.0,15.98,16.25,15.88,16.13,49082778
184.0,15.97,16.04,15.72,15.94,49798904
183.0,16.25,16.54,16.05,16.19,58400644
182.0,16.03,16.59,15.97,16.50,75469415
179.0,15.75,15.79,15.24,15.72,77294287
178.0,15.56,15.72,15.15,15.72,59112023
177.0,15.50,15.86,15.34,15.46,60491053
176.0,15.01,15.51,15.00,15.48,64344766
172.0,15.23,15.26,15.01,15.05,44344830
171.0,15.36,15.43,15.05,15.18,59548480
170.0,15.80,16.05,15.49,15.58,60340200
169.0,15.47,15.91,15.27,15.65,59048111
168.0,15.32,15.55,15.18,15.52,44700709
165.0,15.54,15.61,15.15,15.19,61813239
164.0,15.16,15.68,15.15,15.54,71227027
163.0,15.36,15.47,15.09,15.13,75872423
162.0,15.49,15.53,15.00,15.21,73713948
161.0,15.09,15.63,15.00,15.37,69499814
158.0,15.87,15.93,15.20,15.29,94097948
157.0,16.31,16.37,15.48,15.77,90338201
156.0,16.43,16.44,15.97,16.12,66328364
155.0,16.53,16.53,15.93,16.16,67908966
154.0,16.29,16.74,16.14,16.66,88096270
151.0,15.76,15.85,15.48,15.81,50861551
150.0,15.61,16.16,15.50,15.78,77775157
149.0,15.20,15.55,15.07,15.35,60855547
148.0,15.12,15.41,15.04,15.05,55531586
147.0,15.31,15.63,15.21,15.28,64601774
144.0,15.61,15.74,15.30,15.62,67623624
143.0,15.68,15.79,15.10,15.53,74517374
142.0,15.19,16.11,15.08,15.67,95293514
141.0,14.98,15.52,14.96,15.36,85204162
140.0,15.36,15.37,15.00,15.00,66488954
137.0,15.88,15.89,15.45,15.60,67299624
136.0,15.84,15.93,15.40,15.89,68775062
135.0,15.36,15.68,15.11,15.62,152727452
134.0,15.98,16.39,15.80,16.01,92083528
133.0,15.81,16.09,15.56,15.98,45423128
129.0,15.62,16.07,15.60,15.98,58564771
128.0,15.35,15.73,15.15,15.27,68332244
127.0,15.60,15.78,15.26,15.45,52741759
126.0,15.65,15.87,15.45,15.86,47656242
123.0,15.63,15.96,15.35,15.95,51142797
122.0,15.38,16.00,15.26,15.70,77690564
121.0,14.77,15.32,14.62,15.03,75059556
120.0,14.91,15.37,14.90,15.03,62049457
119.0,15.09,15.10,14.48,14.72,55432953
116.0,15.49,15.66,15.26,15.42,45701878
115.0,15.23,15.89,15.18,15.82,77562652
114.0,15.08,15.71,14.71,14.94,94539775
113.0,15.26,15.41,15.00,15.00,61505415
112.0,15.02,15.54,14.94,15.52,64172393
109.0,15.19,15.40,14.35,14.65,84640664
108.0,15.39,15.39,14.72,15.15,66563451
107.0,14.90,15.41,14.72,15.24,91370279
106.0,14.32,14.90,14.25,14.90,64956179
105.0,14.79,14.85,14.14,14.25,72655776
102.0,14.57,14.70,14.21,14.70,66636671
101.0,14.24,14.60,13.88,14.52,84864042
100.0,14.04,14.10,13.64,13.96,82111562
99.0,12.80,13.95,12.75,13.92,92477925
98.0,12.33,13.00,12.30,12.55,87062198
95.0,12.42,12.92,12.07,12.41,79191870
94.0,12.56,12.86,12.30,12.31,76643658
93.0,12.70,13.05,12.36,12.76,84414827
92.0,12.48,12.63,12.14,12.28,76600705
91.0,12.51,13.02,12.31,12.31,64496127
86.0,12.50,13.14,12.49,12.74,69765749
85.0,13.32,13.60,12.66,12.71,69022600
84.0,12.72,13.48,12.58,13.03,108224997
83.0,12.17,12.81,12.09,12.73,74644247
82.0,12.90,12.91,12.05,12.08,88416009
79.0,12.53,13.02,12.53,12.78,73615454
78.0,13.33,13.38,12.67,12.68,56178661
77.0,13.32,13.70,13.09,13.36,51305549
76.0,13.56,13.73,13.21,13.21,60689872
72.0,13.91,14.26,13.85,13.88,55959673
71.0,13.81,14.00,13.49,14.00,76371750
70.0,14.26,14.32,13.73,14.08,57379213
69.0,14.78,15.15,14.04,14.08,94001104
68.0,14.64,15.05,14.54,14.91,64735481
65.0,14.44,14.88,14.21,14.73,62677269
64.0,13.65,14.40,13.53,14.25,61027298
63.0,13.78,14.56,13.71,13.88,77701075
62.0,13.67,13.79,13.29,13.73,56697085
61.0,12.82,13.71,12.75,13.63,69912246
58.0,13.45,13.50,12.90,12.90,47008965
57.0,13.85,13.85,13.31,13.37,51382396
56.0,14.13,14.27,13.79,14.01,57090238
55.0,13.51,13.95,13.50,13.81,45629142
54.0,13.08,13.58,13.03,13.38,49584785
51.0,12.85,13.39,12.58,13.12,63162174
50.0,12.83,13.07,12.55,12.82,72703196
49.0,13.01,13.26,12.50,13.26,56643256
48.0,13.56,13.74,12.81,12.86,71601247
44.0,13.88,13.96,13.27,13.74,83994074
43.0,13.01,13.45,12.71,13.29,74568249
42.0,13.46,13.63,12.97,13.08,69568008
41.0,13.59,14.18,13.45,13.67,65575873
40.0,14.16,14.30,13.62,13.79,54088813
37.0,14.59,14.60,14.02,14.15,45554901
36.0,14.45,14.57,14.25,14.55,63104486
35.0,14.79,15.06,14.34,14.44,131456073
34.0,15.09,15.51,15.08,15.37,61664323
33.0,15.07,15.29,14.81,14.91,57337313
30.0,14.69,15.25,14.47,15.20,52241431
