323.0,357.48,374.89,356.90,369.58,2021021
322.0,355.42,357.57,350.00,357.46,1061736
321.0,357.27,358.25,353.89,354.37,676923
320.0,356.01,356.57,353.26,355.00,878700
319.0,358.23,361.68,352.91,353.55,1223084
316.0,363.00,365.77,361.70,362.29,714554
315.0,363.89,364.93,361.28,362.53,842875
314.0,357.29,360.52,356.12,360.29,537761
313.0,356.91,357.44,352.80,354.99,568290
312.0,363.54,363.54,353.88,354.61,861534
309.0,362.09,367.50,360.20,361.47,889950
308.0,364.14,364.85,358.00,363.23,1176600
307.0,359.20,363.33,358.73,361.63,836499
306.0,354.88,358.67,354.22,357.96,1001124
305.0,349.70,354.90,349.19,353.49,855471
302.0,342.72,349.58,342.09,348.63,684810
301.0,341.45,343.07,340.21,341.96,535749
300.0,339.58,341.95,339.51,341.36,625026
299.0,340.65,342.23,337.80,338.88,524322
298.0,344.93,344.93,337.85,339.11,685392
295.0,343.50,344.29,340.73,343.84,495123
294.0,349.39,349.60,343.25,343.40,721089
293.0,348.45,350.67,346.67,348.79,487584
292.0,347.62,351.00,346.88,348.49,604140
291.0,347.06,349.64,345.52,348.76,740838
288.0,346.51,347.67,345.42,346.01,1110129
287.0,346.92,348.36,345.85,346.83,642789
286.0,347.39,347.96,345.34,347.63,423456
285.0,348.19,349.41,347.27,348.33,590535
284.0,347.72,351.33,345.37,348.49,1111317
281.0,344.28,351.59,341.67,347.53,940224
280.0,340.80,345.95,340.76,345.49,523317
279.0,341.26,343.00,337.01,340.79,660819
278.0,335.98,342.03,335.67,340.48,1039824
274.0,333.97,336.21,332.46,335.58,536148
273.0,332.00,335.22,330.79,334.89,1382544
272.0,327.37,332.16,327.00,332.01,636747
271.0,327.23,329.68,325.67,329.13,822288
270.0,327.33,329.56,326.86,328.67,554226
267.0,330.35,330.99,325.45,326.21,821181
266.0,328.99,330.54,327.73,330.19,693438
265.0,331.27,331.27,327.73,328.89,617763
264.0,327.63,332.67,327.57,332.20,951714
263.0,327.35,328.33,324.80,327.57,1155864
260.0,324.51,330.77,322.86,328.10,1155480
259.0,329.25,331.00,324.07,324.37,970452
258.0,328.69,330.51,327.00,329.63,841503
257.0,322.41,330.15,321.67,328.46,1763607
256.0,317.00,322.42,317.00,321.52,980133
253.0,310.09,314.67,310.09,314.08,724716
252.0,313.16,314.36,309.30,309.79,763101
251.0,311.46,315.25,310.33,314.48,793776
250.0,311.05,312.62,309.83,311.46,683529
249.0,309.90,312.38,309.21,312.21,908079
246.0,312.74,312.74,307.89,310.36,974697
245.0,309.78,313.12,309.36,311.39,844956
244.0,313.13,313.79,309.00,310.99,909753
243.0,312.99,315.00,311.38,313.66,814587
243.0,314.50,315.33,311.13,312.75,1141902
240.0,310.17,314.33,309.02,313.73,1461003
239.0,314.69,315.33,307.00,310.62,1317138
238.0,315.36,316.72,313.15,314.64,798273
237.0,317.24,317.89,313.72,314.97,1069695
236.0,308.93,317.80,308.93,316.39,1505544
233.0,321.64,322.66,308.57,309.16,3073830
232.0,323.01,324.89,320.92,323.91,1992969
231.0,317.60,322.48,317.55,322.26,1465299
230.0,316.09,316.86,313.46,315.55,960816
229.0,318.31,318.87,314.68,316.03,1223565
226.0,313.47,318.03,313.47,317.25,852873
225.0,317.19,317.73,312.62,312.85,932760
224.0,316.67,318.52,315.72,316.11,822870
223.0,316.47,316.47,312.38,314.16,986862
222.0,314.50,316.94,312.67,315.75,964770
219.0,312.81,316.06,312.54,314.76,695748
218.0,310.83,313.31,309.67,311.60,651735
217.0,309.38,313.43,309.38,312.70,1141572
215.0,313.65,313.85,306.86,307.22,488331
211.0,311.62,313.30,307.50,311.79,748941
210.0,314.91,314.91,307.86,310.17,940317
209.0,312.92,316.03,310.66,315.44,1081248
208.0,313.76,314.64,310.02,312.00,1152549
207.0,317.45,318.26,312.55,313.48,925392
204.0,316.96,318.13,314.65,316.31,2405859
203.0,318.27,321.18,316.83,318.05,815973
202.0,314.09,318.13,313.67,317.76,1085781
201.0,312.90,316.33,312.74,313.45,1107678
200.0,306.30,312.44,306.16,312.13,1225398
197.0,300.32,305.86,300.19,304.95,1724802
196.0,300.25,300.56,297.35,299.65,979944
195.0,305.89,306.00,300.97,301.94,955578
194.0,301.74,305.10,300.12,302.74,908733
193.0,303.67,304.80,292.17,301.10,1955838
190.0,311.60,311.77,302.07,305.45,1056237
189.0,311.67,312.38,308.83,309.95,808257
188.0,309.63,310.91,308.07,310.67,716625
187.0,306.05,309.91,306.03,308.12,576729
186.0,307.09,308.65,305.82,307.34,655800
183.0,307.74,309.17,306.42,308.23,731178
182.0,305.03,306.43,303.94,306.36,759654
181.0,305.95,307.28,303.54,304.89,937935
180.0,302.03,305.16,301.03,304.81,930303
176.0,304.48,304.92,302.75,303.45,626841
175.0,301.29,303.80,300.01,302.52,599268
174.0,299.07,300.67,297.54,299.96,806283
173.0,299.18,300.70,297.67,299.01,922647
172.0,292.33,299.12,292.03,297.35,1332891
169.0,287.71,291.51,286.78,290.11,1245849
168.0,284.27,287.13,283.64,286.66,796329
167.0,285.09,286.62,283.54,283.66,1169391
166.0,285.78,288.25,284.49,286.49,906342
165.0,280.62,283.77,280.62,283.56,608913
162.0,282.09,282.77,281.11,281.24,632970
161.0,281.31,282.27,279.40,281.64,697053
160.0,281.37,281.67,279.58,281.02,942690
159.0,279.81,281.78,279.09,281.06,930201
158.0,283.33,283.88,279.67,280.26,1347450
155.0,283.13,283.67,281.92,283.51,491880
154.0,282.10,282.84,281.59,282.41,541962
153.0,281.58,282.58,280.29,281.78,544086
152.0,279.07,281.82,279.07,281.59,619968
151.0,279.53,280.66,278.79,279.86,735618
148.0,278.89,281.49,277.59,278.62,1170795
147.0,278.21,280.25,278.01,278.85,882366
146.0,275.31,278.66,275.17,278.01,934941
145.0,274.07,277.68,273.48,275.75,1458867
144.0,272.33,274.68,271.06,274.06,1136883
141.0,270.56,271.52,269.10,271.14,1233783
140.0,268.83,271.80,267.62,271.48,1183824
139.0,266.67,272.40,263.66,269.23,3396222
138.0,256.00,256.00,251.13,253.11,1765737
137.0,256.31,257.75,255.11,256.09,1159938
133.0,255.14,256.22,254.16,254.93,758481
132.0,253.96,255.00,253.62,254.75,741195
131.0,255.37,256.52,253.54,254.94,824880
130.0,255.00,256.47,255.00,255.68,684063
127.0,254.68,256.11,253.70,255.71,752016
126.0,254.05,255.32,253.44,254.26,780918
125.0,253.63,258.64,253.15,254.27,1098057
124.0,255.33,255.75,253.11,254.11,598686
123.0,255.21,257.19,253.48,254.90,962037
120.0,255.12,256.66,254.77,255.49,921918
119.0,255.30,256.33,254.14,255.42,533187
118.0,254.34,255.84,253.17,255.23,739248
117.0,255.77,256.76,254.76,254.82,843153
116.0,251.81,256.37,251.07,255.77,1176528
113.0,249.92,253.84,249.22,252.67,1336134
112.0,249.13,250.49,248.18,248.73,567108
111.0,249.21,250.06,247.50,249.44,547521
110.0,251.17,252.66,248.47,248.65,1187802
109.0,249.19,251.85,249.01,250.01,1124529
106.0,249.38,250.73,248.56,249.94,2006907
105.0,249.68,250.17,246.50,247.84,813723
104.0,245.62,250.48,245.33,248.89,1704870
103.0,242.95,246.77,242.81,246.69,1363602
102.0,244.38,245.44,242.46,244.63,786261
99.0,246.67,246.67,244.21,244.72,735912
98.0,242.38,245.66,242.38,245.34,950133
97.0,243.67,244.84,242.26,242.70,962712
96.0,244.23,245.45,243.05,243.38,1155312
95.0,246.89,247.65,244.82,245.23,1199553
92.0,246.81,248.76,246.31,248.26,642720
91.0,247.00,248.60,246.57,247.52,804204
90.0,245.60,248.20,244.36,247.03,947979
87.0,244.00,246.34,243.20,245.67,1186182
86.0,245.79,246.33,244.20,244.68,890385
83.0,244.47,246.27,243.78,245.62,845004
82.0,243.77,245.54,243.52,245.12,805683
81.0,243.27,244.70,242.86,244.03,835554
80.0,241.67,244.39,241.19,244.06,1446174
76.0,239.48,242.45,239.21,241.55,1163307
75.0,238.14,240.58,237.53,240.49,868650
74.0,237.21,239.77,236.84,238.91,909738
73.0,237.47,239.33,236.75,238.31,924918
72.0,235.00,237.10,233.66,236.90,775977
69.0,235.31,236.22,234.48,235.17,806523
68.0,233.99,236.51,233.42,235.13,811185
67.0,233.84,234.88,233.11,234.22,1035351
66.0,234.69,235.44,233.83,234.75,1138353
65.0,233.35,235.35,232.24,234.99,972447
62.0,233.33,234.32,232.59,234.04,972819
61.0,231.05,233.66,230.35,233.39,1047555
60.0,230.02,232.67,229.33,232.34,1075182
59.0,229.41,232.51,228.19,230.90,1155201
58.0,229.13,230.15,227.88,230.04,938994
55.0,228.13,231.75,227.38,230.43,1264098
54.0,232.10,233.00,228.14,229.19,1661838
53.0,225.00,233.47,224.01,233.33,3402939
52.0,219.22,223.26,217.89,222.02,1409193
51.0,219.18,220.66,217.19,218.34,817128
48.0,220.41,220.41,218.08,218.92,774246
47.0,220.81,221.38,218.03,219.35,750990
46.0,221.26,222.66,220.05,221.02,591831
45.0,221.50,222.45,218.33,221.25,787161
41.0,222.67,224.99,220.86,221.57,873846
40.0,225.86,225.86,220.35,221.63,1247202
39.0,225.30,229.55,223.36,226.05,1896114
38.0,214.18,221.33,213.91,220.73,1189671
37.0,211.73,214.42,211.73,213.77,1159455
34.0,211.33,213.62,211.33,212.04,883569
33.0,210.06,212.57,209.15,210.97,1110585
32.0,212.67,212.67,208.24,209.83,1361727
31.0,211.98,214.06,211.67,213.93,793473
364.0,212.77,212.80,210.75,211.39,801777
363.0,211.52,213.00,211.52,212.18,472866
362.0,213.27,214.14,211.24,211.85,483486
361.0,214.35,215.73,213.09,213.17,358167
357.0,213.03,214.89,212.77,213.58,566355
356.0,210.57,213.15,209.99,212.53,875202
355.0,211.36,211.54,210.00,210.10,537801
354.0,212.83,213.29,210.01,211.34,791526
353.0,213.19,213.82,211.75,212.64,874143
350.0,213.17,214.29,211.39,213.80,1660869
349.0,212.38,213.87,210.71,213.00,1033227
348.0,212.55,214.67,211.34,212.20,1172865
347.0,212.00,217.40,211.91,211.99,1954482
346.0,207.94,211.68,207.94,211.25,1189266
343.0,206.61,209.29,206.27,208.40,869406
342.0,205.99,207.67,204.79,206.49,902826
341.0,206.84,207.39,203.57,206.34,1863825
340.0,212.00,212.30,206.30,207.20,1321524
339.0,212.43,212.84,211.43,212.32,881376
336.0,211.66,214.62,210.37,212.21,1268157
335.0,214.15,214.67,209.37,210.78,1342818
364.0,216.76,217.74,212.25,214.58,2665254
363.0,216.33,218.26,216.00,216.77,940203
362.0,218.98,219.54,215.59,215.90,1157586
359.0,216.14,220.43,215.25,218.84,736185
357.0,213.71,215.47,212.50,215.09,1106646
356.0,219.33,219.56,212.53,213.40,2002278
355.0,219.41,221.21,218.33,220.70,1278777
352.0,218.05,219.33,217.57,218.30,790107
351.0,214.44,218.67,214.44,218.20,836976
350.0,213.86,215.17,212.33,214.45,880560
349.0,209.07,214.02,209.07,213.52,997248
348.0,207.00,210.67,206.23,208.20,1795023
345.0,211.49,214.09,205.60,207.25,2119173
344.0,217.37,218.14,210.21,211.84,2360919
343.0,221.24,222.62,216.91,217.15,2623578
342.0,226.29,229.39,225.69,228.38,651423
341.0,226.01,227.59,225.61,226.14,708951
338.0,223.96,226.26,223.53,223.81,1027515
337.0,223.34,224.73,222.58,224.43,875742
336.0,223.46,224.78,222.01,222.19,796689
335.0,224.48,224.65,221.75,223.24,772884
334.0,221.93,224.48,219.46,224.03,878337
331.0,220.81,225.18,220.59,222.18,1036068
330.0,222.50,223.19,219.24,221.08,985806
329.0,225.56,225.56,221.69,221.91,881430
328.0,228.33,228.66,225.53,226.50,756960
327.0,228.35,229.16,227.26,228.33,912486
324.0,226.82,227.48,225.31,226.01,1225569
323.0,227.33,229.82,226.01,227.27,1680540
322.0,235.22,235.29,226.83,227.19,3684555
321.0,238.98,241.10,236.67,240.58,1554981
320.0,238.43,239.62,236.04,236.48,790083
317.0,239.53,239.53,236.90,238.30,635727
316.0,236.32,238.60,235.71,237.81,782793
315.0,237.33,237.74,236.24,236.98,514548
314.0,241.38,241.38,235.46,236.77,708339
313.0,239.59,242.42,239.59,241.54,416538
310.0,240.00,240.00,237.74,239.35,401640
309.0,238.88,239.67,238.05,238.73,582120
308.0,238.92,240.24,238.23,239.37,449646
307.0,239.33,240.38,237.66,238.87,562245
306.0,240.52,241.28,238.28,239.31,527031
303.0,239.32,242.38,239.12,241.61,976986
302.0,241.33,241.33,237.49,240.00,823329
301.0,239.94,241.11,238.14,239.26,670122
300.0,236.33,240.31,235.67,240.06,854091
299.0,236.06,236.67,234.68,235.75,828729
296.0,239.33,239.33,236.37,236.74,743235
295.0,236.07,239.69,235.28,239.40,1018191
294.0,232.75,234.67,231.37,234.35,961032
293.0,232.06,233.65,231.57,232.96,843048
292.0,230.58,231.83,230.20,231.18,611622
289.0,229.02,229.27,227.39,228.79,1146078
288.0,223.62,229.32,223.50,228.06,914496
287.0,224.25,225.83,223.65,224.37,657774
286.0,225.90,227.28,223.59,224.08,896976
285.0,225.12,228.06,224.59,227.80,645786
282.0,228.37,228.68,225.34,225.41,644022
281.0,229.27,230.88,228.71,230.38,518166
280.0,230.00,231.64,229.69,230.02,500850
279.0,230.00,231.08,227.18,231.04,516993
275.0,231.15,231.15,229.28,229.46,426459
274.0,228.95,230.42,227.78,229.90,625389
273.0,229.82,229.84,227.72,228.81,448026
272.0,229.30,229.74,227.13,229.18,435798
271.0,228.49,230.12,227.77,229.18,1072959
268.0,229.48,230.55,227.54,228.43,699870
267.0,228.33,229.90,227.54,228.82,365265
266.0,231.62,232.49,228.00,228.53,464103
265.0,231.67,233.00,231.00,231.99,620334
264.0,229.34,230.96,228.98,230.75,463851
261.0,228.56,229.74,227.49,229.22,432426
260.0,226.80,229.13,226.80,228.54,411252
259.0,229.21,229.21,226.37,227.63,527400
258.0,230.34,230.34,228.47,228.68,417777
257.0,230.88,232.40,230.33,231.00,391185
254.0,231.02,231.02,229.50,230.31,547230
253.0,231.40,232.66,230.61,231.85,520767
252.0,232.23,232.49,230.31,231.08,409995
251.0,231.61,233.55,231.54,232.23,569790
250.0,230.78,231.34,229.93,230.95,395088
247.0,231.51,231.99,230.22,231.11,491055
246.0,229.46,232.30,228.00,231.20,677181
245.0,230.72,231.30,228.68,229.24,576021
244.0,231.62,231.62,228.44,230.16,519318
243.0,231.32,233.33,230.77,231.29,862899
241.0,230.00,232.38,229.68,231.92,824703
240.0,227.93,230.41,227.93,230.03,771198
239.0,228.77,230.53,227.03,227.69,858462
238.0,229.65,230.40,228.41,228.87,656595
237.0,228.82,230.37,228.20,228.79,853545
234.0,229.48,229.94,226.88,229.79,1389336
233.0,232.00,233.60,229.59,230.32,1350522
232.0,237.36,240.00,233.41,234.35,3480120
231.0,222.60,225.27,221.71,223.97,1369254
230.0,224.30,224.63,223.36,223.51,785247
227.0,226.13,226.26,222.72,223.46,1014573
226.0,226.16,226.97,224.32,225.20,642369
225.0,226.22,226.22,224.17,224.28,620706
224.0,226.04,226.26,224.50,225.10,844932
223.0,227.09,227.20,224.34,224.57,830925
220.0,226.18,226.83,224.62,226.28,641457
219.0,223.00,225.36,222.73,225.10,573306
218.0,221.67,224.58,221.00,223.48,878220
217.0,221.62,222.78,220.56,221.56,687822
213.0,220.52,222.50,219.68,222.10,738024
211.0,219.24,221.17,218.34,220.47,991896
210.0,213.77,219.79,213.34,219.24,1103544
209.0,211.00,213.33,210.16,212.87,825237
208.0,214.01,214.17,208.47,209.97,1220625
205.0,214.35,217.48,214.09,214.94,1779687
204.0,218.05,220.65,217.32,220.44,877914
203.0,215.27,217.33,215.07,217.15,753807
202.0,216.08,217.00,214.37,215.06,661557
201.0,216.14,217.14,215.30,216.03,594369
198.0,214.82,215.66,212.80,213.91,1227132
197.0,215.37,215.37,211.79,214.51,732795
196.0,215.53,216.26,213.92,215.04,963777
195.0,213.83,215.53,213.56,215.00,622887
194.0,212.41,216.17,212.41,214.70,841524
191.0,213.91,215.15,212.25,213.86,589953
190.0,213.08,217.19,212.38,216.07,903219
189.0,212.40,215.33,212.03,214.29,979506
188.0,211.67,212.35,210.56,211.96,487236
187.0,212.18,212.91,210.46,211.87,471594
184.0,213.14,213.18,210.86,212.28,740727
183.0,210.32,213.33,210.00,213.15,835062
182.0,210.75,213.01,209.16,212.56,870015
181.0,213.04,213.30,210.62,211.57,1860459
177.0,213.33,214.48,211.43,212.22,724620
176.0,213.46,214.72,212.00,212.40,974388
175.0,212.84,214.94,212.69,214.35,712149
174.0,211.04,213.29,209.64,212.89,978015
173.0,210.53,210.70,208.15,209.55,660630
170.0,208.29,211.76,207.23,210.86,1171953
169.0,207.13,208.55,206.09,207.93,773361
168.0,207.27,210.18,204.36,208.40,1237092
167.0,211.42,211.84,206.17,207.13,1059687
166.0,209.70,213.00,209.33,211.76,662895
163.0,211.34,212.50,208.88,209.60,677400
162.0,209.83,211.24,207.33,211.10,1148880
161.0,209.16,209.82,208.13,209.23,652272
160.0,208.72,209.68,206.99,208.85,755046
159.0,205.71,209.67,205.71,207.95,1121622
156.0,204.63,206.59,203.74,206.32,1189941
155.0,205.90,206.43,204.23,205.11,1081428
154.0,205.21,206.50,203.98,205.05,790866
153.0,208.92,209.94,205.01,206.21,1036473
152.0,209.26,211.79,208.74,211.12,711384
149.0,209.00,209.54,206.67,208.79,845814
148.0,209.28,214.97,209.28,210.50,1116105
147.0,211.23,212.24,209.04,211.00,745998
146.0,213.33,213.33,210.11,210.83,891285
145.0,210.97,214.11,210.85,212.91,933435
142.0,210.50,213.33,209.30,212.72,1256583
141.0,214.52,216.29,213.03,213.97,741045
140.0,214.99,218.29,213.98,214.85,2092185
139.0,209.00,209.23,205.74,207.90,1903419
138.0,208.19,209.73,207.12,208.99,1116549
135.0,208.16,209.33,206.68,208.07,855660
134.0,209.00,209.53,207.33,207.70,482388
133.0,208.95,210.22,207.42,209.00,988557
132.0,208.80,209.79,206.48,208.50,874296
131.0,207.68,208.97,206.27,206.73,688620
128.0,206.98,208.93,205.06,206.59,780546
127.0,208.63,208.63,203.01,204.93,804582
126.0,203.97,209.51,203.97,208.71,1132293
125.0,205.84,206.42,203.12,204.31,955500
124.0,202.50,209.31,201.09,207.35,1526430
121.0,198.40,202.18,197.01,202.17,1371432
120.0,199.76,201.83,198.40,200.35,663135
119.0,202.58,202.58,198.01,199.43,882246
118.0,194.38,201.33,194.00,201.02,1020468
117.0,195.23,195.59,193.49,194.72,615819
113.0,194.44,194.69,191.94,194.44,959709
112.0,197.08,198.66,195.38,195.44,835002
111.0,193.21,197.28,192.47,197.01,1100511
110.0,194.00,196.40,192.50,194.33,1143027
107.0,188.66,194.51,187.53,194.35,1906986
106.0,196.18,196.67,187.01,187.45,1748124
105.0,194.27,198.08,194.22,195.79,1031508
104.0,195.71,198.24,194.45,195.80,1514910
103.0,193.35,198.66,191.72,197.69,1544346
100.0,191.67,194.77,191.07,193.48,1000083
99.0,190.63,191.57,188.97,191.23,815337
98.0,190.01,191.19,188.35,190.97,920502
97.0,189.44,190.93,188.54,188.95,813438
96.0,190.15,192.12,188.34,190.90,938574
93.0,191.49,191.98,189.40,190.22,1095153
92.0,190.00,192.00,189.44,191.35,982584
91.0,189.12,191.50,189.11,191.27,1656753
90.0,188.08,191.50,187.13,190.50,1553892
88.0,188.82,189.96,187.49,187.69,1409493
85.0,186.67,190.04,185.67,189.16,2020995
84.0,185.00,186.59,182.15,186.43,1308975
83.0,181.34,185.00,181.34,184.55,1109304
82.0,182.38,184.33,181.37,182.97,700761
81.0,183.00,184.00,181.13,183.84,748143
78.0,179.55,182.35,176.82,182.11,783537
77.0,180.29,181.64,179.37,180.87,745425
76.0,178.51,180.83,177.33,180.62,939513
75.0,178.67,178.67,175.21,178.39,998355
71.0,174.38,178.17,172.40,177.09,654261
70.0,171.44,175.00,171.44,173.85,1014708
69.0,170.01,176.31,170.01,174.80,1025316
68.0,169.05,173.50,167.34,169.61,1338585
67.0,176.85,176.85,167.34,169.09,1932717
64.0,183.67,184.81,177.98,178.75,1929294
63.0,181.22,184.65,179.81,183.98,1273494
62.0,181.16,181.77,177.50,181.70,951483
61.0,179.81,181.62,178.03,179.78,704205
60.0,179.67,182.12,179.22,181.05,984177
57.0,175.86,180.41,175.86,180.28,1401525
56.0,178.55,179.62,173.50,175.53,1324953
55.0,182.08,182.52,177.32,178.01,1095573
54.0,183.33,185.00,180.64,181.75,1317363
53.0,187.96,190.20,185.58,186.07,1379853
50.0,189.63,193.33,185.32,188.70,2242428
49.0,185.50,186.63,180.54,185.20,2007594
48.0,184.11,187.26,179.34,184.85,1552281
47.0,186.18,188.78,184.18,185.50,1597470
43.0,180.08,186.00,179.98,185.75,1764156
42.0,183.10,185.82,179.38,185.26,1746303
41.0,187.48,190.67,181.46,181.71,2833944
40.0,181.55,182.38,178.33,180.71,916287
39.0,180.19,182.42,176.93,179.86,1380879
36.0,179.89,181.05,177.67,178.85,1012428
35.0,181.82,185.52,178.79,178.97,1766856
34.0,182.43,185.58,181.02,184.41,1512090
33.0,183.02,184.68,181.33,183.99,1092195
32.0,182.39,183.28,179.60,182.46,1592673
365.0,183.54,184.29,181.92,182.05,541665
364.0,184.99,185.21,183.77,184.17,568620
363.0,183.26,185.53,182.67,184.46,819396
362.0,182.19,183.17,180.86,182.37,480276
358.0,182.89,183.00,181.79,182.48,306372
357.0,181.66,182.99,179.89,182.58,663600
356.0,180.55,181.45,178.61,180.48,625038
355.0,178.80,180.00,177.92,179.77,773094
352.0,178.23,181.11,177.69,178.06,1709304
351.0,181.36,182.65,178.97,179.69,824961
350.0,180.29,182.29,178.11,181.71,779919
349.0,176.84,181.02,174.97,179.02,1338015
348.0,174.32,177.68,173.70,176.25,1161507
345.0,173.41,176.51,173.20,174.49,1202169
344.0,170.54,176.63,169.71,175.35,966855
343.0,170.64,172.32,169.66,171.22,741060
342.0,173.36,174.10,170.80,171.05,883203
341.0,173.33,175.96,172.98,174.17,1109598
338.0,169.80,174.62,169.80,173.80,707040
337.0,172.56,173.63,168.02,169.55,934359
336.0,174.24,174.94,172.26,172.52,648843
335.0,173.68,174.92,172.19,174.08,933957
364.0,173.63,174.23,172.60,173.34,701139
361.0,173.03,173.68,172.29,173.08,232782
359.0,172.43,173.33,171.67,172.62,481101
358.0,172.41,173.66,170.93,172.25,893739
357.0,171.90,173.98,171.90,173.03,1147350
354.0,169.22,172.30,169.05,172.19,1210821
353.0,169.07,169.07,167.16,168.06,632043
352.0,166.18,169.45,165.90,169.12,911073
351.0,166.65,168.24,165.74,166.17,680943
350.0,166.11,167.62,166.09,166.97,803784
347.0,166.11,168.00,165.34,166.26,977283
346.0,167.02,167.83,166.28,166.67,1049616
345.0,167.80,168.17,165.96,166.20,732294
344.0,166.33,167.86,165.13,167.52,815235
343.0,166.98,168.00,165.36,166.01,626892
340.0,165.12,167.48,165.02,166.99,625665
339.0,167.28,168.11,165.33,166.45,980256
338.0,167.50,168.49,166.70,167.15,677088
337.0,167.89,168.97,166.43,167.80,852018
336.0,165.70,168.33,165.60,168.09,724857
333.0,166.85,168.32,165.45,165.53,1060818
332.0,166.48,167.47,165.02,166.76,796593
331.0,165.77,166.82,164.07,166.67,837018
330.0,165.25,166.37,164.13,165.59,524292
329.0,166.52,166.75,164.57,165.52,751485
326.0,165.76,168.52,165.30,166.68,1489086
325.0,167.21,167.31,161.04,165.39,2072223
324.0,172.98,173.33,166.12,166.47,3399180
323.0,159.33,160.12,157.00,157.67,1613961
322.0,155.85,160.01,155.79,159.48,1406139
319.0,155.26,156.05,153.68,155.78,669162
318.0,152.36,154.67,150.59,154.10,887403
317.0,152.37,153.25,150.50,151.62,1106031
316.0,151.17,154.15,149.00,152.14,1418574
315.0,156.15,156.19,153.02,153.61,1151937
312.0,155.98,158.78,154.77,156.55,744240
311.0,154.95,156.39,153.65,156.14,755418
310.0,153.51,155.74,152.76,155.57,772710
309.0,155.56,155.71,151.84,153.20,696756
308.0,156.42,158.83,154.67,156.27,1129620
305.0,150.66,155.08,150.00,154.96,2081115
304.0,153.33,153.84,149.61,151.86,1513716
303.0,153.17,155.33,152.28,153.19,1069197
302.0,155.36,156.42,150.20,151.82,1429566
301.0,158.42,158.55,153.76,154.50,1511961
298.0,164.33,164.93,157.91,158.64,996537
297.0,162.53,164.27,162.00,163.72,625320
296.0,164.60,165.27,162.93,163.29,1154460
295.0,167.11,168.01,162.93,164.74,1509132
294.0,170.68,171.51,167.17,168.31,1097904
291.0,171.96,172.74,170.29,170.49,1259826
290.0,171.83,175.50,171.83,173.08,628986
289.0,171.24,171.81,170.22,171.50,382719
288.0,169.58,172.37,169.00,171.26,573912
287.0,171.90,171.90,169.13,170.19,537162
284.0,170.14,172.64,168.98,171.77,609612
283.0,169.76,172.33,167.00,170.51,552963
282.0,174.38,174.56,169.52,169.99,859083
281.0,171.78,173.81,171.04,173.55,746268
277.0,169.33,170.52,168.75,169.47,627972
276.0,170.61,173.88,170.01,171.25,760044
275.0,169.53,170.38,167.94,170.38,687096
274.0,167.33,169.65,166.00,167.81,1193709
273.0,170.73,172.57,170.15,170.32,684459
270.0,170.80,172.16,170.26,171.41,407163
269.0,170.90,171.90,169.90,171.86,735516
268.0,168.73,169.60,165.32,169.48,968139
267.0,166.67,169.97,164.33,164.82,1469865
266.0,160.54,166.70,158.34,163.60,1476312
263.0,169.88,171.35,167.61,168.95,1044459
262.0,174.03,174.86,171.28,171.41,699927
261.0,176.90,176.90,174.28,175.54,818271
260.0,178.09,178.09,176.18,176.57,437529
259.0,175.97,177.90,174.34,177.68,463224
256.0,176.10,176.78,175.11,176.62,369387
255.0,176.27,177.20,175.27,175.96,523017
254.0,175.97,176.80,175.00,176.43,860889
253.0,177.33,178.00,175.31,176.61,560949
252.0,177.98,178.00,176.36,177.42,857196
249.0,174.71,178.00,173.71,177.66,723660
248.0,176.55,177.51,174.50,174.69,528381
247.0,176.45,178.15,176.45,177.02,557088
246.0,174.72,176.32,174.05,175.58,546726
245.0,177.22,177.83,173.72,175.50,980823
243.0,180.03,180.03,177.33,177.72,721026
242.0,180.04,180.57,178.72,179.87,542574
241.0,179.53,181.46,178.61,180.10,548826
240.0,180.43,181.17,179.33,180.09,1071402
239.0,179.75,181.83,179.27,181.38,1405968
236.0,176.36,184.20,174.51,182.03,2040315
235.0,183.33,186.86,181.85,185.73,1483821
234.0,187.00,188.29,182.46,183.29,3911736
233.0,165.90,169.23,165.32,168.36,1463016
232.0,163.14,166.33,162.48,165.87,658872
229.0,163.30,163.93,162.28,163.27,889392
228.0,164.27,164.79,162.92,163.34,659730
227.0,164.47,165.39,162.99,163.49,968544
226.0,166.33,166.47,162.88,163.98,974739
225.0,160.35,166.36,160.35,165.85,663423
222.0,162.17,163.06,161.33,162.62,381864
221.0,161.63,162.19,159.86,160.49,403734
220.0,160.12,161.41,158.24,159.55,613896
219.0,160.15,160.65,157.04,160.49,550242
218.0,159.21,160.87,156.93,159.37,1408341
214.0,162.62,162.75,160.70,162.10,652476
213.0,162.48,163.42,160.93,161.95,832629
211.0,162.81,162.81,160.03,161.50,964770
210.0,163.97,165.07,161.09,161.26,580110
207.0,165.81,167.74,165.12,165.72,1117194
206.0,164.38,168.33,164.38,164.95,775710
205.0,165.89,166.65,164.11,164.15,367689
204.0,166.19,167.78,165.33,165.54,529983
203.0,165.92,167.28,164.88,166.48,568656
200.0,165.24,166.24,164.32,164.92,1168974
199.0,163.77,165.79,163.22,165.33,692160
198.0,163.99,165.88,162.33,162.94,956880
197.0,164.16,165.23,163.42,163.61,479091
196.0,164.43,165.19,162.34,163.89,570234
193.0,165.18,165.96,163.81,165.22,812193
192.0,167.46,169.59,165.80,166.08,869511
191.0,165.92,169.31,164.83,168.07,1112403
190.0,163.15,166.24,162.48,165.74,836037
189.0,165.31,166.21,163.32,163.52,473646
186.0,165.78,166.11,163.70,165.03,352308
185.0,166.24,166.53,164.58,165.41,450012
184.0,166.31,167.46,165.29,167.05,420951
183.0,166.85,166.98,165.33,166.38,712383
182.0,163.79,169.86,163.11,167.39,1705131
179.0,162.02,164.33,161.11,162.58,1306176
178.0,163.84,164.33,161.47,161.93,873456
177.0,162.39,164.68,161.83,164.55,914160
176.0,164.67,164.74,162.15,162.39,681936
172.0,164.93,165.99,164.22,165.09,614343
171.0,163.66,165.80,163.58,164.98,612222
170.0,168.00,168.02,163.72,164.12,1067868
169.0,167.77,168.00,166.54,167.62,460008
168.0,167.55,168.13,166.70,167.55,694503
165.0,168.29,168.29,166.48,167.89,599259
164.0,166.91,168.65,165.27,167.45,906027
163.0,164.70,166.81,164.38,166.15,860658
162.0,164.33,166.39,163.49,164.95,1015710
161.0,164.61,166.10,163.01,165.46,878733
158.0,164.49,165.12,162.98,164.77,746775
157.0,163.04,165.12,161.84,163.04,890616
156.0,164.78,165.58,160.96,162.90,1250766
155.0,165.18,166.12,164.08,164.32,804516
154.0,166.67,167.19,164.33,166.12,813294
151.0,164.84,166.47,164.28,165.99,843399
150.0,166.30,166.37,163.83,165.33,973482
149.0,168.31,168.44,165.00,166.51,746847
148.0,167.00,169.45,164.64,168.31,1034367
147.0,168.64,170.60,166.58,166.84,927849
144.0,168.44,171.47,168.07,168.64,1001682
143.0,171.77,173.09,170.83,170.92,1214091
142.0,176.99,178.85,172.06,172.31,2128413
141.0,184.93,186.35,181.25,182.24,1438116
140.0,181.30,184.73,180.25,184.33,1358475
137.0,178.60,180.84,178.10,180.23,1139787
136.0,178.77,182.05,176.09,181.16,1143609
135.0,178.92,179.78,177.11,177.90,611259
134.0,180.02,181.67,176.37,178.68,1148556
133.0,176.95,182.79,176.33,180.77,1651467
130.0,171.03,177.81,169.68,176.79,1419783
129.0,170.75,172.47,169.74,171.03,489315
128.0,169.93,171.78,169.83,170.49,524067
127.0,172.21,172.51,170.70,170.82,563316
126.0,168.06,171.97,167.67,171.44,815241
122.0,169.44,170.33,166.90,169.43,504165
121.0,167.31,169.69,165.31,168.84,858582
120.0,167.92,171.66,167.92,168.34,648471
119.0,166.86,169.33,165.99,168.72,596187
116.0,164.80,168.23,164.80,165.75,793584
115.0,164.85,168.65,164.01,166.33,822135
114.0,167.68,169.43,164.72,165.08,621576
113.0,169.39,170.18,167.44,167.90,460788
112.0,169.68,170.40,168.32,169.40,462510
109.0,170.64,171.57,169.05,169.68,863961
108.0,169.10,170.38,168.80,169.59,386934
107.0,169.07,170.68,166.65,169.62,657240
106.0,168.08,169.60,167.81,168.58,635514
105.0,164.68,169.34,164.44,168.94,652770
102.0,165.83,166.93,163.67,164.48,603003
101.0,165.86,167.63,164.39,166.42,434574
100.0,162.38,165.64,162.36,164.50,642408
99.0,162.87,164.20,162.50,162.51,776928
98.0,163.57,164.67,162.22,164.20,898161
95.0,165.66,166.51,163.91,164.68,817038
94.0,167.15,168.14,166.02,166.51,615360
93.0,168.49,168.64,166.33,166.85,792453
92.0,169.42,170.33,167.35,169.69,834342
91.0,166.99,168.33,166.99,167.75,534726
86.0,168.78,168.78,165.85,166.67,847986
85.0,169.56,170.84,167.92,168.78,375396
84.0,170.00,171.06,168.33,169.22,347634
83.0,170.92,171.21,169.84,170.62,358431
82.0,169.88,171.64,169.54,171.23,349653
79.0,170.42,171.13,168.76,171.10,462963
78.0,169.84,170.95,168.47,170.49,384480
77.0,171.17,171.62,170.05,170.95,335424
76.0,170.24,172.09,169.07,171.33,572751
72.0,168.74,170.42,168.56,170.24,419622
71.0,166.72,169.43,165.29,169.24,710664
70.0,166.37,168.00,165.52,166.31,403647
69.0,167.58,168.33,165.17,166.62,932382
68.0,170.00,171.00,166.30,167.10,686439
65.0,171.46,174.47,169.92,170.76,864936
64.0,169.39,172.13,169.03,172.06,1004508
63.0,169.14,170.93,168.03,168.31,515295
62.0,169.42,170.54,167.51,169.55,677181
61.0,166.62,169.29,164.89,169.04,1230405
58.0,166.98,168.30,164.55,164.83,852078
57.0,167.08,169.17,164.32,168.33,843501
56.0,168.33,171.25,167.33,167.52,763809
55.0,171.00,172.39,168.67,169.74,1161162
54.0,172.48,173.74,170.59,173.67,659784
51.0,170.78,175.61,169.34,172.52,1518819
50.0,172.77,175.52,172.02,175.13,1516362
49.0,172.64,175.71,172.01,172.71,741555
48.0,178.06,178.32,172.86,173.96,815232
44.0,174.32,177.26,173.13,176.88,796557
43.0,178.37,179.36,174.15,174.79,742224
42.0,173.77,178.95,172.99,178.45,966243
41.0,177.33,178.00,172.25,173.89,1434561
40.0,174.28,175.43,171.64,175.17,961587
37.0,176.99,178.75,173.49,173.62,981639
36.0,176.20,178.90,174.59,177.67,1224801
35.0,174.59,177.63,173.73,174.21,1131645
34.0,174.47,174.81,171.46,173.26,847779
33.0,174.26,174.50,171.26,171.46,1291506
30.0,176.96,178.60,173.77,175.19,536148
365.0,176.06,178.67,175.14,176.31,447693
364.0,175.10,177.58,175.08,175.30,323802
363.0,177.36,177.79,175.80,176.58,332037
360.0,177.13,178.23,175.85,177.08,243564
358.0,176.20,178.09,174.60,176.98,222798
357.0,179.00,179.30,174.85,175.39,455451
356.0,177.54,179.61,175.17,177.95,453279
353.0,173.61,178.21,173.41,177.32,1454061
352.0,171.60,174.50,170.33,174.50,808434
351.0,166.34,170.85,165.84,170.07,790911
350.0,166.53,168.93,165.55,165.72,417720
349.0,168.04,169.77,165.82,166.34,544296
346.0,167.00,170.49,167.00,167.59,548067
345.0,168.20,170.41,168.00,168.71,501720
344.0,170.98,170.98,166.36,166.93,779481
343.0,169.67,171.81,168.54,171.64,518097
342.0,167.13,171.93,167.13,171.71,744579
339.0,169.67,171.58,169.34,169.62,358596
338.0,170.83,173.32,169.67,170.23,542292
337.0,170.57,173.27,170.30,172.87,476298
336.0,171.98,172.02,169.85,170.79,538677
335.0,171.96,173.09,170.56,171.24,394302
362.0,171.67,173.23,171.45,172.59,282537
360.0,168.08,172.05,168.08,171.67,440520
359.0,173.33,174.55,171.72,172.16,1036428
358.0,171.67,174.09,171.27,173.78,791121
355.0,173.33,173.33,169.71,171.81,792207
354.0,170.61,171.77,170.45,171.17,341943
353.0,171.51,171.91,170.48,171.01,632778
352.0,170.12,172.62,170.00,172.06,667008
351.0,170.10,172.78,169.98,170.46,520548
348.0,172.47,172.61,170.25,170.74,588348
347.0,171.45,174.47,171.38,172.03,1023039
346.0,171.45,172.27,169.83,171.08,477537
345.0,169.95,171.63,167.67,171.45,775848
344.0,166.37,169.82,166.37,169.66,803172
341.0,170.12,170.47,165.67,166.67,757062
340.0,168.00,170.74,166.34,169.55,809184
339.0,165.95,168.74,164.67,168.46,1327296
338.0,165.28,166.26,163.52,165.33,696795
337.0,162.35,166.94,162.10,165.28,832047
334.0,165.26,166.84,164.17,165.27,1127196
333.0,161.85,164.69,160.75,163.33,785793
332.0,160.78,163.33,160.29,162.47,945975
331.0,159.93,164.05,159.52,163.90,971901
330.0,158.50,159.99,156.58,159.24,1163556
327.0,161.77,162.59,159.10,159.34,1359435
326.0,161.40,164.85,160.86,161.84,1345422
325.0,167.23,167.23,158.99,160.60,2699931
324.0,161.38,166.22,158.33,165.26,2338734
323.0,159.97,162.23,157.21,161.75,1381377
320.0,155.05,157.79,154.89,156.75,993393
319.0,151.05,155.82,150.62,152.17,1003908
318.0,152.07,154.52,149.78,153.38,1193214
317.0,157.40,158.23,152.50,153.77,1180761
316.0,156.27,158.70,154.86,155.02,757797
313.0,158.88,160.72,156.46,156.68,846114
312.0,162.71,162.71,157.00,158.78,1423785
311.0,161.25,163.86,159.95,163.28,1028172
310.0,161.22,162.95,159.64,160.75,1243410
309.0,163.11,168.58,161.72,162.18,1949004
306.0,157.01,160.33,157.01,158.40,1052685
305.0,154.52,157.17,152.13,156.55,753354
304.0,154.44,154.84,151.90,154.27,837762
303.0,154.93,156.32,152.67,153.94,989232
302.0,152.85,155.78,151.83,154.91,706647
299.0,152.31,154.60,151.61,153.43,577686
298.0,154.92,155.70,151.87,152.51,959817
297.0,152.73,155.77,152.21,155.25,791220
296.0,151.17,152.62,150.83,152.04,656928
295.0,155.35,155.60,150.50,152.36,1268982
292.0,159.62,159.67,156.40,156.51,1523064
291.0,158.45,159.00,157.22,158.51,629226
290.0,158.38,159.46,157.00,157.84,676113
289.0,156.10,158.99,154.36,158.23,707592
288.0,159.39,159.52,155.01,156.26,1184292
285.0,156.41,160.54,156.41,160.24,1281795
284.0,156.27,157.74,156.10,156.67,593934
283.0,154.96,158.40,154.06,157.85,875817
282.0,158.25,158.87,155.35,155.60,775089
281.0,155.71,155.83,153.39,155.59,806772
278.0,155.42,155.43,152.01,155.13,974652
277.0,158.05,158.47,154.52,154.90,994935
276.0,158.20,158.55,157.21,157.90,509385
275.0,157.52,158.32,156.28,158.02,648711
271.0,156.74,157.21,154.73,156.67,735735
270.0,156.11,157.17,154.60,155.19,583188
269.0,159.27,159.32,156.68,157.04,514935
268.0,156.33,160.15,155.93,159.56,985017
267.0,157.81,158.50,156.08,156.85,719703
264.0,157.47,157.49,155.96,157.25,504000
263.0,156.30,157.48,155.33,157.30,667845
262.0,157.07,157.94,155.08,155.83,693906
261.0,155.25,158.13,154.84,157.72,891975
260.0,153.53,156.10,153.30,154.77,931299
257.0,154.92,155.69,152.51,153.05,835410
256.0,151.57,153.58,150.82,153.46,637710
255.0,150.20,151.83,149.62,151.78,730059
254.0,148.51,150.64,148.41,150.51,893280
253.0,147.62,150.32,146.17,147.88,1101237
250.0,147.92,148.65,146.97,148.01,905682
249.0,149.61,149.85,146.88,147.27,769098
248.0,148.81,150.18,147.91,149.48,689769
247.0,150.55,151.67,148.67,149.46,748158
246.0,150.77,152.18,150.11,151.67,918132
243.0,153.00,153.32,150.33,151.06,2198112
243.0,154.98,155.33,152.31,152.52,1427688
242.0,155.91,156.66,154.98,155.66,812682
241.0,155.45,156.33,153.61,155.08,1106556
240.0,158.28,158.28,153.87,155.10,1562544
237.0,154.63,157.25,153.52,156.57,3009054
236.0,152.34,161.00,151.67,157.78,3681231
235.0,146.71,154.46,146.18,153.88,8540382
234.0,130.98,132.52,130.00,130.72,2966076
233.0,127.30,129.61,126.68,129.57,1361562
230.0,127.22,129.63,126.65,129.00,1993449
229.0,125.78,128.46,125.33,127.41,1614198
228.0,127.82,129.05,126.67,126.75,1360104
227.0,127.98,129.44,127.46,127.86,1712448
226.0,130.08,130.74,127.70,128.20,1486836
223.0,128.09,130.16,128.00,129.75,1446477
222.0,127.25,129.07,126.67,127.64,1281408
221.0,128.75,129.58,127.25,128.75,1183092
220.0,131.80,131.80,127.37,128.64,1550535
219.0,134.53,134.66,130.42,131.42,1541043
215.0,134.33,134.97,133.62,134.68,680685
214.0,136.01,136.40,134.02,134.45,1031373
213.0,137.28,138.12,135.24,135.50,1171065
211.0,140.59,140.72,136.67,137.27,1478556
208.0,137.26,142.14,136.53,141.13,3540687
207.0,134.73,137.10,134.05,136.93,1866000
206.0,134.75,135.33,133.23,135.03,804843
205.0,134.47,135.71,133.92,134.08,1277160
204.0,135.31,136.44,133.60,134.32,1121292
201.0,134.74,135.00,132.95,134.72,1812078
200.0,135.35,135.35,132.68,134.07,1098366
199.0,134.12,134.84,133.25,134.72,888468
198.0,136.93,137.31,134.36,134.41,1487157
197.0,132.50,136.99,132.29,136.61,2203521
194.0,130.62,132.95,130.21,132.27,1675923
193.0,127.03,130.97,127.00,130.79,1830987
192.0,125.74,128.23,125.60,127.46,1292850
191.0,124.45,126.53,124.30,125.87,987747
190.0,123.64,125.27,123.28,124.95,959847
187.0,123.40,123.86,122.67,123.75,884508
186.0,123.72,124.87,122.81,122.95,1090212
185.0,123.10,124.13,122.90,123.38,896727
184.0,122.99,124.64,122.99,123.65,728160
183.0,122.90,124.09,122.06,123.63,1181898
180.0,125.01,125.02,122.43,123.25,914718
179.0,122.20,125.40,121.60,124.95,1242090
178.0,123.74,123.96,121.55,121.56,1119132
177.0,121.52,124.27,120.84,123.79,1481652
173.0,121.56,122.00,120.88,121.29,851892
172.0,121.76,123.62,121.08,121.55,857427
171.0,121.83,122.81,121.04,122.11,530217
170.0,123.22,123.66,121.06,121.20,785631
169.0,124.01,125.73,123.35,123.64,1287903
166.0,121.72,124.90,120.81,124.70,1893315
165.0,124.32,124.32,120.19,121.48,1926960
164.0,121.30,125.20,120.67,123.89,2411862
163.0,121.70,122.79,120.67,121.82,1315716
162.0,118.23,122.38,116.69,121.89,1607787
159.0,117.19,117.76,115.49,117.69,2754009
158.0,117.30,119.94,117.10,117.45,3065073
157.0,120.08,120.75,117.51,117.65,2193672
156.0,120.82,122.10,120.00,120.10,2134638
155.0,120.46,121.93,119.76,121.32,1402509
152.0,123.53,123.54,121.05,121.20,2415996
151.0,121.75,123.66,119.46,119.71,1385859
150.0,119.74,121.22,119.34,120.57,1256379
149.0,124.13,125.67,117.79,120.53,1825353
148.0,122.97,123.96,121.46,122.60,1570593
145.0,122.84,123.33,120.81,122.12,1718886
144.0,125.45,125.51,122.67,123.77,1534788
143.0,129.07,132.47,124.11,124.64,6610896
142.0,143.33,143.88,138.55,140.78,3039786
141.0,136.67,138.91,136.14,137.04,1169412
137.0,138.33,139.18,136.67,137.33,1619823
136.0,141.95,142.04,137.75,138.38,2172249
135.0,141.71,142.42,136.87,139.03,2303523
134.0,147.38,147.58,140.80,141.67,2108778
131.0,150.19,150.54,144.57,146.54,2433423
130.0,153.26,155.00,150.83,151.20,2117799
129.0,147.31,153.97,146.34,152.21,7851927
128.0,166.67,166.78,161.46,163.28,2334429
127.0,168.33,171.27,165.45,165.68,2057574
124.0,178.33,178.89,168.39,168.51,4229124
123.0,173.15,180.41,173.15,180.21,3708861
122.0,168.12,174.17,166.20,172.83,4019436
121.0,162.02,167.77,156.74,164.53,8597421
120.0,144.99,147.33,144.33,146.00,1557393
117.0,143.20,146.30,142.88,145.00,1831560
116.0,140.83,143.84,139.43,142.87,2185389
115.0,141.89,143.33,141.11,141.55,688218
114.0,140.95,142.51,139.99,140.97,516015
113.0,143.72,145.05,139.75,140.69,1034625
110.0,147.85,147.85,142.81,142.96,1927749
109.0,143.77,145.79,141.72,145.67,764952
108.0,142.84,145.03,142.84,144.85,942534
107.0,141.92,143.25,141.72,143.01,513165
106.0,141.34,143.44,141.02,142.20,750792
103.0,142.27,143.91,140.73,141.02,915558
102.0,144.67,146.33,142.86,143.22,797055
101.0,144.28,147.30,143.02,144.38,1074180
100.0,146.55,147.35,144.64,145.06,836430
99.0,147.69,148.16,145.35,146.20,1098897
96.0,148.87,150.16,147.26,147.99,681615
95.0,149.00,149.92,147.37,148.12,777270
94.0,149.51,150.67,147.85,148.97,780435
93.0,151.97,151.97,147.83,149.84,2228490
92.0,147.43,154.16,146.68,151.28,2062443
87.0,148.07,151.66,146.60,148.28,1847610
86.0,146.06,148.57,145.33,148.05,1033197
85.0,146.14,147.42,144.92,146.12,824628
84.0,145.71,146.33,144.33,144.96,877695
83.0,145.06,147.23,144.73,146.18,1091358
80.0,146.38,147.17,144.92,145.06,824685
79.0,146.99,147.34,144.44,146.01,758496
78.0,146.73,149.25,146.28,146.65,739809
77.0,146.77,148.33,144.75,148.03,951201
73.0,144.03,147.32,143.75,146.28,1724343
72.0,145.94,147.64,144.50,147.51,1335159
71.0,142.91,146.23,142.40,146.12,1181448
70.0,141.37,143.82,140.41,142.15,1154718
69.0,138.69,144.28,138.36,143.22,1329561
66.0,138.00,139.33,136.33,139.23,1212246
65.0,137.84,140.00,137.84,138.26,1389009
64.0,136.23,139.19,135.58,138.37,1198041
63.0,134.44,137.99,134.16,136.37,1443729
62.0,135.12,136.33,132.22,133.72,1998222
59.0,136.64,137.81,135.35,135.86,1646067
58.0,138.83,140.68,138.46,138.78,1267881
57.0,135.01,139.85,135.01,138.40,1836708
56.0,135.62,138.29,135.48,136.51,1214304
55.0,137.07,138.80,136.08,136.21,1626627
52.0,137.45,142.17,135.42,136.92,4491585
51.0,146.33,147.80,144.85,146.33,2543850
50.0,146.05,146.50,144.33,146.37,1181439
49.0,148.31,149.17,144.33,146.46,2350161
45.0,138.59,143.75,138.00,143.38,2811546
44.0,138.16,139.44,136.16,138.13,852216
43.0,140.19,140.36,134.06,137.60,2918511
42.0,146.84,148.00,138.65,139.96,5937471
41.0,137.36,138.25,130.67,131.02,3272316
38.0,128.82,141.53,128.42,140.05,4489407
37.0,126.96,129.95,126.57,128.93,1676343
36.0,124.80,126.88,124.69,126.82,1495281
35.0,123.80,125.63,123.58,124.59,1164444
34.0,124.32,125.75,123.34,123.65,1183680
31.0,126.78,127.56,124.25,124.49,1034883
30.0,127.88,127.88,126.09,126.67,1382829
365.0,127.40,128.13,126.03,128.03,1060662
364.0,126.65,127.85,125.98,127.69,979521
361.0,124.75,127.85,124.49,126.66,1261722
360.0,124.12,125.25,123.33,124.93,1191639
358.0,123.74,124.83,123.05,123.65,556890
357.0,121.67,124.36,121.21,123.74,1434444
354.0,119.72,121.66,119.00,121.45,3164133
353.0,119.80,120.51,118.42,119.70,1229739
352.0,118.55,120.94,118.17,120.41,1657818
351.0,121.33,121.33,117.05,118.64,2253309
350.0,121.66,123.22,120.67,120.76,1533867
347.0,122.09,123.68,120.85,120.98,1270764
346.0,121.81,123.62,121.68,122.77,1449546
345.0,126.21,126.21,121.57,122.21,1708557
344.0,125.33,127.17,125.03,126.51,958419
343.0,125.66,125.86,124.17,125.53,1080990
340.0,126.91,127.20,124.56,125.79,1533687
339.0,123.63,123.98,121.78,122.61,809364
338.0,122.50,124.16,120.74,123.56,2328273
337.0,124.66,125.17,124.04,124.27,819825
336.0,126.07,126.17,124.79,125.16,586026
363.0,126.14,126.33,124.76,125.63,415653
361.0,125.48,126.20,124.70,126.00,652317
360.0,127.18,127.93,124.45,124.84,1423251
359.0,129.64,130.11,127.70,128.17,591192
356.0,129.70,130.61,129.01,129.90,425523
355.0,131.42,131.70,129.41,130.17,641904
354.0,131.89,132.66,131.02,131.50,417999
353.0,131.12,132.78,130.42,131.53,428718
352.0,131.50,132.93,129.96,130.99,888024
349.0,131.17,132.27,129.22,131.48,1054467
348.0,132.34,132.67,131.71,132.42,426327
347.0,132.00,132.58,130.57,132.08,741345
346.0,130.69,132.85,130.50,132.01,1366638
345.0,130.28,132.67,129.20,131.79,1637274
342.0,126.21,130.22,125.70,129.94,1195071
341.0,126.62,126.72,125.28,126.53,930069
340.0,125.34,126.09,124.71,125.72,582960
339.0,126.81,127.30,124.91,124.96,1223973
338.0,124.28,128.23,124.08,127.41,1639629
335.0,124.62,124.70,122.92,124.01,1296162
334.0,125.00,126.13,123.41,123.83,1485855
333.0,126.33,126.33,124.53,124.90,1052127
332.0,124.96,127.07,124.20,125.89,1994478
331.0,123.33,125.88,122.57,125.20,1608576
328.0,123.30,123.74,121.69,123.04,1167603
327.0,125.75,126.26,122.00,123.43,974436
326.0,122.26,125.63,121.86,124.99,1487613
325.0,123.80,124.63,122.49,122.77,1682124
324.0,125.52,125.52,122.00,124.01,2632206
321.0,123.41,128.50,123.33,125.51,6370686
320.0,133.67,136.30,131.75,133.04,3123987
319.0,131.02,134.49,130.95,133.78,1262691
318.0,133.72,134.59,129.89,130.07,1256025
317.0,129.38,135.15,128.40,133.89,1455738
314.0,128.40,130.73,127.92,130.06,577677
313.0,130.79,130.81,128.14,129.07,1196967
312.0,127.82,130.54,127.63,129.72,2253477
311.0,127.10,133.77,126.99,127.08,3853206
310.0,120.92,127.44,120.76,127.00,2308890
307.0,120.31,121.96,120.09,121.43,1104684
306.0,123.44,123.48,119.34,120.31,2487207
305.0,123.86,125.15,122.87,123.20,910824
304.0,125.15,125.67,123.52,124.13,1276566
303.0,122.12,126.00,121.43,125.42,1761618
300.0,122.11,123.80,121.99,122.49,1217916
299.0,122.56,123.77,121.67,122.80,1225983
298.0,126.06,126.66,121.85,122.44,2007408
297.0,123.54,123.61,121.15,121.30,1435485
296.0,124.44,125.12,123.34,123.61,840177
293.0,123.81,125.25,122.82,124.90,3208350
292.0,124.21,125.17,123.04,123.33,1416273
291.0,124.94,125.00,123.44,124.17,1247718
290.0,124.67,124.93,124.34,124.65,2518119
289.0,125.67,126.57,124.91,125.02,762357
286.0,124.49,125.59,123.56,125.00,2146116
285.0,125.17,126.22,123.45,124.23,3061161
284.0,125.92,126.16,124.78,125.50,1685643
283.0,128.33,129.05,125.63,125.66,2152722
282.0,128.11,129.21,127.94,128.30,1186110
279.0,128.30,128.87,127.00,128.23,954828
278.0,129.39,129.59,127.91,128.15,835854
277.0,127.78,129.49,127.78,129.11,1614537
276.0,129.40,130.16,128.18,128.39,902928
272.0,128.00,130.04,127.31,128.84,855123
271.0,128.54,129.89,127.78,128.20,739806
270.0,129.05,130.23,128.47,129.15,1385121
269.0,130.01,130.01,128.24,128.74,934116
268.0,130.35,131.33,129.76,130.56,677250
265.0,130.65,130.65,129.36,130.03,615483
264.0,128.83,130.27,128.02,130.05,379203
263.0,128.37,129.57,127.83,128.97,592908
262.0,128.61,130.59,128.16,128.48,979896
261.0,126.44,128.99,125.18,128.32,1954554
258.0,127.68,128.13,125.77,126.11,1269291
257.0,127.87,128.35,126.98,127.91,759807
256.0,128.80,129.31,127.81,128.65,619743
255.0,129.83,130.17,126.20,128.53,1317786
254.0,130.57,131.32,129.26,129.53,721815
251.0,131.59,131.91,129.33,130.62,789813
250.0,130.25,131.65,129.85,131.54,747414
249.0,131.14,131.24,128.73,129.98,1105881
248.0,131.16,131.59,130.76,130.98,1001352
247.0,130.60,131.33,129.73,131.21,755934
244.0,130.13,131.39,129.67,131.22,1471881
243.0,129.70,131.93,129.50,130.82,1926903
243.0,128.94,130.80,128.03,129.33,2600508
242.0,130.49,131.25,128.00,128.61,2774187
241.0,132.43,133.67,128.73,130.33,4228857
238.0,124.67,127.96,123.10,127.43,1485030
237.0,126.92,127.98,123.53,125.11,2820513
236.0,131.20,131.92,127.37,127.99,2111811
235.0,132.07,132.99,130.47,131.54,2010942
234.0,131.11,133.29,130.73,131.97,2492142
231.0,122.00,131.06,119.01,130.89,14023200
230.0,138.53,141.80,138.33,140.49,2310579
229.0,141.00,141.67,137.69,138.51,2309211
228.0,142.17,142.60,139.45,140.71,1287318
227.0,142.52,142.80,139.27,142.26,2699532
224.0,143.21,144.17,141.05,143.01,1981317
223.0,141.42,143.50,140.71,143.33,1802334
222.0,139.18,142.80,139.00,140.89,3550497
221.0,142.67,143.29,135.56,139.77,16729881
220.0,167.97,168.55,166.13,166.69,1215273
217.0,168.15,168.87,166.97,168.00,473844
215.0,166.77,167.93,166.44,166.57,350673
214.0,166.60,169.08,166.34,167.06,831153
213.0,169.73,169.73,166.89,167.18,826158
209.0,166.67,169.65,166.22,168.71,866400
208.0,168.81,169.20,167.00,167.40,470082
207.0,165.98,170.18,165.83,167.97,723924
206.0,168.94,169.47,166.22,167.23,501357
205.0,166.17,169.55,165.11,168.06,801237
202.0,166.75,168.36,166.00,167.63,975510
201.0,168.94,169.73,165.48,165.84,928056
200.0,170.17,172.02,169.50,170.00,842928
199.0,167.67,170.29,166.81,169.87,1625160
198.0,167.74,168.31,166.01,166.44,795339
195.0,168.17,168.57,165.99,166.10,632046
194.0,164.23,168.45,163.96,168.17,589140
193.0,167.06,167.84,164.69,165.15,445224
192.0,168.84,169.15,166.38,166.52,521013
191.0,170.28,171.42,169.80,170.07,402396
188.0,169.48,171.16,169.14,171.16,834483
187.0,167.29,169.30,166.45,169.14,617829
186.0,166.18,168.45,165.95,166.85,748593
185.0,166.40,166.97,165.42,166.20,605721
184.0,166.04,166.86,165.00,166.74,673437
181.0,167.72,167.92,165.84,165.84,811383
180.0,166.34,169.13,165.34,168.23,810021
179.0,166.00,167.60,164.52,166.17,514965
178.0,168.41,169.33,166.35,167.21,833121
174.0,164.00,169.33,163.57,167.18,2744790
173.0,155.44,160.66,155.04,159.49,1485444
172.0,162.05,163.15,156.20,156.77,1282746
171.0,159.57,163.08,159.57,161.96,620433
170.0,160.79,162.43,159.47,159.81,603330
167.0,159.86,161.61,159.67,161.33,1172409
166.0,160.70,161.74,158.06,158.74,867177
165.0,163.03,163.11,161.20,161.47,518610
164.0,161.93,163.70,161.83,162.58,661449
163.0,165.75,166.91,161.67,161.90,1327758
160.0,164.33,166.88,162.97,166.52,2547879
159.0,163.41,170.60,163.33,168.60,1187883
158.0,163.10,163.59,160.22,163.10,1125393
157.0,167.18,167.60,163.14,163.36,843660
156.0,167.67,168.17,167.04,167.19,586821
153.0,165.81,168.18,165.12,167.94,957894
152.0,163.29,164.93,163.00,163.95,534039
151.0,163.86,165.63,163.01,163.39,485229
150.0,162.79,164.49,162.53,164.10,632439
149.0,162.73,163.75,160.15,163.05,958449
146.0,160.84,162.75,159.67,162.25,1041357
145.0,159.53,162.75,158.74,161.27,946923
144.0,156.42,159.86,156.42,158.96,808005
143.0,158.33,160.66,155.90,157.02,1509402
142.0,161.51,163.09,156.67,158.29,1967508
139.0,156.33,161.74,155.24,161.58,4584222
138.0,169.00,170.11,162.86,164.46,2150721
137.0,168.55,170.88,167.19,169.21,1186344
136.0,170.62,171.67,168.48,170.13,973491
135.0,170.38,171.91,169.33,170.00,1177575
132.0,170.68,171.66,168.71,170.68,1119318
131.0,166.67,171.30,166.67,170.86,1037169
130.0,165.68,167.50,164.97,166.28,917223
129.0,165.50,166.43,163.60,165.51,851721
128.0,164.06,167.20,163.87,164.67,997137
125.0,163.27,164.33,162.01,163.32,824601
124.0,166.33,168.00,163.34,165.55,1310223
123.0,164.67,167.87,163.65,166.16,1362954
122.0,161.94,165.24,161.94,163.60,1086933
121.0,164.29,164.67,161.14,161.53,984204
117.0,163.33,164.98,162.78,163.73,888819
116.0,165.10,166.54,163.06,163.51,1231794
115.0,162.63,165.86,160.73,165.75,2132067
114.0,163.34,164.54,161.37,162.80,1210077
111.0,162.86,164.31,160.68,163.13,1686279
110.0,170.00,170.67,162.11,162.26,2214051
109.0,161.29,165.63,161.00,165.29,2348427
108.0,161.66,162.02,157.09,160.89,2122293
107.0,155.07,162.33,155.07,161.84,3540501
104.0,161.99,162.92,151.73,153.15,7628697
103.0,171.41,172.48,161.13,163.30,4707099
102.0,170.75,171.47,169.00,169.78,901059
101.0,172.10,172.78,169.05,170.97,1072647
100.0,170.59,174.58,170.59,172.25,753900
97.0,171.41,172.98,169.12,171.54,1101636
96.0,173.27,174.32,168.55,171.06,2239074
95.0,175.50,178.47,172.36,173.26,1730586
94.0,177.76,178.50,171.33,175.24,3249798
93.0,183.67,184.29,176.75,180.44,1890432
90.0,184.33,186.00,182.19,184.47,3416436
87.0,191.15,192.29,164.12,169.96,2759430
86.0,189.26,192.93,189.26,191.17,505842
85.0,189.07,191.06,187.88,189.59,606012
84.0,192.16,192.99,188.78,188.78,659652
81.0,191.30,193.14,190.00,191.35,881886
80.0,183.78,187.90,182.25,187.08,1627257
79.0,192.00,192.56,184.17,185.61,2200107
78.0,189.05,194.33,188.84,194.09,886764
74.0,190.00,190.63,189.31,189.74,734634
73.0,189.74,191.20,189.02,190.42,582456
72.0,190.22,192.42,190.12,191.23,337554
71.0,191.14,191.24,189.51,190.46,423156
70.0,192.12,192.65,189.47,190.51,770940
67.0,190.67,193.22,190.18,192.92,509604
66.0,190.06,191.64,187.81,190.11,544482
65.0,190.73,192.47,189.42,190.63,573939
64.0,191.83,192.61,190.21,191.20,712431
63.0,192.79,193.63,190.71,191.20,924210
60.0,192.38,195.22,192.00,194.56,1221555
59.0,190.83,191.91,190.44,191.46,778272
58.0,191.04,192.02,190.00,191.00,700356
57.0,192.64,192.64,190.25,191.48,611157
56.0,191.67,193.57,190.86,192.64,998160
53.0,192.19,193.60,190.76,192.61,1494234
52.0,189.40,194.48,189.34,193.67,2247423
51.0,188.54,192.42,187.00,189.02,5270643
50.0,168.38,173.73,168.34,172.83,3025779
46.0,170.66,171.92,169.02,169.44,1778961
45.0,167.20,172.49,161.93,171.40,4613502
44.0,167.33,168.02,165.78,166.17,1201977
43.0,168.28,169.85,166.67,167.86,1926336
42.0,170.80,171.00,168.43,170.91,923796
39.0,168.91,169.25,167.53,168.67,885924
38.0,170.27,170.27,168.33,169.62,403407
37.0,168.88,170.12,168.11,168.91,448686
36.0,166.84,169.01,166.84,168.14,718083
35.0,166.09,168.13,165.86,167.33,586689
32.0,168.57,168.57,166.27,166.76,706434
31.0,165.29,168.82,165.01,167.89,956391
30.0,168.83,169.30,163.34,165.84,1255299
365.0,160.28,163.56,159.87,163.46,878550
362.0,161.57,162.08,159.83,159.83,638781
361.0,160.33,162.89,160.27,162.39,969033
360.0,163.91,164.37,159.86,160.05,1078392
358.0,165.07,165.29,162.59,163.24,721194
355.0,160.62,168.33,158.75,165.59,4012455
354.0,169.61,170.40,162.63,162.77,5111169
353.0,182.44,182.48,169.36,171.82,7257438
352.0,184.33,184.65,181.67,182.17,1285668
351.0,178.46,184.33,178.36,183.67,2055327
348.0,178.76,179.47,177.31,177.70,643731
347.0,178.58,180.00,177.67,179.32,639804
346.0,179.05,181.71,178.91,179.86,734361
345.0,175.66,180.26,175.52,178.77,1282767
344.0,172.38,175.63,172.38,175.62,749751
341.0,173.51,173.78,171.08,172.76,570261
340.0,171.75,173.60,170.00,173.26,739854
339.0,175.92,175.92,171.86,172.26,899055
338.0,174.99,176.25,173.53,175.72,701715
337.0,176.25,177.63,174.69,175.14,624840
364.0,177.80,178.03,175.67,176.33,653700
363.0,177.47,179.70,177.08,178.32,510399
362.0,174.67,177.10,174.00,176.83,997677
361.0,177.40,178.21,174.82,175.00,852552
360.0,178.42,180.00,177.11,178.08,669129
357.0,179.54,179.54,178.25,179.17,134562
355.0,178.57,179.75,177.40,178.15,358353
354.0,180.44,181.33,177.96,178.83,642114
353.0,180.00,183.33,179.39,180.83,834987
350.0,174.62,178.93,174.51,177.97,1123221
349.0,175.50,176.33,173.43,174.76,825744
348.0,178.89,179.65,174.91,175.49,827898
347.0,177.53,179.92,176.67,178.72,705894
346.0,176.64,179.17,176.33,177.88,781779
343.0,176.29,178.61,175.66,176.53,1001031
342.0,178.71,179.41,176.91,177.17,790344
341.0,179.02,180.33,177.00,179.23,1038051
340.0,180.82,183.33,180.39,181.30,581226
339.0,180.17,181.08,179.13,180.27,865296
336.0,179.67,183.72,179.07,180.49,1003611
335.0,181.67,183.16,177.94,180.32,1372083
334.0,178.67,181.70,177.52,180.74,1028190
329.0,179.57,181.60,178.33,178.61,1097217
328.0,181.71,182.76,180.17,181.88,750705
327.0,183.09,183.27,180.52,181.00,835755
326.0,181.73,183.86,179.71,182.20,1447437
325.0,180.00,183.98,180.00,183.73,1943760
322.0,179.41,182.02,178.67,179.45,2024712
321.0,177.21,178.81,175.47,178.61,1341183
320.0,170.02,181.40,170.00,177.47,4964769
319.0,171.74,178.26,171.66,177.71,4300734
318.0,169.03,171.13,168.33,170.84,1418787
315.0,164.88,166.88,164.41,164.86,1005132
314.0,166.49,166.89,164.32,164.88,796053
313.0,165.51,166.16,163.20,164.88,1207386
312.0,167.59,168.67,163.01,165.05,1874019
311.0,169.54,170.26,169.01,169.77,766455
308.0,173.23,173.33,169.83,170.44,929235
307.0,170.92,173.33,169.57,172.16,1104054
306.0,167.71,170.44,166.69,170.34,986469
305.0,166.33,167.38,164.80,166.92,1058232
304.0,166.34,168.80,165.50,166.60,713892
301.0,166.07,166.17,163.84,165.21,804780
300.0,166.14,167.00,164.67,166.55,926187
299.0,170.31,170.92,164.75,165.21,1188777
298.0,172.52,173.88,170.37,170.52,767535
297.0,171.67,173.15,170.20,172.50,708219
294.0,169.33,172.85,169.33,172.59,2090955
293.0,169.50,169.50,167.11,168.78,986670
292.0,170.85,171.33,169.15,169.80,551292
291.0,171.06,172.60,169.85,170.79,894831
290.0,166.86,171.31,166.59,170.10,1048050
287.0,163.53,167.47,162.43,167.22,1118202
286.0,162.00,164.34,160.42,163.24,1031790
285.0,163.23,164.35,161.67,162.03,633936
284.0,164.81,164.90,162.17,162.47,911622
283.0,165.79,167.31,164.77,165.06,777396
280.0,165.87,167.28,164.28,166.91,662235
279.0,163.34,165.52,163.05,165.31,967056
278.0,163.32,164.23,162.00,162.57,672222
277.0,163.42,165.39,162.74,163.70,730320
273.0,164.13,165.99,162.83,163.93,612063
272.0,164.44,165.32,162.20,163.89,439497
271.0,166.00,166.71,165.35,165.51,494646
270.0,166.50,166.85,165.43,166.00,695328
269.0,167.68,168.78,166.33,166.90,572136
266.0,167.93,169.31,166.67,168.51,447321
265.0,168.63,169.29,167.04,167.74,462576
264.0,168.81,169.80,167.67,169.25,463023
263.0,170.33,171.99,168.34,169.17,876375
262.0,170.06,171.23,169.15,170.11,620013
259.0,172.33,172.33,169.69,170.58,716505
258.0,172.63,172.79,170.67,171.65,583197
257.0,169.17,172.50,168.97,172.44,776598
256.0,170.82,170.82,168.08,169.95,657615
255.0,166.05,170.88,166.05,169.44,1055595
252.0,165.48,166.32,164.00,166.19,688653
251.0,167.70,167.70,164.81,165.85,686418
250.0,164.70,167.39,164.68,167.07,658779
249.0,163.71,166.59,163.71,165.59,517080
248.0,164.48,165.38,163.26,163.60,555531
245.0,161.67,165.33,160.75,164.28,1008066
244.0,157.64,159.53,157.01,159.26,1072530
243.0,161.67,162.92,158.93,158.93,856449
243.0,162.45,163.92,160.17,160.50,1067664
242.0,163.28,165.69,161.36,163.87,1079115
239.0,164.66,167.23,163.40,166.31,908988
238.0,163.33,164.47,162.05,163.07,1391514
237.0,159.53,161.98,158.34,161.20,1453617
236.0,160.45,160.63,156.67,157.49,1443870
235.0,161.00,161.88,155.75,159.16,2839650
232.0,172.00,172.67,164.85,166.17,4597152
231.0,184.33,184.53,180.00,181.40,1501734
230.0,182.52,184.92,181.50,183.12,767601
229.0,180.82,182.31,178.36,181.37,971544
228.0,180.18,180.68,178.00,178.84,490689
225.0,178.33,180.82,177.75,180.01,912900
224.0,177.08,179.11,173.75,178.20,772659
223.0,177.54,179.48,176.57,178.34,748425
222.0,181.87,182.62,175.81,177.26,1930884
221.0,184.12,185.00,182.55,183.80,411021
218.0,187.08,187.48,183.33,183.82,867102
217.0,188.40,189.00,186.74,187.80,556083
215.0,187.92,189.98,187.47,188.87,373599
214.0,185.49,189.05,185.21,188.66,995637
210.0,181.67,184.65,180.99,184.60,1000299
209.0,180.23,180.52,177.04,178.76,803664
208.0,182.41,183.54,181.16,181.41,375999
207.0,180.53,181.73,178.69,181.44,530703
206.0,181.23,182.30,179.09,179.94,764043
203.0,179.85,183.62,179.85,183.37,2117211
202.0,183.44,185.59,178.94,179.01,808398
201.0,183.42,184.02,181.01,182.74,521682
200.0,183.03,184.56,181.54,182.86,675606
199.0,176.97,182.46,175.97,181.75,856935
196.0,176.08,178.20,174.86,177.22,1422168
195.0,175.17,178.90,175.17,175.99,643563
194.0,175.57,178.92,175.00,175.32,431532
193.0,175.51,177.48,173.07,176.96,671259
192.0,180.18,181.20,173.02,173.63,930417
189.0,175.18,179.43,175.04,178.90,593463
188.0,179.83,180.92,176.26,176.50,834906
187.0,175.53,179.00,174.33,177.81,1058103
186.0,171.04,175.00,170.55,174.13,816735
185.0,167.67,172.25,166.00,172.07,848052
182.0,170.59,172.36,166.07,167.67,1137618
181.0,176.72,177.58,174.00,174.37,954444
180.0,175.48,177.71,173.24,177.18,731796
179.0,176.30,177.77,174.56,175.97,627549
175.0,176.56,177.02,175.00,175.52,573396
174.0,177.51,178.22,174.32,177.17,607611
173.0,174.21,177.51,172.67,176.96,714861
172.0,175.78,178.87,174.05,175.03,789168
171.0,170.38,176.00,169.15,175.69,998826
168.0,173.06,173.67,169.69,170.41,1051590
167.0,178.00,178.52,172.67,173.03,1138788
166.0,181.94,182.83,178.03,179.06,1261440
165.0,185.27,186.30,181.55,182.28,856203
164.0,184.57,185.91,182.65,183.52,616953
161.0,185.06,188.09,183.33,186.32,705699
160.0,184.39,185.98,183.51,185.58,709719
159.0,183.55,185.48,181.87,183.20,1315563
158.0,186.67,186.67,182.92,185.67,1052373
157.0,187.31,189.49,186.00,188.00,790797
154.0,191.67,192.60,186.73,188.39,939462
153.0,196.48,196.93,192.21,192.79,560556
152.0,194.53,197.21,194.19,195.39,538740
151.0,192.70,196.70,192.07,196.09,769185
150.0,195.33,196.66,192.53,192.73,512721
147.0,193.33,195.45,191.36,195.27,757059
146.0,190.52,192.92,189.24,192.21,536781
145.0,188.75,192.79,188.75,191.83,828933
144.0,189.00,190.20,185.24,186.70,732657
143.0,188.91,190.20,186.77,189.15,1024992
140.0,192.51,194.03,189.74,192.19,1733880
139.0,195.50,196.62,191.77,193.07,1433991
138.0,191.36,198.30,189.87,194.84,4239633
137.0,182.16,183.28,179.16,181.84,1466958
136.0,183.85,184.00,178.11,180.36,974391
133.0,183.98,184.23,181.34,182.19,618603
132.0,181.27,184.71,180.76,183.86,1239759
131.0,179.56,180.58,178.96,180.00,1022700
130.0,179.06,179.66,176.10,178.41,1041201
129.0,180.00,180.80,177.84,179.69,583779
125.0,180.66,181.88,180.33,181.75,480051
124.0,181.78,182.50,180.00,181.32,483477
123.0,181.48,183.03,181.18,182.80,608466
122.0,178.94,182.33,178.94,181.94,764847
119.0,181.86,182.47,179.38,180.58,1117575
118.0,181.47,183.07,178.73,181.23,780411
117.0,182.86,183.20,179.55,181.54,552336
116.0,181.00,183.49,179.84,182.10,941274
115.0,179.13,180.79,177.97,180.65,567441
112.0,178.90,178.90,176.87,177.80,400026
111.0,176.92,179.34,176.33,178.27,579258
110.0,177.15,178.62,176.79,177.64,410664
109.0,175.41,177.31,175.00,177.21,445269
108.0,176.17,176.68,175.05,176.51,594669
105.0,175.31,177.04,175.31,176.58,1164333
104.0,175.69,176.23,174.63,176.07,646332
103.0,176.94,177.67,175.28,176.07,758889
102.0,176.67,177.33,175.67,177.11,647199
101.0,174.87,176.57,174.14,175.49,895932
98.0,172.70,175.50,172.70,174.61,968940
97.0,170.37,173.23,170.08,172.29,589452
96.0,169.90,170.50,169.05,169.42,456582
95.0,170.22,170.50,167.76,168.88,814740
94.0,171.47,173.20,170.43,171.14,723429
91.0,173.94,174.37,171.77,172.30,720630
90.0,170.04,173.83,169.83,173.78,930411
88.0,171.49,172.04,170.35,170.54,659328
87.0,171.96,172.50,170.58,171.90,615660
86.0,170.04,172.82,169.16,171.41,848646
83.0,169.49,171.21,168.61,170.92,620562
82.0,168.43,169.90,167.67,168.79,483753
81.0,167.87,169.36,167.01,168.03,548955
80.0,168.84,169.66,166.67,168.30,525426
76.0,169.11,170.63,168.33,168.66,758628
75.0,168.49,171.08,167.83,169.18,1094622
74.0,171.73,171.87,168.24,168.41,1223673
73.0,167.57,171.52,166.87,170.13,1445028
72.0,164.19,168.67,164.03,167.69,1430046
69.0,162.99,164.50,162.13,163.61,883893
68.0,164.49,164.51,162.59,164.14,731337
67.0,164.19,164.43,161.67,163.97,840270
66.0,163.05,164.86,162.80,164.67,681861
65.0,163.22,164.75,161.04,163.80,1073682
62.0,162.12,165.18,161.17,164.00,2027280
61.0,154.67,162.95,154.50,161.00,3218517
60.0,153.82,154.98,152.97,154.31,614193
59.0,153.17,153.50,151.30,153.30,674640
58.0,151.67,152.67,150.45,152.17,1024173
55.0,151.52,153.86,151.01,153.00,627834
54.0,152.32,152.91,150.67,152.13,1267140
53.0,145.55,151.89,145.55,151.89,1572321
52.0,147.17,148.70,145.83,146.67,1267605
51.0,149.12,152.62,147.00,148.13,2298513
48.0,148.33,149.93,143.09,148.56,4840845
47.0,157.91,158.83,155.83,158.22,1770183
46.0,155.19,157.07,155.14,156.95,885567
45.0,154.76,155.67,154.05,155.12,936939
41.0,152.48,153.66,151.33,153.15,611607
40.0,152.50,153.62,151.68,152.71,645762
39.0,149.46,152.59,148.70,152.32,957315
38.0,151.19,152.15,148.85,150.06,1305900
37.0,152.94,153.25,150.08,150.50,1398405
34.0,157.00,157.66,152.96,153.24,953178
33.0,155.97,157.54,154.69,157.45,1569618
32.0,157.34,158.17,155.33,155.65,872013
31.0,156.98,157.98,155.72,157.24,1033566
364.0,155.44,156.42,154.34,154.34,545430
363.0,152.54,155.35,151.91,155.34,632937
362.0,155.00,155.00,152.18,152.57,490191
361.0,152.83,155.22,151.86,154.49,785028
357.0,150.00,152.91,149.67,152.55,795015
356.0,147.88,150.00,147.60,149.29,780906
355.0,148.41,148.42,146.26,146.91,744678
354.0,146.02,148.46,145.22,147.86,971550
353.0,145.00,145.65,143.69,144.06,589524
350.0,143.70,144.71,142.19,144.04,1001778
349.0,142.15,143.20,140.28,142.78,1052481
348.0,143.91,144.64,140.58,141.17,1145583
347.0,145.78,148.00,143.84,144.80,863433
346.0,146.12,146.18,143.92,144.57,613413
343.0,144.45,147.03,143.98,146.80,708948
342.0,146.17,146.86,143.23,143.33,583242
341.0,145.17,147.18,144.14,146.63,721770
340.0,146.00,146.81,144.48,146.65,1265862
339.0,146.40,148.27,144.63,145.48,890352
336.0,146.67,148.57,143.02,144.62,1544868
335.0,141.56,146.19,141.52,145.20,1263702
364.0,144.84,145.99,142.92,144.74,1456074
363.0,141.06,141.94,140.32,140.87,897111
362.0,141.00,142.50,140.02,141.65,1099359
359.0,137.34,139.99,137.33,137.75,469140
357.0,138.40,140.80,136.79,138.98,701214
356.0,139.75,141.07,138.33,139.56,848652
355.0,139.44,141.10,138.03,140.27,927978
352.0,142.17,143.45,138.40,141.02,1028181
351.0,147.27,147.27,141.14,142.96,1108518
350.0,147.61,149.00,146.00,146.15,1264356
349.0,146.94,149.69,146.38,149.59,673263
348.0,146.52,149.17,146.08,146.83,610230
345.0,144.13,147.30,144.02,146.66,665073
344.0,144.17,145.01,141.67,143.18,687099
343.0,143.99,145.76,142.20,143.09,874500
342.0,144.32,147.33,144.12,147.06,660771
341.0,142.84,145.00,142.67,144.12,810576
338.0,145.49,145.75,142.74,144.08,667899
337.0,143.81,146.07,142.20,145.78,809553
336.0,142.99,143.91,140.96,142.37,721854
335.0,141.82,143.82,140.14,142.06,1236708
334.0,144.67,147.16,144.62,144.62,865710
331.0,144.67,147.67,144.00,145.51,1112013
330.0,142.73,146.89,142.09,145.10,1821411
329.0,142.32,142.62,139.14,140.18,810300
328.0,140.67,142.73,139.19,139.79,1072722
327.0,137.57,143.15,137.50,140.80,1687650
324.0,137.62,140.00,136.05,138.54,1626645
323.0,140.70,140.83,137.67,139.47,1328352
322.0,137.93,141.83,136.67,139.21,4327488
321.0,129.93,130.65,126.67,127.59,2074095
320.0,131.06,131.40,128.67,129.34,930366
317.0,130.44,131.81,129.75,131.13,809319
316.0,127.26,129.50,127.21,129.08,615381
315.0,129.20,130.00,126.93,127.39,914208
314.0,125.66,129.56,125.33,128.45,996258
313.0,123.20,126.74,123.09,126.46,907116
310.0,125.01,125.04,121.10,121.48,961440
309.0,123.11,125.06,121.58,124.30,1396302
308.0,121.72,122.44,118.41,122.33,1282116
307.0,114.07,121.41,113.74,121.34,1829565
306.0,120.11,121.84,116.18,116.25,1166178
303.0,122.75,123.33,121.10,121.43,1023342
302.0,128.01,129.07,122.05,124.41,1137933
301.0,129.57,130.29,125.50,125.91,889152
300.0,128.12,131.33,127.17,129.36,1172658
299.0,125.15,126.46,120.97,125.59,939210
296.0,121.83,126.56,121.18,125.00,1133625
295.0,122.11,125.33,120.11,122.85,1950879
294.0,129.79,131.57,126.66,126.76,936783
293.0,132.31,134.12,129.34,129.56,1297917
292.0,128.79,132.05,128.00,131.18,1012392
289.0,132.45,132.65,129.72,130.18,1403715
288.0,129.35,131.95,127.85,131.69,1349916
287.0,127.40,130.00,125.51,128.67,1272123
286.0,124.59,126.93,124.00,126.46,1154715
285.0,121.02,124.23,121.00,123.94,1193085
282.0,125.55,127.85,122.05,123.07,1690716
281.0,128.78,129.67,126.61,126.95,1086588
280.0,126.97,129.67,126.58,129.67,1139322
279.0,119.20,125.91,118.33,125.60,1245285
275.0,123.80,125.90,122.77,123.54,1197393
274.0,127.47,129.67,125.68,126.48,1566876
273.0,127.26,129.53,125.66,127.12,1810422
272.0,124.69,126.96,123.91,126.18,1159197
271.0,120.34,127.90,119.64,125.29,2541204
268.0,114.79,119.19,113.22,118.98,1595946
267.0,117.33,117.81,114.08,115.62,1447428
266.0,112.15,116.67,112.00,116.57,1625358
265.0,107.78,113.33,107.52,113.32,1488108
264.0,111.83,112.32,106.67,107.15,1764360
261.0,109.86,113.21,109.69,109.83,1498758
260.0,112.83,113.82,110.38,111.45,1538208
259.0,114.30,119.15,114.30,115.84,904413
258.0,116.27,118.08,114.56,116.33,1173891
257.0,115.99,117.15,114.00,117.03,937677
254.0,114.91,116.82,114.17,115.61,1340607
253.0,110.61,115.23,110.00,114.00,1311861
252.0,111.36,113.33,108.77,109.33,1979796
251.0,112.90,114.32,107.46,114.19,2776905
250.0,116.04,117.96,110.35,110.59,2806581
247.0,120.58,121.50,116.30,119.52,2218134
246.0,125.44,125.63,119.43,119.61,1451589
245.0,124.84,128.67,122.41,126.46,1876278
244.0,130.59,128.67,122.41,124.68,2359791
243.0,134.52,136.00,130.00,131.37,2309184
241.0,129.10,134.67,128.25,133.52,2010828
240.0,130.78,132.60,129.52,129.95,1401279
239.0,131.98,134.84,130.86,131.19,1326927
238.0,133.66,134.16,131.68,133.02,829473
237.0,133.67,134.50,132.56,133.66,1147731
234.0,135.70,136.48,133.78,135.03,2434146
233.0,132.63,138.40,132.63,137.91,2699442
232.0,130.71,135.67,130.71,132.49,3977208
231.0,121.97,125.33,121.68,124.97,2032713
230.0,119.08,121.00,117.80,120.76,806652
227.0,119.08,120.32,118.73,119.60,750009
226.0,120.05,120.65,118.08,118.65,773916
225.0,120.01,121.79,119.35,119.80,762573
224.0,121.15,122.13,118.85,119.03,1205367
223.0,121.80,122.71,120.35,120.61,788178
220.0,121.97,122.99,120.77,122.90,1372065
219.0,125.33,126.04,122.54,122.75,2050791
218.0,127.01,128.16,126.64,126.96,727713
217.0,126.33,127.65,125.33,127.12,848931
213.0,124.42,126.47,123.81,126.22,689814
211.0,123.04,125.39,122.91,124.04,926343
210.0,122.35,123.57,122.25,122.80,866982
209.0,119.00,122.31,118.79,121.92,1000758
208.0,115.69,119.49,114.87,118.88,783654
205.0,117.34,117.50,115.43,115.80,775680
204.0,115.93,118.13,115.01,117.82,904710
203.0,117.58,120.00,117.08,117.51,975165
202.0,117.26,118.00,116.70,117.30,762564
201.0,115.83,117.82,115.22,117.24,881655
198.0,115.50,116.76,114.55,114.82,1607646
197.0,113.18,114.68,112.81,113.52,683994
196.0,114.20,115.28,113.33,113.54,742170
195.0,114.33,115.93,114.14,115.52,648927
194.0,112.42,114.71,112.42,113.66,633132
191.0,113.80,114.29,112.02,112.74,858339
190.0,114.21,115.22,113.67,113.99,693069
189.0,114.17,115.17,113.13,114.59,757326
188.0,113.56,115.33,112.84,114.61,629982
187.0,114.05,114.44,112.96,113.21,486120
184.0,113.83,115.25,113.56,114.08,705201
183.0,114.80,115.94,114.06,114.89,541560
182.0,116.16,117.03,114.85,115.03,723423
181.0,115.80,116.30,114.00,116.30,739344
177.0,114.52,115.69,114.31,114.75,412002
176.0,114.40,115.48,113.35,115.07,501384
175.0,114.19,115.69,113.92,115.00,562557
174.0,114.39,115.00,113.73,113.95,514485
173.0,113.60,114.86,112.58,114.38,757848
170.0,117.33,117.33,116.08,116.09,784143
169.0,118.16,118.30,116.08,117.62,534849
168.0,116.36,117.96,115.33,117.59,715005
167.0,116.14,116.64,114.15,116.64,855696
166.0,118.18,119.27,116.23,116.37,826599
163.0,119.96,120.99,118.33,118.67,659160
162.0,117.79,120.67,116.99,120.35,762246
161.0,120.15,121.00,117.40,118.23,634848
160.0,118.67,121.10,118.44,120.23,1018293
159.0,116.29,118.82,115.34,118.63,722721
156.0,116.80,118.43,116.00,116.13,826596
155.0,114.34,117.12,113.81,115.65,784200
154.0,116.79,117.45,114.71,115.13,983763
153.0,117.73,118.80,116.90,117.34,829626
152.0,117.23,118.80,117.06,118.06,921381
149.0,118.56,118.76,116.57,116.57,1651950
148.0,118.00,119.09,117.31,118.66,717477
147.0,117.50,118.79,117.00,118.50,824589
146.0,117.60,118.83,116.71,117.61,1421217
145.0,118.13,118.86,115.84,117.35,1608093
141.0,121.01,121.14,118.83,119.06,1707384
140.0,118.75,121.33,118.44,120.98,3028212
139.0,119.12,122.20,118.35,121.56,2354763
138.0,118.26,119.33,116.68,118.86,1457307
135.0,121.33,121.90,120.11,120.12,1564938
134.0,120.16,121.64,119.08,121.11,1282482
133.0,122.93,123.58,119.00,120.81,1915311
132.0,123.83,124.02,121.39,122.13,1623330
131.0,122.51,124.20,122.22,123.72,1130961
128.0,124.93,125.95,121.35,122.56,1537776
127.0,122.41,125.33,121.46,124.03,2531250
126.0,118.58,123.33,118.57,121.74,3459144
125.0,115.16,119.65,115.16,117.25,2637357
124.0,115.39,117.16,115.01,115.58,831642
121.0,112.01,116.99,112.01,114.95,1697019
120.0,112.72,113.19,111.15,111.15,774885
119.0,112.53,112.93,111.63,112.74,643881
118.0,110.08,112.05,109.12,111.76,799347
117.0,110.47,111.24,110.08,110.13,522060
114.0,110.65,111.52,109.47,109.94,827283
113.0,107.73,110.18,107.18,110.17,1037613
112.0,107.62,108.33,105.67,106.98,909264
111.0,108.67,109.52,107.44,107.97,873270
110.0,106.96,108.67,106.60,108.37,1111851
107.0,107.55,108.31,105.29,105.63,1435929
106.0,107.81,108.67,106.52,107.01,858054
105.0,108.05,108.74,105.00,106.41,1670160
104.0,107.84,109.17,105.85,108.73,1696245
103.0,107.48,109.66,107.25,109.26,1370895
100.0,107.85,109.14,107.00,108.48,788274
99.0,109.09,110.69,107.85,108.30,1393488
98.0,110.27,111.09,108.80,110.07,1030785
97.0,109.55,111.13,108.62,110.58,1045002
96.0,110.83,111.17,108.56,109.86,1598433
93.0,109.88,110.85,108.55,110.68,1048416
92.0,109.17,110.83,108.48,110.57,998139
91.0,106.30,107.92,105.54,107.60,994971
90.0,110.20,110.26,106.20,106.60,1601469
87.0,111.84,112.58,108.66,109.32,975600
84.0,109.55,112.67,109.40,111.64,882786
83.0,108.59,109.50,108.19,109.34,1041546
82.0,109.73,110.64,107.32,109.05,1006173
81.0,112.55,113.53,109.58,110.37,1336539
77.0,113.66,114.47,113.02,113.64,997566
76.0,113.33,113.97,111.67,113.66,945756
75.0,113.73,114.96,112.81,113.33,727575
74.0,113.88,114.75,113.26,113.73,655815
73.0,114.95,114.99,113.54,114.77,676941
70.0,111.85,115.60,111.34,115.09,1252425
69.0,110.19,112.67,109.69,112.40,785661
68.0,111.90,112.47,110.74,111.18,828588
67.0,111.37,112.66,110.84,111.31,792525
66.0,109.97,111.62,109.67,111.14,983316
63.0,110.02,110.90,109.01,110.42,1040580
62.0,108.87,110.43,108.33,110.16,803922
61.0,110.44,110.85,108.86,109.26,1186908
60.0,108.33,112.63,108.11,110.86,1820430
59.0,109.13,109.79,107.34,107.64,1800168
56.0,111.80,111.98,108.65,109.31,1713225
55.0,112.58,112.62,111.25,111.39,1842762
54.0,109.18,112.95,109.12,112.69,2544684
53.0,108.16,110.62,107.42,110.31,3060252
52.0,108.83,111.33,108.04,109.33,2567745
49.0,107.73,111.46,107.23,108.86,9606654
48.0,96.02,96.97,94.11,96.61,3366744
47.0,98.86,98.86,96.30,96.82,2088336
46.0,96.33,99.00,96.15,98.77,2155131
42.0,93.18,96.32,93.03,96.09,2276991
41.0,94.00,94.00,92.50,93.04,743862
40.0,94.64,94.93,92.83,94.07,1456671
39.0,90.86,94.79,90.68,93.66,2169318
38.0,88.86,90.74,88.52,90.53,771228
35.0,89.44,89.99,88.38,89.13,980985
34.0,91.62,91.62,89.17,89.56,1021104
33.0,90.04,91.67,89.34,91.21,1162008
32.0,90.47,90.97,90.04,90.57,1480167
31.0,87.27,90.47,87.27,89.67,2061051
365.0,85.64,86.38,85.01,85.92,776904
364.0,86.28,86.33,85.53,85.65,581853
363.0,86.83,87.50,86.10,86.46,580119
362.0,87.38,87.66,86.72,86.87,441483
361.0,87.65,88.00,86.88,87.45,523437
357.0,88.42,88.91,87.44,87.74,514389
356.0,89.23,89.83,88.42,88.67,636603
355.0,90.44,90.66,88.08,88.95,1425672
354.0,88.77,90.29,88.62,90.18,1795131
351.0,88.17,89.68,87.90,88.59,3054537
350.0,85.50,87.85,85.03,87.75,1551462
349.0,86.23,86.83,84.67,85.42,1473930
348.0,85.00,87.11,84.93,86.67,1656717
347.0,86.67,87.13,84.42,84.90,1949358
344.0,86.96,87.33,86.06,86.69,1653603
343.0,86.87,87.45,86.46,86.83,1438092
342.0,87.02,87.89,85.95,86.68,2815440
341.0,91.00,91.32,86.77,86.88,3066345
340.0,90.33,90.66,89.26,90.06,1392573
337.0,89.07,90.67,89.07,90.44,1201428
336.0,89.19,89.91,89.01,89.48,1374606
335.0,87.15,89.25,87.08,88.77,1699692
364.0,83.87,87.46,83.53,86.76,2125212
363.0,84.41,85.39,83.47,84.82,906552
360.0,85.00,86.04,84.25,84.95,482442
358.0,84.33,86.50,84.04,85.69,1299261
357.0,83.91,84.68,83.43,83.76,1081464
356.0,82.50,85.49,82.37,85.00,2922753
353.0,86.50,86.71,82.02,82.50,4433820
352.0,88.29,88.92,86.50,86.71,1860420
351.0,87.73,88.67,87.13,87.47,737409
350.0,88.57,89.81,86.71,87.52,1019043
349.0,89.79,90.12,88.33,89.40,1049763
346.0,90.71,90.78,88.38,89.23,1348863
345.0,91.54,91.92,90.00,91.07,1633617
344.0,92.70,93.29,90.83,92.36,1332999
343.0,92.69,93.58,92.01,92.65,1148451
342.0,92.25,92.92,91.98,92.37,861165
339.0,92.30,93.00,91.92,92.76,914115
338.0,91.59,92.25,91.33,91.93,1673007
337.0,88.92,90.07,88.19,89.99,1261002
336.0,87.48,89.08,87.36,88.75,1000425
335.0,88.08,88.91,86.81,87.34,1044243
332.0,87.29,88.23,87.03,87.65,1069092
331.0,87.13,88.12,86.75,87.59,1089819
330.0,87.00,87.33,85.40,86.96,2194938
329.0,87.38,88.93,86.86,87.98,1479888
328.0,89.77,89.83,87.92,88.60,1865718
325.0,85.61,89.46,85.25,88.61,2716143
324.0,87.49,87.49,85.07,85.61,3415173
323.0,87.77,87.77,85.03,86.48,7988889
322.0,94.38,94.38,91.72,93.01,4352454
321.0,93.33,95.64,92.82,95.20,2988240
318.0,92.34,93.86,90.42,93.27,2716455
317.0,92.01,92.13,90.16,91.39,3173928
316.0,96.00,96.47,91.89,91.90,3294156
315.0,96.76,97.33,95.33,95.54,1567206
314.0,96.01,97.82,96.01,96.83,1265235
311.0,96.03,97.05,95.09,96.61,903663
310.0,97.83,97.85,95.23,95.72,1350123
309.0,97.30,98.33,96.25,97.63,1369563
308.0,95.41,97.92,94.36,97.63,1493442
307.0,96.20,96.52,93.45,94.42,1612896
304.0,95.50,97.02,94.76,96.54,1605675
303.0,97.33,97.33,94.00,94.58,1735503
302.0,96.24,97.96,95.18,95.66,1727703
301.0,96.77,97.55,94.80,96.68,2635878
300.0,99.45,99.54,96.07,96.75,2958642
297.0,101.23,102.07,100.19,101.86,1091388
296.0,99.39,101.27,99.04,99.68,998760
295.0,101.56,103.48,100.22,100.40,1228251
294.0,103.01,103.60,101.29,101.71,1956249
293.0,99.13,102.48,99.00,102.11,2002602
290.0,98.18,100.47,97.68,98.59,2590692
289.0,97.82,98.06,96.42,97.42,1246965
288.0,93.80,98.44,93.80,97.91,2464218
287.0,92.60,95.88,92.03,95.30,1837137
286.0,94.12,94.54,92.68,93.12,1510881
283.0,94.60,94.60,92.83,93.34,1314186
282.0,94.67,95.33,93.41,94.29,1645638
281.0,92.95,94.55,92.90,93.41,1388913
280.0,93.01,94.14,92.38,92.67,1052319
276.0,93.33,94.98,92.67,93.73,1387599
275.0,91.33,92.55,90.42,92.44,1233498
274.0,90.40,92.00,88.58,91.35,1955607
273.0,88.51,89.88,87.54,88.34,2018736
272.0,90.42,91.22,88.88,89.45,1792542
269.0,89.67,91.11,87.34,91.02,2536185
268.0,92.75,93.33,89.32,89.32,2673969
267.0,90.54,92.95,89.85,92.13,3617151
266.0,91.83,92.59,88.52,89.71,4196214
265.0,98.08,99.58,94.01,94.31,3069636
262.0,101.61,102.30,97.33,97.83,3235683
261.0,104.01,104.34,101.31,102.17,1503192
260.0,105.16,105.84,104.01,104.68,968412
259.0,104.42,105.90,103.23,105.64,1523316
258.0,103.76,105.57,102.90,103.12,1288023
255.0,105.56,106.20,104.70,105.23,853122
254.0,104.03,106.71,103.67,105.67,1107330
253.0,107.08,108.43,104.84,105.67,1418829
252.0,109.08,109.89,107.61,109.21,1075176
251.0,111.01,111.57,109.73,110.47,972126
248.0,110.96,111.47,108.71,110.72,1001154
247.0,111.44,111.88,110.14,111.64,996867
246.0,111.67,112.52,111.31,111.78,967458
245.0,112.01,112.58,110.98,111.55,951351
244.0,111.10,112.71,110.67,112.27,1899828
242.0,107.72,111.15,107.57,109.46,1261542
241.0,111.00,111.34,107.43,109.08,1164453
240.0,112.04,112.64,109.45,110.02,1346451
239.0,114.33,114.91,110.70,111.82,1567986
238.0,111.11,114.86,111.07,113.50,2310348
235.0,105.32,111.62,105.31,111.46,2580774
234.0,102.75,108.07,102.27,105.66,6439128
233.0,109.10,109.98,104.67,105.37,3810153
232.0,106.25,108.99,106.00,108.70,2033190
231.0,108.67,109.16,106.88,107.69,1831803
228.0,111.82,112.19,107.99,108.20,1686573
227.0,112.90,113.37,110.74,111.89,1480044
226.0,110.01,113.68,110.01,112.59,1978692
225.0,106.68,110.58,106.34,109.87,1606785
224.0,105.91,106.58,105.25,105.82,1407123
221.0,107.33,107.72,105.58,106.30,1890150
220.0,108.78,109.48,106.00,107.08,1369122
219.0,105.32,107.66,104.90,107.41,1518966
218.0,104.45,107.05,104.10,104.98,1310400
214.0,104.18,104.78,102.15,103.30,1283238
213.0,105.25,105.99,100.55,104.02,2890203
211.0,108.51,109.61,105.02,105.21,1818801
210.0,110.00,110.06,105.94,108.28,1725186
209.0,112.82,113.32,110.35,111.87,658737
206.0,110.81,112.61,110.00,112.47,1501011
205.0,111.94,113.13,110.24,110.64,1086525
204.0,114.90,114.98,112.00,112.81,1949328
203.0,117.66,118.96,114.59,115.03,1667007
202.0,118.71,119.63,116.38,117.10,1359090
199.0,113.48,116.94,112.67,116.63,2212008
198.0,112.60,113.69,111.33,113.44,1133907
197.0,110.53,112.18,110.20,111.48,756348
196.0,109.23,111.27,108.31,111.14,1261239
195.0,110.67,111.19,108.60,109.13,1555275
192.0,108.86,112.58,108.86,112.37,1220997
191.0,109.05,110.46,107.38,110.32,1176957
190.0,108.47,109.48,106.82,107.07,1042422
189.0,107.12,108.15,105.50,107.54,1392828
188.0,108.77,109.22,106.76,107.01,1438836
185.0,110.58,111.15,108.03,108.22,1464903
184.0,111.45,113.33,111.38,112.46,1168665
183.0,108.49,111.37,107.75,111.37,1723974
182.0,110.17,110.17,105.86,108.06,1675623
178.0,110.20,110.37,106.87,107.59,1313193
177.0,108.21,110.25,107.00,110.15,1595643
176.0,107.35,111.28,102.20,105.82,3848163
175.0,103.63,106.75,101.54,106.39,2596068
174.0,107.85,108.35,105.09,105.45,1627716
171.0,101.67,107.27,100.35,107.03,3307089
170.0,107.06,107.62,103.55,103.97,2026002
169.0,110.12,111.93,107.46,109.59,1704558
168.0,114.86,115.27,110.60,110.83,1190919
167.0,114.33,114.63,111.46,113.70,1195731
164.0,116.17,116.57,112.05,113.37,1225224
163.0,118.63,119.63,116.67,116.94,799392
162.0,116.00,118.77,115.67,118.17,1285551
161.0,113.73,115.83,112.67,114.93,1084011
160.0,113.67,115.32,112.69,114.81,2210811
157.0,112.00,112.66,103.80,108.11,3861162
156.0,115.32,116.55,104.72,112.43,2994756
155.0,117.23,117.99,113.70,115.65,2664861
154.0,122.97,123.17,119.67,120.57,1381782
153.0,121.00,124.35,120.77,124.07,1595469
150.0,122.67,123.84,120.19,120.19,1090359
149.0,120.50,123.89,120.33,122.79,1164015
148.0,120.01,120.90,119.67,120.03,1070799
147.0,120.00,122.42,118.73,119.27,1418682
146.0,121.63,122.31,119.49,120.72,1266948
143.0,123.11,123.63,121.25,121.66,1444923
142.0,121.33,124.55,120.17,122.91,2063457
141.0,121.59,123.57,120.67,121.99,2406630
140.0,121.33,122.91,120.90,122.23,1791957
139.0,120.20,123.23,118.40,120.66,3086598
136.0,126.33,131.00,119.96,120.13,7400814
135.0,128.36,131.31,126.27,129.34,4835007
134.0,123.33,128.18,123.01,127.98,3746229
133.0,118.13,123.27,118.00,122.48,4729137
132.0,117.58,118.17,116.86,118.07,1649136
129.0,114.00,117.05,113.42,116.87,2040942
128.0,110.42,113.55,110.02,113.37,2008764
127.0,114.67,114.83,110.60,111.12,2537166
126.0,114.95,115.33,114.30,114.43,1373757
125.0,117.50,118.00,114.83,115.27,1451385
120.0,116.27,116.67,115.02,116.04,810840
119.0,116.48,117.00,113.97,116.30,1108023
118.0,114.03,116.17,113.40,115.93,1331136
115.0,114.02,115.07,112.84,114.00,1392471
114.0,115.79,115.90,113.83,114.02,1551075
113.0,116.37,116.44,114.48,115.37,1371384
112.0,116.18,116.59,114.74,116.32,1331412
111.0,115.33,116.66,113.56,115.93,1741566
108.0,118.90,120.00,115.73,116.39,2624925
107.0,118.89,119.16,117.56,117.86,897639
106.0,118.83,119.67,118.08,118.73,1207128
105.0,119.23,119.52,118.05,118.50,866247
104.0,119.17,120.66,117.91,118.67,945498
101.0,119.31,120.77,118.59,119.63,1196568
100.0,119.00,119.56,118.00,119.27,717315
99.0,118.67,120.00,118.19,119.15,908211
98.0,117.89,119.63,117.42,118.55,764988
97.0,118.87,119.75,118.54,118.66,662658
94.0,117.70,119.88,117.50,119.47,1023063
93.0,119.45,119.83,116.83,118.16,1742922
92.0,121.12,122.33,120.34,120.93,1361808
91.0,119.27,122.17,118.59,120.43,1963911
90.0,116.66,119.72,116.36,119.54,1646607
85.0,115.06,116.33,113.89,115.71,1040238
84.0,113.23,114.71,111.82,114.60,1120728
83.0,114.43,115.09,113.67,114.74,994134
82.0,115.83,116.33,113.89,114.23,1145541
81.0,116.33,116.41,114.67,115.66,1150986
78.0,114.06,116.50,114.06,115.51,1817601
77.0,113.65,114.97,113.05,114.92,1304718
76.0,112.26,113.73,111.84,113.72,1862817
75.0,111.16,111.76,110.13,111.43,1126563
71.0,108.67,110.98,108.17,110.61,1264356
70.0,106.93,110.00,106.89,109.92,1267458
69.0,108.95,109.14,106.04,107.32,1124079
68.0,109.33,109.91,108.05,108.95,989310
67.0,108.50,109.56,107.32,107.98,1118754
64.0,107.25,108.82,105.17,108.47,2318292
63.0,110.75,111.24,107.07,107.07,1702047
62.0,111.33,112.36,110.37,110.75,1517016
61.0,109.49,112.63,108.88,111.86,1437432
60.0,109.45,110.40,107.91,109.55,1440303
57.0,111.80,112.33,108.96,109.35,1933194
56.0,112.47,113.65,111.11,111.67,1647729
55.0,111.21,113.31,111.17,113.07,1648794
54.0,111.55,113.33,111.04,111.82,2109204
53.0,113.57,114.21,112.33,112.84,1974048
50.0,109.58,115.43,109.50,113.45,8000448
49.0,102.93,104.00,100.55,101.50,3634263
48.0,104.03,104.18,100.96,103.00,2597703
47.0,102.33,105.73,102.33,103.60,2082756
43.0,102.97,103.33,101.76,102.86,1642554
42.0,101.92,103.25,101.82,102.67,919914
41.0,101.87,102.72,100.43,102.01,1307187
40.0,103.12,103.22,100.93,101.46,1330245
39.0,102.99,104.17,102.47,103.76,951558
36.0,103.56,104.23,102.83,102.99,885720
35.0,103.57,104.67,103.14,103.56,883809
34.0,101.82,104.26,101.82,103.95,1666113
33.0,102.67,103.31,101.33,102.46,1230294
32.0,102.39,103.03,101.93,102.92,1011138
365.0,102.55,102.61,101.11,101.14,652470
364.0,102.12,102.67,101.83,101.98,758067
363.0,102.76,102.83,102.05,102.19,810492
362.0,101.96,103.03,101.83,102.17,730632
358.0,100.73,101.97,100.12,101.96,459171
357.0,99.50,101.08,98.50,100.73,1618308
356.0,97.24,99.33,96.76,99.17,1319268
355.0,96.54,97.13,94.82,96.86,1710060
352.0,97.88,98.28,95.87,96.39,1928301
351.0,97.80,98.57,96.83,97.42,888918
350.0,97.92,98.62,97.87,98.07,1001331
349.0,96.74,98.42,96.69,97.37,989733
348.0,97.27,98.59,97.27,97.64,1194633
345.0,97.98,98.16,96.74,97.43,881898
344.0,96.02,97.63,95.67,97.30,1202364
343.0,95.83,96.11,94.09,95.72,1116891
342.0,95.07,96.01,94.63,95.68,2899707
341.0,96.33,97.78,95.53,96.18,906237
338.0,97.67,98.24,95.62,97.33,1573662
337.0,95.81,98.07,95.33,96.22,1912191
336.0,94.56,96.51,94.52,95.88,1013670
335.0,94.00,95.07,93.84,94.97,1283664
364.0,93.12,93.71,92.27,93.51,1139127
361.0,91.45,93.95,91.33,93.37,919413
359.0,93.35,94.36,92.75,94.22,1049415
358.0,93.80,93.80,92.59,92.95,1033467
357.0,92.69,94.35,92.41,93.60,1405119
354.0,92.35,93.89,91.05,92.15,2375055
353.0,92.34,93.30,91.90,92.89,1442166
352.0,93.27,94.33,92.12,93.21,1520775
351.0,92.67,93.90,92.02,93.86,1166028
350.0,91.67,93.82,91.42,93.36,2042226
347.0,90.30,91.67,89.95,91.51,1093887
346.0,90.82,91.34,89.52,89.90,1128114
345.0,89.47,91.23,88.83,90.82,2195607
344.0,87.67,89.09,87.44,88.87,970986
343.0,85.42,88.15,85.41,88.04,1404294
340.0,86.08,86.97,84.95,85.33,1355385
339.0,84.39,86.75,84.13,86.64,1671477
338.0,83.17,84.79,82.29,83.77,1835193
337.0,81.95,83.00,81.27,82.66,1097100
336.0,82.78,83.15,81.03,82.13,1349508
333.0,85.33,85.33,82.01,82.12,1813140
332.0,82.75,85.52,82.75,84.52,1328043
331.0,85.42,86.00,82.37,82.50,1303701
330.0,86.59,86.89,85.18,86.00,1607964
329.0,86.20,87.78,85.94,86.82,2557260
326.0,86.04,88.33,84.67,87.65,3179694
325.0,83.21,86.80,82.83,86.37,3354663
324.0,81.87,85.58,80.42,84.10,10432308
323.0,89.42,89.76,88.00,89.15,5365611
322.0,85.80,88.47,84.94,88.13,2526606
319.0,85.88,85.92,84.42,85.14,1714410
318.0,85.18,86.75,84.17,86.44,2007690
317.0,83.34,86.03,81.72,85.83,3283968
316.0,84.62,86.06,80.53,83.21,4929801
315.0,85.67,85.67,83.67,84.67,973554
312.0,83.55,85.27,83.06,84.66,2213712
311.0,86.03,86.47,82.96,83.46,3493974
310.0,84.92,85.10,84.07,85.08,1105383
309.0,85.49,85.66,84.00,84.89,2203695
308.0,84.33,85.30,83.38,85.02,1616238
305.0,83.00,84.59,82.90,84.05,1143522
304.0,86.69,87.67,84.12,84.14,2666568
303.0,85.54,88.50,84.41,87.42,2519943
302.0,86.48,86.67,84.97,85.53,1284555
301.0,85.41,87.83,85.32,86.33,2852229
298.0,80.41,86.33,79.48,85.83,6030540
297.0,81.83,82.50,78.95,80.67,1605972
296.0,82.50,83.33,81.60,81.61,1442274
295.0,82.73,83.38,81.08,82.17,957249
294.0,82.15,83.48,81.68,82.18,1379157
291.0,81.97,83.13,80.88,82.64,2121108
290.0,82.54,84.65,81.27,81.56,2178615
289.0,81.17,82.53,80.22,82.37,1453026
288.0,80.69,81.95,80.33,81.16,1955934
287.0,79.61,80.89,79.27,80.89,1253313
284.0,82.12,82.88,79.66,80.13,2647317
283.0,81.38,82.44,80.04,81.88,2696904
282.0,76.83,81.58,76.56,80.82,4037637
281.0,76.52,77.15,76.26,76.81,1601376
277.0,73.80,76.52,73.37,75.80,2476842
276.0,72.60,74.09,71.60,73.94,1680615
275.0,71.04,72.05,70.33,71.96,2149848
274.0,73.72,75.30,71.60,71.80,2480865
273.0,73.19,74.58,73.17,74.24,1465875
270.0,75.94,76.32,73.99,74.97,1197690
269.0,76.25,76.67,74.14,75.27,1891551
268.0,77.17,77.69,75.92,76.25,946641
267.0,77.08,78.10,76.17,76.47,1155726
266.0,78.07,78.73,76.60,76.96,1710150
263.0,76.22,77.17,75.39,76.91,1542792
262.0,74.34,75.19,73.75,75.07,900531
261.0,72.00,74.43,72.00,74.17,803376
260.0,73.07,73.70,71.50,73.39,1156299
259.0,72.29,73.06,71.84,72.46,1637106
256.0,75.50,76.35,73.68,74.60,1550835
255.0,77.10,77.45,75.38,76.05,1206957
254.0,75.17,77.29,74.80,76.56,1697427
253.0,76.05,77.47,74.63,75.32,1499664
252.0,76.19,77.46,75.80,76.72,1584489
249.0,77.71,77.99,76.20,76.70,2129373
248.0,78.67,79.11,75.52,75.68,2653434
247.0,79.54,79.83,77.26,78.47,2553117
246.0,77.28,79.62,77.17,79.60,3205821
245.0,77.30,78.23,76.83,78.23,3071073
243.0,75.50,76.59,74.95,75.77,2979867
242.0,76.03,77.51,75.18,75.65,2944290
241.0,73.71,75.80,73.38,74.89,2422434
240.0,71.33,74.85,71.04,74.54,3974736
239.0,72.14,74.18,71.29,72.90,3888171
236.0,70.59,74.47,70.50,74.18,5399310
235.0,66.29,71.98,65.75,71.79,17713404
234.0,57.00,57.14,55.09,56.60,9482136
233.0,55.65,56.63,54.87,55.80,4150740
232.0,53.24,55.06,53.24,54.81,3687078
229.0,52.49,52.76,51.58,51.85,2219310
228.0,51.31,52.76,50.75,52.27,2883459
227.0,51.50,52.22,51.01,51.19,3377682
226.0,49.58,50.73,49.08,50.42,2871600
225.0,47.66,50.20,47.66,49.88,3151422
222.0,47.43,48.12,47.08,47.53,1998045
221.0,48.78,48.90,47.68,47.83,2100945
220.0,49.09,49.63,47.67,48.39,3729675
219.0,51.00,51.13,49.22,49.33,3761958
218.0,52.25,52.78,51.23,52.03,2033550
214.0,53.33,54.37,52.39,52.90,1881834
213.0,55.00,55.62,54.24,54.37,1604409
211.0,55.43,55.43,54.00,54.55,1971282
210.0,53.24,55.16,53.22,54.44,2193012
207.0,52.77,53.42,52.15,53.24,1617579
206.0,51.35,53.38,50.81,52.82,1855647
205.0,51.30,52.38,50.67,51.58,2185644
204.0,51.00,51.96,51.00,51.22,1805991
203.0,53.33,53.83,51.22,51.42,2178852
200.0,52.69,54.50,52.46,53.72,3514767
199.0,52.55,52.98,51.63,52.19,2334042
198.0,52.66,53.80,52.27,52.66,2317248
197.0,54.00,54.22,52.45,52.74,2614458
196.0,54.67,54.67,52.87,53.09,2449593
193.0,55.56,56.55,54.68,55.50,3120978
192.0,53.30,56.89,53.30,55.51,5752983
191.0,53.33,53.93,52.00,53.24,3196209
190.0,50.71,53.00,50.71,52.25,4297899
189.0,51.96,51.96,50.35,50.83,3178722
186.0,51.33,52.21,50.20,52.00,5177508
185.0,52.10,52.89,50.83,51.83,3287130
184.0,52.33,52.33,50.84,52.20,4348719
183.0,50.91,53.53,50.02,53.02,5386539
182.0,50.66,52.15,49.46,49.76,4101669
179.0,47.58,49.91,47.58,49.89,4391682
178.0,48.15,48.29,46.12,46.85,3051324
177.0,48.86,49.42,47.32,47.56,2624304
176.0,46.77,49.46,46.67,49.10,2505417
172.0,47.84,48.54,46.97,47.40,3378408
171.0,49.80,50.30,46.96,47.48,5400363
170.0,52.00,52.00,50.00,50.22,2526264
169.0,50.86,52.32,50.80,51.64,2637441
168.0,50.65,51.20,50.02,51.20,3149082
165.0,51.17,51.23,49.86,49.97,3417630
164.0,50.53,51.60,49.77,51.18,2862705
163.0,51.81,51.81,50.33,50.57,3701634
162.0,53.07,53.09,51.13,52.33,3277950
161.0,52.15,53.83,51.19,52.94,3080415
158.0,53.40,54.63,51.82,52.92,3382341
157.0,53.41,54.83,52.34,53.03,4969137
156.0,51.53,52.98,51.19,52.58,4606167
155.0,49.62,51.40,49.62,50.88,5219382
154.0,48.33,49.79,47.70,49.58,4542972
151.0,47.75,48.30,46.69,47.60,2563437
150.0,50.32,50.32,47.25,47.91,4509480
149.0,47.00,49.18,46.90,48.79,3623583
148.0,46.85,47.99,46.33,46.36,5463471
147.0,48.67,50.10,47.67,48.31,4307241
144.0,45.50,51.57,45.34,50.08,9737523
143.0,45.41,46.12,43.82,45.50,3567147
142.0,42.08,46.33,42.00,45.13,5772339
141.0,41.39,43.15,41.33,42.99,2929569
140.0,42.39,44.32,41.83,41.99,5027007
137.0,38.96,44.15,38.03,43.45,12988356
136.0,40.94,42.44,37.73,39.33,17534103
135.0,39.20,39.83,38.40,39.14,4072308
134.0,39.00,40.30,38.10,39.36,6699849
133.0,36.63,39.15,36.63,38.24,5327835
129.0,34.65,37.63,34.58,37.41,6941820
128.0,32.15,33.86,31.83,33.82,4542033
127.0,31.33,32.63,31.33,32.26,4845282
126.0,32.17,33.03,31.94,32.96,3156606
123.0,32.83,33.22,32.00,32.24,3547572
122.0,31.92,33.06,31.58,32.77,5590140
121.0,31.04,31.64,30.51,31.44,3880116
120.0,31.67,32.51,31.17,31.79,2633868
119.0,31.51,31.78,30.95,31.30,2273619
116.0,32.23,32.31,31.53,32.14,2181021
115.0,32.66,32.66,31.51,32.44,3621975
114.0,31.92,32.90,31.18,32.07,3056571
113.0,31.74,32.25,31.43,31.69,3856716
112.0,32.09,32.44,31.17,32.41,4185774
109.0,32.70,32.77,30.89,31.23,5082789
108.0,34.29,34.30,32.00,32.39,4190913
107.0,33.92,34.73,33.04,33.94,5866524
106.0,34.58,35.04,33.37,35.04,3115503
105.0,34.42,34.99,33.54,33.60,3205368
102.0,34.47,34.57,33.64,34.34,3303654
101.0,32.31,34.60,31.69,34.41,6578427
100.0,33.79,33.87,32.10,32.52,4189935
99.0,32.68,33.83,32.19,33.71,3343359
98.0,31.67,33.48,31.67,32.29,3809739
95.0,30.50,31.98,30.34,31.96,5210133
94.0,30.90,31.10,29.93,30.07,5799792
93.0,30.00,31.23,29.66,30.56,5184426
92.0,28.71,29.62,28.36,29.12,4399197
91.0,29.81,30.20,28.29,28.44,7572198
86.0,31.67,32.00,30.32,30.32,6267495
85.0,34.26,34.60,31.89,32.08,3659832
84.0,34.38,34.66,33.15,33.74,3458886
83.0,33.09,34.75,32.55,34.56,4469079
82.0,35.72,36.25,33.29,33.49,3448344
79.0,35.39,36.03,34.36,35.34,4652193
78.0,36.66,36.66,35.66,35.67,2951610
77.0,36.17,36.32,34.55,35.60,3038853
76.0,35.40,36.33,35.24,35.76,3276834
72.0,37.33,37.81,36.85,37.36,2340543
71.0,35.46,37.42,35.18,37.41,3536460
70.0,36.08,36.52,34.58,36.05,4003407
69.0,37.61,38.67,35.70,35.95,3677856
68.0,38.17,38.50,36.80,38.06,3472638
65.0,37.24,38.67,36.63,38.21,3655086
64.0,35.79,37.33,35.17,36.89,4920291
63.0,37.66,38.04,35.72,36.00,6950169
62.0,34.65,38.19,33.78,37.51,12179301
61.0,33.99,34.89,33.47,34.30,4128813
58.0,34.02,35.60,33.69,34.41,5733771
57.0,34.94,34.94,33.79,34.00,3125454
56.0,34.23,35.64,33.43,34.99,6311634
55.0,33.33,34.00,32.95,33.83,3888432
54.0,31.60,33.83,31.10,33.02,8097795
51.0,29.36,32.08,29.05,31.10,9585198
50.0,32.66,32.66,30.52,32.00,7560933
49.0,32.13,32.85,31.64,32.33,4280973
48.0,33.49,33.96,31.41,31.55,4270176
44.0,34.23,34.65,32.55,33.32,4001952
43.0,33.28,34.17,32.06,33.56,3934866
42.0,33.38,33.83,32.88,33.11,5736786
41.0,33.25,34.76,32.81,34.22,4435719
40.0,34.61,35.30,33.40,33.58,5404026
37.0,36.66,36.67,33.68,33.93,7276539
36.0,33.50,37.73,33.25,36.85,21957024
35.0,40.17,41.16,38.83,39.29,5742519
34.0,42.09,42.40,40.09,40.73,3369759
33.0,42.86,43.82,41.68,41.85,3137064
30.0,42.13,44.23,42.13,44.14,2083737
