323.0,195.90,196.38,193.77,194.16,5995568
322.0,193.01,195.25,191.16,195.13,7034602
321.0,199.99,200.01,194.25,195.54,11198938
320.0,200.11,204.38,197.77,199.48,23900118
319.0,201.95,202.83,197.86,202.68,22105442
316.0,199.70,200.82,197.19,199.49,12081252
315.0,196.75,198.62,194.71,195.86,7753341
314.0,195.57,196.22,193.81,194.95,6450161
313.0,197.85,198.30,192.10,195.08,6233823
312.0,199.10,199.40,196.56,196.87,6971714
309.0,194.30,198.92,192.05,198.02,15348356
308.0,185.65,194.49,184.49,194.39,19412690
307.0,181.41,186.70,181.25,184.45,9235867
306.0,177.65,179.70,177.55,179.19,3956940
305.0,182.11,182.80,176.58,177.01,7342007
302.0,180.73,182.90,180.65,181.35,4227864
301.0,181.25,181.95,179.36,180.70,4076986
300.0,181.01,183.34,180.70,181.97,4975952
299.0,180.70,180.95,176.55,179.38,5602471
298.0,186.46,186.55,177.70,178.55,9367231
295.0,188.40,189.85,186.39,187.35,5464312
294.0,185.82,189.95,184.51,188.78,7148104
293.0,186.10,186.50,183.20,185.51,4624993
292.0,184.98,186.23,184.17,185.68,4982086
291.0,183.61,185.45,182.73,184.62,5359569
288.0,182.73,184.93,181.43,182.35,5591743
287.0,183.25,185.29,182.07,182.63,4510722
286.0,184.07,184.50,182.55,183.64,4320349
285.0,182.55,185.33,180.64,185.15,6689568
284.0,178.10,182.47,178.03,181.74,5979447
281.0,178.45,180.39,176.25,176.42,4590846
280.0,178.80,180.35,177.10,179.00,6036146
279.0,175.25,179.46,173.73,179.25,8742643
278.0,173.40,175.88,172.44,174.52,4597441
274.0,175.55,176.48,173.92,174.74,3812968
273.0,175.45,176.24,173.86,174.71,6940990
272.0,169.50,174.85,169.37,174.69,8034743
271.0,165.00,169.68,164.73,168.81,4620920
270.0,166.43,168.67,165.60,167.12,3657264
267.0,168.58,168.75,165.50,165.95,4064040
266.0,169.86,171.24,166.15,168.13,5361749
265.0,168.35,169.64,166.70,169.06,4632256
264.0,167.76,169.93,167.04,169.34,4886326
263.0,166.91,168.99,164.23,166.76,6480708
260.0,165.95,169.97,165.80,166.54,7385736
259.0,169.23,170.58,165.72,166.09,5229188
258.0,167.50,170.50,166.25,169.98,7013557
257.0,171.53,171.88,168.25,168.50,5656064
256.0,169.80,172.45,168.80,171.00,7468408
253.0,169.86,172.58,169.00,171.40,5022334
252.0,174.03,174.45,167.60,169.14,9693057
251.0,171.43,175.96,170.01,175.78,9670502
250.0,181.37,181.91,177.45,178.36,6104043
249.0,181.00,182.27,179.10,181.33,4609788
246.0,179.60,181.00,178.50,180.27,4491055
245.0,180.53,181.22,178.02,179.23,4627732
244.0,182.22,182.57,177.81,180.74,5771336
243.0,182.49,184.62,181.43,182.03,5112707
243.0,184.26,184.97,180.65,181.66,4883606
240.0,182.00,185.03,181.18,184.04,6201947
239.0,189.89,190.00,179.38,182.68,11220982
238.0,187.70,189.70,187.51,189.08,4479290
237.0,187.79,188.66,185.81,186.97,5374472
236.0,188.68,190.25,187.01,187.91,8797260
233.0,182.72,191.50,182.71,188.54,9277448
232.0,183.84,185.92,182.70,183.60,7907182
231.0,182.97,187.17,181.75,183.86,17344321
230.0,176.12,185.00,174.24,183.60,41587395
229.0,162.91,163.55,160.02,161.70,17496685
226.0,159.30,161.35,157.97,161.12,5549221
225.0,158.51,160.13,156.98,158.21,6700052
224.0,155.77,158.80,155.77,158.75,8481779
223.0,152.37,155.23,151.55,154.33,4898645
222.0,150.34,153.23,149.65,152.67,5360606
219.0,146.65,150.75,146.65,150.18,5561263
218.0,146.13,147.27,144.25,146.25,5486482
217.0,146.58,148.26,145.58,147.61,4627803
215.0,149.80,150.45,145.80,146.17,3908215
211.0,149.76,150.71,148.42,149.41,5213315
210.0,152.82,152.82,148.00,150.09,7142462
209.0,151.64,154.20,150.12,153.41,5589883
208.0,156.62,156.98,150.72,151.03,7424252
207.0,158.78,159.97,156.56,157.50,6015974
204.0,155.01,158.19,153.76,158.02,6250761
203.0,155.13,155.20,153.70,154.89,3769167
202.0,152.50,155.38,152.26,155.03,5803446
201.0,153.68,154.50,151.40,152.05,4878673
200.0,154.29,155.58,152.41,153.40,6544298
197.0,151.45,153.53,150.39,152.38,6909705
196.0,149.44,152.56,147.30,151.76,7319746
195.0,154.34,155.62,150.28,152.20,6461758
194.0,154.38,155.68,150.13,152.72,8484746
193.0,155.30,155.53,148.31,151.44,14114477
190.0,166.27,166.27,154.50,158.03,10291954
189.0,166.12,166.87,164.84,165.88,3719102
188.0,165.60,166.40,164.41,165.61,3353099
187.0,164.95,166.82,164.51,165.17,4382092
186.0,165.49,165.50,163.43,165.06,3875174
183.0,163.42,165.36,162.80,165.18,4259081
182.0,163.52,163.93,161.70,162.99,3896317
181.0,163.61,164.00,160.74,163.07,5328919
180.0,163.60,164.75,162.71,163.22,4828637
176.0,162.84,163.05,161.12,162.43,4834291
175.0,161.00,164.10,160.55,163.05,8560961
174.0,158.35,158.48,157.17,157.75,2989797
173.0,157.75,158.31,156.80,157.95,3370930
172.0,157.86,158.60,156.43,157.16,3744055
169.0,156.15,158.05,155.91,157.02,4091486
168.0,153.61,156.89,153.24,155.70,6802670
167.0,158.09,158.78,153.00,153.20,8184483
166.0,160.50,161.18,159.33,159.41,3464912
165.0,160.25,161.78,159.76,160.02,4971954
162.0,159.11,160.84,158.51,160.81,5092885
161.0,160.33,160.52,157.55,158.54,5677360
160.0,157.82,161.10,156.56,160.28,6869879
159.0,156.10,157.85,155.97,157.46,3911027
158.0,156.55,157.64,155.30,156.38,4818794
155.0,158.55,158.59,155.90,156.60,5341735
154.0,155.59,157.90,154.55,157.25,5582330
153.0,156.29,156.54,154.88,155.59,3931244
152.0,155.76,156.50,154.61,156.45,5384839
151.0,151.91,157.70,151.61,155.35,9031631
148.0,152.71,152.97,150.94,152.20,6366247
147.0,150.60,153.49,149.30,153.08,7719365
146.0,151.53,152.15,148.90,150.17,9274081
145.0,147.46,153.52,146.22,152.16,20674167
144.0,143.61,144.50,143.40,143.83,4800920
141.0,141.39,143.03,140.90,142.87,6824786
140.0,140.30,141.80,139.27,141.18,7248180
139.0,143.37,144.00,138.66,139.76,12395064
138.0,147.34,147.40,140.00,143.36,19670975
137.0,144.43,147.32,144.43,147.25,16364743
133.0,144.25,144.55,142.76,142.92,3685789
132.0,144.85,145.74,143.55,143.83,4386954
131.0,144.28,144.54,141.98,144.35,4621451
130.0,143.04,144.65,141.21,143.85,5807440
127.0,143.79,143.89,142.71,143.11,3040506
126.0,144.00,144.14,143.01,143.74,3312410
125.0,146.19,146.25,143.26,143.62,4607636
124.0,146.84,147.09,144.89,145.50,4368919
123.0,146.70,148.00,145.74,146.92,4609336
120.0,148.00,148.22,147.33,147.81,3888237
119.0,146.81,148.29,146.53,148.06,4461068
118.0,145.50,147.18,144.91,146.47,3855031
117.0,144.10,146.11,143.92,145.17,4638003
116.0,140.83,144.39,140.00,144.06,4771650
113.0,142.36,142.80,141.58,142.02,3546599
112.0,142.14,142.89,141.26,141.84,3712625
111.0,142.54,143.80,140.76,142.65,6486893
110.0,146.75,147.70,142.10,142.42,7669753
109.0,145.45,146.25,144.58,145.83,3421046
106.0,144.05,145.76,143.40,145.11,6281316
105.0,145.50,146.50,144.22,144.39,5286456
104.0,144.20,145.52,143.23,145.25,5987198
103.0,142.95,143.31,141.70,143.19,4660294
102.0,140.90,143.71,140.32,143.52,4922432
99.0,141.39,141.80,140.28,140.89,3318464
98.0,140.04,141.24,139.74,140.53,2652740
97.0,141.47,142.06,139.77,140.32,4092550
96.0,141.99,142.40,140.38,141.43,4241037
95.0,141.00,142.84,140.54,141.94,7116118
92.0,139.69,140.91,138.26,139.14,5401104
91.0,142.15,142.70,139.09,139.53,6119945
90.0,142.84,143.26,142.10,142.65,4170649
87.0,143.30,143.57,141.85,142.13,3862221
86.0,143.12,143.92,142.38,143.41,3907377
83.0,141.88,143.56,141.55,143.25,3302714
82.0,144.45,144.49,141.52,142.78,4667978
81.0,142.92,144.00,142.17,143.86,3481968
80.0,142.99,143.38,141.81,142.60,3571481
76.0,141.75,142.90,141.27,142.22,4588073
75.0,142.42,142.44,141.07,142.01,2847496
74.0,140.72,142.43,140.51,142.27,5309050
73.0,143.20,144.11,140.05,140.82,8367786
72.0,145.19,145.95,143.05,143.20,4790435
69.0,144.68,145.30,143.97,144.82,6171936
68.0,144.98,145.09,143.58,144.14,4555119
67.0,143.57,145.07,142.56,144.74,6887050
66.0,141.49,144.28,141.05,144.00,8573515
65.0,140.00,141.00,139.16,140.97,3552066
62.0,139.51,140.64,139.10,140.25,3512568
61.0,140.61,141.04,139.05,139.20,3462370
60.0,141.20,142.41,139.30,140.78,6033422
59.0,140.55,141.83,139.70,140.71,4411631
58.0,141.77,141.97,138.80,141.22,8122481
55.0,139.46,142.49,139.00,142.45,8323866
54.0,140.45,141.21,138.51,138.96,6038313
53.0,140.80,141.39,139.05,139.52,7612888
52.0,138.11,140.93,137.03,140.11,7754673
51.0,138.65,139.49,137.31,137.39,7433896
48.0,139.36,140.79,137.66,138.60,9497394
47.0,142.01,143.46,138.25,138.41,23203441
46.0,133.21,133.65,131.06,133.26,16168617
45.0,135.04,135.40,132.09,132.89,12220202
41.0,131.15,133.93,130.58,133.70,10515015
40.0,130.63,130.85,128.50,129.18,5388880
39.0,130.91,131.50,129.25,130.50,5615061
38.0,131.27,132.22,129.29,129.89,5985809
37.0,131.48,131.99,129.89,130.95,5771835
34.0,132.08,133.88,129.81,131.07,10657878
33.0,129.22,132.75,128.90,131.81,10185516
32.0,127.49,130.17,126.55,129.41,7843559
31.0,124.96,128.19,124.31,127.49,9437856
364.0,126.24,126.57,123.60,123.80,4455351
363.0,125.95,126.14,124.20,125.33,3445056
362.0,129.07,129.07,125.76,125.89,4389162
361.0,126.24,129.05,125.70,128.35,5288164
357.0,125.61,126.28,125.08,125.59,2010382
356.0,126.84,127.50,125.18,125.58,4161410
355.0,125.53,127.74,125.00,126.50,6514793
354.0,125.46,126.30,124.64,125.12,3937812
353.0,124.30,126.44,122.87,125.45,4867276
350.0,126.39,126.68,124.01,124.22,7867975
349.0,123.44,127.43,122.95,125.00,7376184
348.0,123.43,124.40,122.50,123.44,6110273
347.0,123.51,125.09,122.78,123.78,5564509
346.0,122.84,124.03,122.30,122.83,3917605
343.0,123.78,124.30,121.73,122.88,4700783
342.0,125.40,126.35,122.16,123.24,8987712
341.0,124.48,125.75,123.25,125.39,8204687
340.0,120.10,124.79,119.42,124.57,11513209
339.0,120.73,120.75,118.40,119.16,7626283
336.0,116.75,120.98,116.75,120.81,8953590
335.0,117.52,118.68,113.95,117.22,8636943
364.0,119.00,120.37,116.39,117.00,7715103
363.0,117.30,119.18,117.13,117.51,7082264
362.0,117.05,117.62,115.71,116.93,5278861
359.0,117.64,118.39,117.18,117.41,1616260
357.0,117.76,118.89,117.31,117.69,4521314
356.0,118.32,119.46,116.98,118.04,7007188
355.0,116.20,118.72,116.19,117.96,7064528
352.0,115.73,116.42,113.51,115.21,6746783
351.0,115.13,116.81,113.56,115.03,6223737
350.0,112.96,116.12,111.81,115.19,5933728
349.0,114.55,116.41,113.09,113.59,7445094
348.0,114.75,115.90,110.68,113.38,9932379
345.0,114.90,116.63,113.11,114.78,11080251
344.0,122.76,122.97,113.70,115.42,19718703
343.0,121.84,123.65,120.86,122.19,7705673
342.0,124.12,125.81,123.22,124.34,4690756
341.0,124.26,125.75,123.37,124.58,5827126
338.0,122.00,123.43,121.62,122.03,5077719
337.0,122.31,123.72,121.84,122.14,5041321
336.0,122.83,124.07,121.83,122.34,4816526
335.0,124.98,125.83,121.80,123.30,6978621
334.0,126.85,126.90,124.40,124.87,6517512
331.0,126.08,128.93,126.01,126.57,7077252
330.0,127.43,128.18,125.93,126.47,6914182
329.0,126.29,128.72,125.75,126.97,8602407
328.0,126.52,128.06,125.75,126.51,8253941
327.0,127.42,129.29,126.15,127.33,15980674
324.0,122.50,127.85,122.31,127.50,18832428
323.0,121.97,123.75,121.06,123.35,14492827
322.0,118.25,122.45,118.00,121.87,21981734
321.0,116.63,119.82,116.50,118.79,42168221
320.0,100.50,100.73,98.38,99.80,26589483
317.0,101.59,102.10,100.35,101.47,9531056
316.0,98.01,100.50,97.63,100.23,8319333
315.0,100.88,102.47,99.22,99.50,7426504
314.0,102.31,102.90,99.86,100.59,9032854
313.0,103.18,104.53,102.76,103.33,6699653
310.0,103.98,106.50,103.55,104.82,8659518
309.0,104.97,105.47,103.88,105.07,6587738
308.0,103.50,106.97,103.43,106.28,12942880
307.0,103.19,104.44,101.86,102.34,12143104
306.0,98.00,103.39,98.00,102.63,15344490
303.0,96.90,99.53,96.79,98.55,9807925
302.0,97.31,98.31,96.60,96.67,6217636
301.0,97.10,97.59,96.02,97.48,7235109
300.0,95.04,97.64,95.00,97.07,9680100
299.0,95.38,95.38,94.04,94.56,6739188
296.0,95.75,96.97,95.43,95.94,6179471
295.0,95.54,95.88,94.23,95.83,11214973
294.0,96.90,97.10,93.26,94.88,20042236
293.0,98.78,99.16,97.66,98.25,4736762
292.0,99.90,100.35,97.82,98.06,8616183
289.0,97.10,99.49,97.04,99.48,9445109
288.0,97.23,97.97,96.53,97.34,5299930
287.0,97.35,98.35,96.96,97.01,8528450
286.0,97.17,98.00,95.33,96.09,11788078
285.0,95.91,99.29,95.71,99.05,7718351
282.0,99.06,99.39,96.50,96.50,7373319
281.0,99.23,100.05,98.82,99.66,5201208
280.0,100.11,100.19,98.42,99.15,6468512
279.0,97.76,100.32,97.65,100.09,9036092
275.0,97.90,98.18,97.01,97.38,4239699
274.0,97.81,97.98,96.92,97.38,4148621
273.0,97.48,97.88,96.76,97.45,4690614
272.0,97.84,98.85,97.14,97.45,6093536
271.0,96.97,98.45,96.57,97.30,8008430
268.0,97.33,97.95,96.57,97.58,6617636
267.0,96.38,98.24,96.04,97.32,10823055
266.0,96.13,96.36,94.91,95.18,6276468
265.0,95.68,96.59,95.48,95.94,5239106
264.0,95.67,96.13,94.95,95.26,5830548
261.0,96.05,96.78,95.51,95.87,6942892
260.0,95.98,97.22,95.17,96.16,7252629
259.0,94.94,96.93,94.85,96.37,8315615
258.0,95.19,95.61,94.40,95.12,6311339
257.0,96.83,96.91,95.24,95.31,7304620
254.0,95.53,96.83,95.08,96.59,6592923
253.0,94.60,96.33,94.37,95.89,8547659
252.0,94.40,94.75,92.95,93.93,6511142
251.0,95.12,95.81,93.48,93.99,9175413
250.0,95.91,95.93,94.00,95.11,10135401
247.0,93.77,97.74,93.56,97.03,18364801
246.0,93.20,93.73,91.82,93.44,6043394
245.0,93.28,94.67,92.55,93.10,7030916
244.0,94.00,94.08,92.18,93.56,9836233
243.0,91.23,94.67,90.50,94.37,10666945
241.0,91.19,91.75,90.59,91.25,6960222
240.0,91.92,92.21,90.68,91.65,6227698
239.0,91.50,92.06,90.10,92.04,8727517
238.0,91.03,93.10,90.90,91.41,19577623
237.0,85.73,87.87,85.01,87.66,14135027
234.0,86.48,86.50,85.11,85.89,11363917
233.0,88.30,88.38,85.21,85.99,16083996
232.0,86.67,88.49,85.82,87.91,23525141
231.0,85.43,86.75,84.50,85.84,55681209
230.0,98.43,99.84,97.24,98.81,28669659
227.0,98.52,98.70,97.41,98.39,9041865
226.0,97.00,98.27,96.80,98.02,9885009
225.0,96.26,96.72,94.80,96.43,8768863
224.0,95.07,96.72,94.09,95.97,11617410
223.0,96.19,96.87,94.30,94.67,13276161
220.0,96.00,97.41,95.30,97.06,8335375
219.0,94.70,95.38,93.18,95.10,9913509
218.0,95.03,96.00,93.55,94.60,16301211
217.0,95.20,101.27,93.31,97.91,25879367
213.0,95.00,97.00,94.80,96.67,16167210
211.0,90.91,91.72,89.90,91.48,9098971
210.0,89.67,91.97,88.70,91.06,11687079
209.0,87.41,88.88,86.41,87.97,11545631
208.0,87.88,88.00,84.81,85.33,13775706
205.0,87.53,90.49,87.21,88.44,11248582
204.0,90.62,91.68,88.15,91.66,10819033
203.0,90.78,91.98,89.77,90.01,9454685
202.0,93.87,93.88,90.77,90.99,15199727
201.0,95.22,95.88,93.65,93.80,9026376
198.0,95.75,95.77,94.20,94.45,8046841
197.0,94.18,95.56,93.25,95.44,7550774
196.0,94.61,95.46,93.50,94.29,7675449
195.0,94.16,95.80,93.27,94.12,9480388
194.0,95.02,97.20,93.62,93.85,13484345
191.0,94.88,95.35,93.28,93.75,12907900
190.0,97.22,98.43,96.66,97.09,8923803
189.0,100.02,100.28,97.60,97.86,9423938
188.0,101.20,101.63,99.77,99.89,6474742
187.0,100.29,101.07,99.72,100.74,6828128
184.0,100.99,101.00,98.53,99.59,9223994
183.0,101.39,102.15,100.77,101.25,7992448
182.0,101.50,101.92,100.16,101.51,8393380
181.0,102.95,103.45,102.13,102.57,8725656
177.0,102.44,103.50,101.44,103.30,9078291
176.0,103.21,104.00,101.38,102.81,17791364
175.0,99.00,100.31,98.30,100.20,15142865
174.0,95.98,99.14,95.75,97.89,21225152
173.0,92.98,95.29,92.85,94.89,13962664
170.0,90.08,93.28,89.98,92.49,15002485
169.0,90.16,91.27,88.30,89.55,11441277
168.0,88.25,91.72,88.25,90.50,13878745
167.0,89.00,90.87,88.17,88.63,11559017
166.0,87.56,90.00,86.15,89.12,11235881
163.0,87.39,88.59,86.26,87.88,11549822
162.0,90.32,90.41,85.74,87.74,20231264
161.0,92.40,92.59,89.90,90.02,11667745
160.0,91.14,93.25,91.09,92.89,11164219
159.0,90.73,91.83,89.90,90.54,9534969
156.0,88.83,90.88,88.11,90.84,10427623
155.0,90.91,92.08,89.25,89.37,10339331
154.0,91.00,92.16,90.35,90.79,7356797
153.0,92.08,93.25,91.30,91.54,10570444
152.0,90.41,93.22,89.89,93.11,12515692
149.0,90.50,90.56,88.21,90.03,13941034
148.0,91.50,92.67,90.09,90.28,11435585
147.0,92.18,92.50,90.21,91.04,12164840
146.0,93.50,93.55,91.25,92.43,15234646
145.0,95.70,95.75,92.80,93.56,14965457
142.0,94.85,96.69,94.21,95.90,15785952
141.0,97.31,97.38,94.78,94.98,19859384
140.0,94.34,96.98,93.14,96.77,25633630
139.0,99.49,101.37,94.20,94.34,55623936
138.0,109.90,110.70,106.02,108.40,27002576
135.0,110.64,111.85,109.78,111.51,11722365
134.0,110.01,111.64,109.15,110.42,9532477
133.0,108.00,111.28,107.88,109.65,16683395
132.0,103.15,107.22,102.21,106.98,12310238
131.0,104.04,104.98,102.62,102.68,7436173
128.0,105.12,105.33,102.82,103.81,7835963
127.0,104.31,106.44,103.60,104.45,10735092
126.0,105.30,106.44,104.25,104.83,9585918
125.0,103.47,105.75,103.25,104.94,10034429
124.0,105.90,105.92,103.20,104.35,10921045
121.0,102.93,105.79,102.47,105.70,14169471
120.0,102.43,103.53,101.05,102.23,9742175
119.0,104.65,104.91,101.48,102.19,14692419
118.0,101.08,104.33,101.00,104.13,15950603
117.0,98.34,101.44,97.82,101.21,12407400
113.0,98.64,98.85,97.07,98.36,10646907
112.0,99.75,100.39,98.81,99.59,8292315
111.0,100.48,101.52,99.20,99.84,9039475
110.0,101.15,102.10,99.50,101.06,9562862
107.0,100.50,102.41,100.01,101.12,15437295
106.0,99.05,101.39,99.00,99.72,13755028
105.0,97.53,99.73,97.50,99.35,12598569
104.0,97.87,98.51,96.43,97.86,9691768
103.0,97.20,99.42,97.17,98.13,11223226
100.0,99.51,99.60,96.05,97.66,15097852
99.0,98.18,99.74,95.45,97.36,16979357
98.0,96.82,98.37,95.00,98.00,12279463
97.0,95.00,98.28,94.50,96.23,14750241
96.0,101.00,101.79,95.25,95.49,23855151
93.0,98.76,102.22,98.32,101.58,23388393
92.0,97.83,98.35,95.39,97.93,15303552
91.0,98.01,99.48,95.90,97.61,19088404
90.0,94.58,99.16,93.61,98.30,16997749
88.0,94.81,97.20,93.34,93.41,13157071
85.0,95.30,97.48,94.25,94.79,16947865
84.0,91.08,94.81,90.21,94.53,17852939
83.0,88.50,91.76,86.70,91.61,15908434
82.0,91.40,92.49,89.05,89.12,12709044
81.0,90.75,93.11,88.30,91.93,16298806
78.0,89.98,91.40,88.03,89.23,14239479
77.0,94.80,94.90,90.31,90.49,17631232
76.0,90.13,94.77,89.64,94.76,18245146
75.0,89.00,90.14,87.54,89.05,16313155
71.0,86.64,89.72,85.26,87.40,19017611
70.0,87.42,88.39,82.91,86.35,21768153
69.0,89.00,92.21,87.42,88.45,23084070
68.0,81.75,88.40,81.55,86.13,25822376
67.0,80.57,84.70,79.95,83.32,24916105
64.0,88.23,88.95,81.86,82.79,25859696
63.0,89.50,91.25,86.54,89.71,19055444
62.0,92.41,92.69,86.14,90.74,27402372
61.0,95.54,96.65,90.73,91.49,21860012
60.0,91.79,97.18,91.30,94.09,19617993
57.0,92.00,94.39,90.63,91.84,20420757
56.0,93.84,95.25,90.11,94.41,24373250
55.0,96.61,97.85,90.59,91.15,25314581
54.0,99.74,100.55,94.85,97.83,22024725
53.0,99.78,102.68,99.00,99.12,20250759
50.0,104.72,104.99,99.22,100.72,26772742
49.0,108.32,108.51,102.10,102.35,30919715
48.0,108.91,109.99,97.05,107.74,52926288
47.0,106.57,110.14,105.55,107.89,33267428
43.0,102.43,105.50,101.72,104.04,19651281
42.0,105.65,109.25,101.21,107.06,23620712
41.0,114.43,114.48,104.53,106.56,24798764
40.0,116.11,117.78,115.08,116.58,15133522
39.0,112.13,116.79,111.20,114.97,21920390
36.0,116.33,117.72,111.10,111.39,18067140
35.0,116.36,122.18,112.29,114.56,33636661
34.0,105.29,117.91,104.96,117.68,33045656
33.0,110.45,110.58,105.85,107.66,17664562
32.0,109.00,110.00,105.21,109.96,20733233
365.0,116.21,117.46,114.28,114.38,9273008
364.0,118.95,119.02,116.43,116.71,8149686
363.0,118.19,119.60,116.92,119.12,8159211
362.0,117.26,117.35,113.85,117.11,8424276
358.0,118.22,118.80,117.30,117.33,3541403
357.0,116.91,118.56,115.78,118.16,9324333
356.0,117.30,117.43,114.86,116.24,9689044
355.0,119.51,119.59,115.66,116.63,11669993
352.0,120.85,122.19,117.92,118.02,17948060
351.0,123.97,126.35,122.42,122.51,17284872
350.0,119.80,123.00,118.09,122.64,13180982
349.0,121.93,123.30,118.54,118.60,11759993
348.0,119.77,120.90,114.66,120.67,18679314
345.0,121.45,123.00,118.60,118.91,16105315
344.0,124.50,125.21,121.62,122.91,13474119
343.0,127.70,128.78,122.33,124.20,17788797
342.0,121.51,128.24,121.10,126.98,18591147
341.0,131.65,133.27,122.75,125.36,23351610
338.0,127.00,130.99,125.75,130.93,20250411
337.0,129.62,132.20,126.39,126.81,26647260
336.0,125.53,131.35,124.93,128.93,24053079
335.0,124.47,125.57,122.42,125.37,12528773
364.0,126.03,126.60,122.89,123.33,13718932
361.0,123.85,126.39,123.59,125.44,6644280
359.0,124.23,125.20,122.36,124.16,10980677
358.0,123.97,124.66,120.03,123.31,18317565
357.0,124.30,126.20,121.66,125.03,15670283
354.0,120.85,124.07,119.21,123.84,17887887
353.0,120.25,123.13,119.61,120.22,19088792
352.0,117.94,121.00,116.10,120.63,23287786
351.0,112.11,118.79,111.70,117.10,32936206
350.0,102.97,111.65,101.86,111.35,19802503
347.0,108.34,109.07,103.27,103.65,18726568
346.0,112.52,115.25,108.20,108.92,17364015
345.0,113.08,114.61,111.41,112.86,11021023
344.0,108.86,112.84,108.01,112.70,11150819
343.0,113.36,114.00,108.64,109.86,16132353
340.0,113.39,114.80,112.05,114.06,10913100
339.0,113.75,115.68,111.72,113.50,13789557
338.0,110.36,114.28,109.39,114.05,17207499
337.0,107.36,111.05,107.24,109.74,12460192
336.0,109.20,109.37,106.30,107.64,11753174
333.0,105.12,110.10,104.90,108.38,15552163
332.0,105.00,106.91,104.75,105.12,9802651
331.0,102.90,106.21,102.06,105.80,13044860
330.0,102.58,104.72,101.23,103.07,12017364
329.0,100.05,103.31,99.38,103.04,12099611
326.0,97.61,101.56,97.27,100.04,17952792
325.0,98.07,99.93,96.86,97.32,12508145
324.0,99.67,100.34,97.01,97.96,13728542
323.0,101.06,102.11,97.58,98.99,17285344
322.0,98.07,103.62,96.26,101.69,29896014
319.0,100.21,101.65,98.41,98.99,21251955
318.0,103.77,104.88,99.10,101.09,47147030
317.0,111.50,111.63,108.05,110.23,27763604
316.0,112.85,113.72,108.78,109.73,17220343
315.0,114.45,115.42,112.36,113.45,12584853
312.0,114.11,115.83,112.44,113.33,22191915
311.0,107.94,115.05,102.60,114.93,42511098
310.0,108.84,109.78,106.75,108.10,12287862
309.0,110.33,112.25,105.64,108.33,20629792
308.0,107.48,112.28,105.76,111.25,20836951
305.0,103.01,106.87,101.45,106.11,21450221
304.0,102.91,106.11,101.12,105.98,16995856
303.0,99.91,103.46,99.05,103.26,16971310
302.0,99.63,100.63,96.85,98.35,17116665
301.0,101.57,103.33,97.84,99.47,16915986
298.0,105.30,105.45,101.57,102.24,19039415
297.0,97.11,104.00,96.78,103.76,21136676
296.0,98.60,99.74,97.66,98.07,10247133
295.0,98.29,99.90,97.00,98.47,16417870
294.0,103.30,103.77,99.56,100.30,17856598
291.0,102.00,104.36,100.71,102.62,21594438
290.0,103.67,107.50,101.83,104.21,25531317
289.0,99.70,104.48,99.33,104.08,27953817
288.0,95.22,99.65,93.61,99.16,22299181
287.0,96.84,97.91,94.33,95.69,15513848
284.0,98.57,100.85,97.23,97.51,17323011
283.0,99.42,100.85,96.78,99.48,20998283
282.0,96.51,102.79,95.52,99.18,35416322
281.0,102.08,102.50,93.55,94.95,43375535
277.0,98.05,99.93,97.34,98.79,24130891
276.0,102.69,104.17,100.11,101.06,29188068
275.0,109.31,109.50,100.30,105.44,39016991
274.0,109.35,111.24,103.82,105.79,35657755
273.0,115.24,117.00,113.76,115.03,16855816
270.0,116.35,119.35,115.88,117.63,20186334
269.0,114.94,118.25,113.02,117.66,35741993
268.0,107.15,110.28,102.02,110.13,35399502
267.0,107.75,107.88,101.50,101.52,37372540
266.0,88.75,109.63,85.50,96.88,56916512
263.0,106.20,110.00,102.75,103.96,33058641
262.0,119.80,121.45,111.34,112.49,27863377
261.0,123.50,123.70,121.50,122.06,10115271
260.0,125.26,126.75,123.55,124.05,9381994
259.0,123.14,125.70,122.59,125.36,9233848
256.0,124.96,125.00,123.00,123.39,8667683
255.0,120.99,125.73,119.34,123.73,15284397
254.0,121.47,122.45,118.66,120.51,13881612
253.0,120.01,123.76,120.00,122.74,11596811
252.0,126.09,126.50,121.51,123.03,13424574
249.0,126.42,126.60,121.30,123.52,17360669
248.0,126.29,128.85,122.04,126.45,24716746
247.0,125.62,129.29,122.70,123.71,26946486
246.0,113.15,122.79,113.00,121.15,29653323
245.0,114.60,114.60,111.78,112.56,10144817
243.0,111.95,115.00,111.15,114.31,16349071
242.0,106.40,111.90,105.40,111.56,14229196
241.0,106.83,107.75,105.40,107.08,6695640
240.0,107.29,107.94,103.88,106.90,11155945
239.0,107.79,109.86,106.25,106.43,11302624
236.0,111.55,111.68,108.90,109.34,8125065
235.0,110.91,112.18,109.84,110.10,8306774
234.0,112.14,113.88,110.56,111.50,10500548
233.0,110.21,113.71,109.32,112.51,14085422
232.0,114.70,114.70,110.14,110.55,22676913
229.0,117.34,117.88,114.24,114.77,25136948
228.0,111.02,116.49,107.68,115.81,63460992
227.0,99.97,100.75,97.05,98.13,30898594
226.0,101.27,101.64,99.65,100.37,19736437
225.0,98.10,102.31,98.08,101.09,33205011
222.0,97.52,98.50,96.90,97.23,21636594
221.0,94.90,95.85,94.29,95.73,16731316
220.0,93.47,94.00,92.28,93.51,12990691
219.0,95.01,95.43,92.62,94.09,21573272
218.0,93.47,94.93,93.34,94.57,11808384
214.0,94.00,94.20,93.21,94.04,11053231
213.0,94.81,95.24,93.22,93.64,14699419
211.0,93.36,94.36,92.79,93.85,16880458
210.0,91.51,92.91,91.12,92.23,24575887
207.0,95.30,95.31,93.09,93.09,30314697
206.0,95.48,96.00,93.46,94.89,41623204
205.0,100.01,100.89,96.40,96.94,77138796
204.0,96.34,97.39,95.75,97.31,15626436
203.0,95.04,96.69,94.19,96.41,16732905
200.0,96.24,96.42,93.82,93.87,19814802
199.0,94.65,95.34,94.37,94.74,8963122
198.0,95.13,95.13,93.96,94.27,9905119
197.0,94.24,95.61,93.69,95.27,16043020
196.0,92.86,93.59,91.66,93.43,19053951
193.0,94.92,95.34,94.12,94.42,10278821
192.0,96.89,96.92,94.09,95.09,26623387
191.0,93.40,98.97,93.23,95.87,57121379
190.0,89.33,92.71,89.33,92.45,22025080
189.0,90.71,90.82,89.00,89.60,11148914
186.0,89.21,90.54,89.13,90.46,11624347
185.0,88.38,89.43,88.04,89.35,10074379
184.0,89.24,89.73,88.64,88.81,6237994
183.0,88.71,89.68,88.41,89.13,7528927
182.0,88.84,89.12,87.94,89.00,9925832
179.0,89.47,90.21,88.96,89.15,12712014
178.0,89.71,89.86,88.93,89.51,7821541
177.0,88.14,89.91,87.93,89.86,10506412
176.0,88.87,89.06,87.79,87.99,9645720
172.0,89.18,89.41,88.69,88.84,7466039
171.0,89.08,89.57,88.18,89.00,12767020
170.0,88.21,89.11,87.36,88.79,12757129
169.0,88.89,89.79,87.81,88.07,19101306
168.0,87.54,88.53,87.02,88.27,14811944
165.0,86.36,88.35,85.76,87.61,37053009
164.0,83.29,83.92,82.33,83.84,8898659
163.0,83.40,84.20,82.69,82.87,11155725
162.0,83.81,83.81,82.99,83.38,11906972
161.0,82.32,84.86,82.19,84.28,23882383
158.0,81.04,82.15,80.96,82.09,13828248
157.0,80.11,80.79,79.46,80.75,10220595
156.0,81.03,81.21,79.52,80.08,11504507
155.0,81.24,82.44,80.76,80.79,27116285
154.0,79.60,79.70,78.90,79.30,7967085
151.0,79.86,79.97,78.89,79.58,8906086
150.0,80.24,80.84,79.12,79.50,10565254
149.0,80.07,81.06,79.64,80.41,9540468
148.0,80.59,81.28,79.94,80.44,8826475
147.0,80.29,81.79,80.23,80.87,15247001
144.0,80.17,80.81,79.51,79.77,11045237
143.0,79.66,80.34,78.96,79.87,12687283
142.0,80.21,80.71,79.54,79.67,12089511
141.0,81.23,81.48,79.80,80.06,15925574
140.0,81.79,82.30,80.38,81.06,30766400
137.0,79.78,82.14,79.71,81.65,58306367
136.0,76.00,81.25,75.71,80.29,104500746
135.0,68.70,68.70,67.36,67.92,42528619
134.0,68.86,69.14,67.42,68.39,28642138
133.0,67.24,69.29,67.06,67.81,44436945
130.0,64.40,65.00,63.95,64.94,22367093
129.0,63.00,63.14,62.11,62.79,13455540
128.0,61.20,63.11,61.18,63.05,22327697
127.0,60.50,60.85,60.04,60.49,9977716
126.0,58.77,60.45,58.46,60.33,10730328
122.0,59.07,59.61,58.86,59.15,9864211
121.0,59.64,59.79,58.70,59.02,14639744
120.0,60.11,60.42,59.46,59.53,14248605
119.0,59.72,60.56,59.36,60.37,13272378
116.0,59.33,59.85,58.57,59.25,15851934
115.0,59.63,60.45,59.39,59.75,16038785
114.0,62.68,62.69,60.24,60.25,21652386
113.0,61.14,63.10,61.12,62.61,16888746
112.0,60.89,61.16,60.33,60.71,7664104
109.0,61.34,61.79,60.90,61.18,13641838
108.0,60.46,61.21,60.26,60.74,11449823
107.0,59.74,60.65,59.30,60.45,14634935
106.0,59.71,60.69,59.38,59.79,18428130
105.0,61.55,61.55,59.62,60.28,26796119
102.0,63.91,64.06,62.37,62.63,10160997
101.0,63.35,64.58,63.34,64.05,14654647
100.0,62.24,63.94,62.24,62.88,16363417
99.0,63.02,63.35,61.98,62.15,17947034
98.0,64.99,65.09,62.83,63.66,18970931
95.0,66.64,66.93,64.84,64.87,12888540
94.0,67.43,67.46,66.42,66.81,11248986
93.0,67.53,67.93,66.18,67.11,17453779
92.0,68.34,68.46,67.51,67.82,7426608
91.0,67.71,68.61,67.23,68.61,10186925
86.0,69.08,69.43,67.82,67.84,11516694
85.0,68.63,69.50,68.43,69.00,10852884
84.0,67.81,68.79,67.81,68.33,6859867
83.0,67.37,68.08,67.36,67.84,6075202
82.0,68.30,68.31,67.14,67.41,9031701
79.0,67.95,68.37,67.64,68.31,9421846
78.0,67.86,68.71,67.57,67.80,10438554
77.0,67.02,68.07,66.65,67.87,10316831
76.0,66.52,67.37,65.94,67.14,11170404
72.0,65.43,66.63,65.42,66.59,12968746
71.0,65.06,65.61,64.45,65.25,8471939
70.0,64.83,66.14,64.56,64.98,13953296
69.0,63.46,65.16,63.10,64.85,15418879
68.0,63.20,63.79,62.64,63.30,8179332
65.0,64.25,64.43,63.18,63.48,8898260
64.0,64.54,65.14,63.67,64.13,14248724
63.0,65.04,65.17,63.89,64.10,12450942
62.0,63.32,65.47,62.73,65.27,16439913
61.0,62.84,63.43,61.96,63.01,12990789
58.0,63.13,63.98,62.66,63.11,13215601
57.0,63.20,63.93,62.50,63.40,15127938
56.0,64.74,64.82,63.08,63.21,24532858
55.0,63.09,65.34,63.05,64.88,24612553
54.0,62.57,63.90,61.96,63.79,21269045
51.0,60.99,62.74,60.88,62.49,26784352
50.0,58.57,61.37,57.83,61.21,33319398
49.0,59.23,59.24,57.41,58.47,66902766
48.0,48.60,50.00,47.70,49.80,40551287
44.0,46.86,48.25,46.38,48.19,19696474
43.0,46.55,46.79,45.84,46.25,11678688
42.0,47.07,47.37,45.68,46.32,19884599
41.0,46.02,47.05,45.90,46.26,18729256
40.0,47.09,47.20,45.26,45.55,12944610
37.0,47.63,48.02,46.90,47.04,9577960
36.0,47.12,47.84,46.48,47.78,9624209
35.0,47.35,47.42,46.27,46.74,9850022
34.0,47.35,47.64,45.66,46.50,16037952
33.0,49.26,49.26,47.15,47.31,18165021
30.0,49.15,50.33,48.73,49.85,13474825
365.0,49.03,49.39,48.79,48.80,8627773
364.0,48.71,49.14,48.54,49.03,7011221
363.0,47.97,49.10,47.65,48.85,8608586
360.0,48.84,49.48,48.53,48.58,8847447
358.0,48.07,49.07,48.00,48.87,5412407
357.0,48.29,48.43,47.47,48.06,8307964
356.0,48.54,49.24,47.75,48.10,8007650
353.0,47.90,48.72,47.62,48.59,15048061
352.0,48.40,48.93,47.23,47.77,15639365
351.0,45.38,47.87,45.08,47.66,20193047
350.0,46.43,47.07,45.14,45.21,16981174
349.0,48.06,48.42,46.62,46.72,12025545
346.0,47.42,48.32,46.98,47.78,13574519
345.0,48.01,48.70,47.66,47.80,11771424
344.0,49.02,49.25,47.67,47.76,12674977
343.0,47.82,49.34,47.00,49.11,17994368
342.0,49.88,49.98,48.29,48.50,13628643
339.0,50.15,50.64,49.73,50.13,9929871
338.0,50.43,51.14,49.91,50.09,11864713
337.0,50.22,50.73,49.18,50.73,13831902
336.0,48.76,50.48,48.69,50.33,14271698
335.0,49.29,49.57,48.23,48.83,11964673
362.0,50.51,50.57,49.43,49.51,6702255
360.0,50.15,50.53,49.75,50.17,10065321
359.0,50.15,50.35,49.14,49.86,28100842
358.0,51.51,51.92,50.77,50.92,17863909
355.0,53.21,53.32,51.36,51.47,17877783
354.0,51.87,53.32,51.57,52.59,15425431
353.0,54.74,55.29,51.81,51.87,24515421
352.0,54.43,54.99,54.36,54.43,7927178
351.0,55.05,55.64,54.39,54.45,9225643
348.0,54.20,55.32,54.08,55.15,10988621
347.0,54.92,55.01,53.93,54.20,10490466
346.0,54.45,55.14,53.86,54.84,10958724
345.0,55.32,56.30,54.54,54.65,14849177
344.0,54.71,55.64,54.14,55.32,9711317
341.0,54.78,55.04,54.19,54.88,9303980
340.0,54.00,55.05,53.91,54.76,9991933
339.0,55.09,55.41,53.77,54.34,13645758
338.0,55.27,55.32,54.11,54.68,11389833
337.0,56.18,56.50,55.02,55.49,17608381
334.0,54.91,56.25,54.86,56.11,20486739
333.0,53.93,54.62,53.51,54.14,10593681
332.0,55.17,55.24,53.97,54.01,12560058
331.0,54.25,55.27,54.05,55.17,11750844
330.0,54.80,54.90,53.80,54.20,14951363
327.0,54.65,55.29,54.40,55.00,14662830
326.0,54.36,55.11,54.04,54.72,19926837
325.0,52.71,54.57,51.89,53.52,32175689
324.0,51.75,52.40,50.78,52.28,19392527
323.0,50.86,52.74,50.79,51.32,33538421
320.0,51.40,51.44,48.79,51.01,79185463
319.0,47.53,52.31,47.29,51.67,92304996
318.0,63.50,64.43,61.45,64.08,59927574
317.0,63.64,64.57,62.59,64.16,16759701
316.0,64.46,64.64,61.86,62.65,20231323
313.0,65.69,66.41,64.49,64.58,19122845
312.0,66.66,66.86,65.65,65.95,14933275
311.0,65.24,66.80,64.48,66.69,14344064
310.0,65.87,66.61,65.14,65.18,13760117
309.0,66.00,66.74,65.86,66.21,13711348
306.0,64.74,65.80,64.64,65.65,15292396
305.0,62.70,64.36,62.55,64.28,18453435
304.0,64.10,64.29,62.47,62.69,15421658
303.0,64.61,65.31,64.26,64.45,12478207
302.0,63.44,64.36,63.15,64.22,9517529
299.0,63.57,64.38,63.41,64.11,10404695
298.0,64.27,64.62,63.20,63.36,9853270
297.0,63.49,64.52,63.22,64.37,9556603
296.0,63.03,64.00,62.93,63.41,11474295
295.0,65.18,65.28,62.70,63.25,16176874
292.0,65.86,65.90,64.88,65.36,11962755
291.0,65.35,65.91,64.76,65.57,10631341
290.0,65.27,65.55,64.47,64.93,12135655
289.0,64.06,65.45,63.66,65.27,26844013
288.0,68.22,68.22,65.26,65.39,20616771
285.0,69.09,69.27,68.02,68.08,13432153
284.0,68.94,69.19,68.52,68.79,7869988
283.0,68.60,69.25,68.15,69.20,9110731
282.0,69.47,69.90,68.06,68.43,19755036
281.0,67.77,68.66,67.74,68.48,7675514
278.0,67.60,68.19,67.15,67.95,11953340
277.0,68.44,68.81,67.45,67.52,11962335
276.0,68.65,69.66,68.08,68.20,16227498
275.0,68.36,68.40,67.80,68.09,8834532
271.0,68.12,68.64,67.73,68.23,9839410
270.0,67.52,68.21,67.26,67.89,7601867
269.0,68.49,68.61,67.66,67.81,10394909
268.0,68.36,68.84,67.79,68.48,10158379
267.0,68.79,69.33,68.22,68.70,13503882
264.0,67.28,68.51,67.15,68.46,13746516
263.0,67.33,68.02,66.81,67.44,11753280
262.0,66.71,67.68,66.36,67.46,12170830
261.0,66.73,67.21,66.06,66.88,10907015
260.0,66.01,67.07,65.89,66.57,13522061
257.0,64.50,66.00,64.09,65.58,22053577
256.0,64.60,65.00,64.03,64.41,6676369
255.0,64.09,64.89,63.83,64.50,9063075
254.0,64.48,64.71,63.34,63.77,10849524
253.0,64.17,65.38,64.10,64.51,13253779
250.0,64.31,64.42,63.15,63.69,15506120
249.0,62.19,64.28,62.08,64.24,27334916
248.0,60.14,62.13,60.08,61.47,15840573
247.0,60.19,61.14,60.04,60.41,10665487
246.0,61.03,61.43,60.11,60.39,10694607
243.0,60.25,61.10,58.93,60.77,18949987
243.0,61.47,61.85,60.18,60.39,13827009
242.0,60.68,62.18,60.62,62.05,15306193
241.0,60.46,61.20,60.46,60.61,9287369
240.0,60.32,60.84,59.79,60.67,11960907
237.0,60.71,61.17,60.06,60.27,11616017
236.0,61.35,61.46,59.86,60.77,18638704
235.0,61.49,62.20,60.93,61.13,17278065
234.0,63.28,63.52,60.72,61.58,57177918
233.0,64.53,65.36,63.95,64.56,34670965
230.0,62.97,63.47,62.25,63.45,11772201
229.0,63.33,64.12,62.61,62.77,13276389
228.0,64.87,65.10,63.34,63.49,13452124
227.0,64.38,64.48,63.18,64.16,13519471
226.0,63.33,65.07,62.71,64.65,17439100
223.0,63.07,63.45,62.45,62.85,14237132
222.0,62.06,63.46,61.17,62.65,24397541
221.0,63.74,64.19,62.82,63.29,21016002
220.0,65.66,65.86,62.75,63.58,26200958
219.0,67.44,67.46,65.71,65.80,18339230
215.0,67.17,67.52,66.98,67.48,11359495
214.0,67.64,67.98,66.58,66.68,17322207
213.0,65.18,67.67,65.04,67.59,38039386
211.0,63.27,63.84,62.81,62.94,10614002
208.0,62.62,63.31,62.49,63.15,15589511
207.0,62.97,63.16,62.39,62.80,14249025
206.0,62.14,63.54,61.90,63.46,15763384
205.0,62.58,64.28,62.21,62.34,20399071
204.0,62.77,63.12,62.22,62.79,10691751
201.0,63.03,63.27,62.14,62.88,13247787
200.0,64.20,64.21,62.58,63.06,17341198
199.0,63.38,64.40,62.89,64.10,18796344
198.0,62.58,64.01,62.54,63.38,28999670
197.0,60.93,61.60,60.49,61.47,12550419
194.0,60.43,61.13,59.60,61.10,15789697
193.0,61.30,61.46,60.07,60.35,15839082
192.0,60.75,61.80,60.71,61.43,13752816
191.0,60.79,62.29,60.72,61.18,22940848
190.0,61.36,61.52,60.01,60.44,16710953
187.0,61.43,62.13,61.19,61.45,15734915
186.0,60.54,61.34,59.80,61.19,18946123
185.0,59.54,60.64,59.04,60.46,17444735
184.0,60.00,60.80,59.58,59.65,17140074
183.0,59.93,60.42,58.93,60.29,20501467
180.0,59.31,60.25,58.80,59.69,29254967
179.0,57.63,59.43,57.08,59.31,22862644
178.0,56.74,57.89,56.21,57.32,19880084
177.0,57.43,57.46,56.16,56.97,26752866
173.0,55.95,57.50,55.67,57.48,22140601
172.0,55.84,56.79,55.36,55.97,33228594
171.0,53.59,55.81,53.34,55.80,39967319
170.0,52.14,53.24,51.77,53.10,28843437
169.0,49.57,52.46,49.51,52.07,25423706
166.0,49.35,50.00,48.55,49.98,19077779
165.0,50.12,50.26,48.48,49.17,23373973
164.0,49.58,50.63,49.44,50.27,19909652
163.0,49.21,50.61,48.68,49.59,20831762
162.0,47.27,49.36,47.22,49.35,21401415
159.0,46.01,47.13,45.34,46.94,17968643
158.0,45.31,47.39,44.91,45.95,21182511
157.0,46.59,46.83,45.03,45.79,25682468
156.0,49.10,49.67,46.52,46.60,22722868
155.0,48.30,49.35,48.01,49.20,20336071
152.0,48.22,49.13,47.72,48.66,26230295
151.0,46.29,49.38,46.15,48.07,37013753
150.0,45.42,46.06,44.32,46.01,23631923
149.0,44.61,46.38,44.58,45.70,23135490
148.0,45.44,45.84,42.79,44.89,47123643
145.0,48.21,48.77,46.00,46.01,33113493
144.0,50.36,50.84,47.83,49.15,30659629
143.0,51.82,52.50,50.43,50.50,40347181
142.0,53.80,54.41,52.12,53.27,64702379
141.0,49.90,49.91,48.33,49.78,47892649
137.0,48.11,49.96,47.50,49.39,32141907
136.0,47.29,47.71,46.19,47.34,16122890
135.0,47.01,47.37,44.59,46.61,30826544
134.0,47.56,47.86,46.51,47.37,18001067
131.0,47.26,47.83,46.23,46.67,30165856
130.0,50.64,51.07,47.72,47.82,24917956
129.0,50.15,50.56,49.02,50.43,20529103
128.0,48.58,50.11,48.34,49.84,25792130
127.0,48.64,49.74,47.30,48.29,37351223
124.0,50.78,50.86,47.98,48.19,34990256
123.0,51.62,52.16,50.01,50.67,22001427
122.0,52.24,53.01,51.19,51.84,24194443
121.0,50.25,52.18,50.25,52.10,21357084
120.0,51.64,52.41,49.98,50.29,22125362
117.0,51.46,52.71,50.82,51.27,24699353
116.0,53.00,53.98,51.65,52.03,28671909
115.0,53.29,53.92,52.37,53.18,27159321
114.0,54.14,54.99,52.25,52.98,30405592
113.0,57.93,58.06,52.66,54.13,42484022
110.0,60.87,61.19,57.96,58.00,26799059
109.0,59.95,61.74,59.93,60.61,14495075
108.0,59.98,60.78,59.58,60.01,10531542
107.0,60.34,60.89,59.50,60.04,14728917
106.0,61.17,61.54,60.33,60.39,10704666
103.0,61.10,62.14,60.43,60.64,15005844
102.0,62.82,62.90,61.18,61.44,11390225
101.0,61.95,62.79,61.38,62.37,12152063
100.0,63.23,63.81,62.24,62.50,10453079
99.0,64.07,64.11,61.73,62.85,15459675
96.0,64.87,64.93,63.64,64.05,11574437
95.0,64.99,65.43,64.14,64.36,11824344
94.0,64.86,65.26,64.56,64.79,10881465
93.0,64.42,65.00,63.66,65.00,12405561
92.0,63.03,63.68,62.59,63.66,13538077
87.0,64.73,64.89,63.00,63.66,15774983
86.0,63.98,64.88,63.98,64.60,10326036
85.0,65.13,65.14,63.71,64.11,15018031
84.0,64.29,65.40,63.57,64.72,18736487
83.0,62.21,64.24,61.21,63.86,26097533
80.0,62.67,62.67,61.38,61.75,13523055
79.0,61.48,62.54,61.31,62.14,12013281
78.0,61.67,62.32,61.14,61.18,16050517
77.0,62.42,63.04,61.14,62.41,15518349
73.0,62.44,62.53,61.67,62.22,12087859
72.0,60.81,62.78,60.71,62.36,18723075
71.0,62.11,62.13,60.79,61.28,15682919
70.0,61.42,62.25,60.79,62.00,13684454
69.0,61.35,61.77,60.61,61.49,13848555
66.0,59.06,61.50,58.65,61.43,33050829
65.0,58.06,58.70,57.20,58.27,12906831
64.0,57.59,58.25,56.86,57.77,16782612
63.0,57.92,58.36,56.72,57.99,18101433
62.0,58.84,58.88,57.24,57.77,20153441
59.0,57.47,58.91,57.47,58.48,23646686
58.0,58.16,58.46,57.36,57.81,18408341
57.0,57.59,58.19,56.86,57.20,29026893
56.0,54.47,58.20,54.39,58.11,43746773
55.0,55.34,55.93,52.94,54.46,32589193
52.0,54.81,55.81,54.77,55.15,35713125
51.0,55.34,56.52,53.93,55.53,91360052
50.0,47.07,47.78,46.76,47.68,49331009
49.0,47.46,47.50,45.75,46.96,25240754
45.0,47.44,47.83,46.89,47.15,16434446
44.0,46.92,47.70,46.00,47.38,21139797
43.0,47.86,48.37,45.58,47.20,40479404
42.0,48.78,48.80,47.51,48.28,19770296
41.0,47.30,49.81,47.30,48.12,27247857
38.0,48.30,48.38,47.22,47.45,16249758
37.0,48.82,49.14,47.86,48.15,17017301
36.0,48.10,49.43,48.07,48.71,20018985
35.0,49.68,49.70,48.15,48.50,36210153
34.0,51.89,52.04,50.48,51.37,15503915
31.0,52.00,52.50,51.84,51.87,10818885
30.0,52.40,52.51,51.54,51.83,12333979
365.0,52.21,52.74,51.95,52.60,10527202
364.0,52.52,52.79,51.29,52.43,15080219
361.0,53.87,54.11,52.26,52.50,16954049
360.0,54.02,54.42,53.69,53.85,12275704
358.0,54.39,54.85,53.93,54.06,5577845
357.0,54.10,54.78,53.80,54.37,12662944
354.0,53.80,54.24,53.48,53.67,18822132
353.0,53.46,54.27,53.34,53.82,13856626
352.0,53.39,53.86,52.36,53.75,19895029
351.0,52.39,53.96,52.32,53.55,18516771
350.0,52.81,53.00,52.04,52.33,13921404
347.0,53.71,53.86,52.69,52.71,17876628
346.0,51.95,53.55,51.94,53.33,21318766
345.0,52.05,53.02,51.75,52.00,20100801
344.0,50.64,52.06,50.47,51.87,14102669
343.0,50.74,51.41,50.52,50.81,11724300
340.0,51.58,51.62,50.29,50.63,12082035
339.0,51.11,51.59,50.48,51.15,13793178
338.0,51.51,52.66,50.89,50.90,19399457
337.0,51.70,51.94,50.93,51.85,13403565
336.0,52.13,52.57,51.37,51.99,11676875
363.0,52.01,52.54,51.86,52.26,8388135
361.0,51.02,51.98,50.51,51.78,16832907
360.0,50.07,50.92,49.65,50.74,14689080
359.0,49.56,50.42,49.29,50.03,13986546
356.0,49.83,50.09,49.14,49.69,14211113
355.0,48.89,49.81,48.81,49.79,16015048
354.0,49.05,49.48,48.24,48.50,19488707
353.0,48.68,49.55,47.75,48.18,17057670
352.0,50.00,50.07,48.50,48.82,20262865
349.0,49.23,49.98,49.01,49.97,20190324
348.0,47.97,49.14,47.87,48.94,20121241
347.0,47.60,47.92,47.01,47.90,11995886
346.0,48.03,48.50,47.34,47.68,12248586
345.0,47.54,48.50,46.95,48.27,16824262
342.0,46.70,47.94,46.50,47.84,19467805
341.0,48.43,48.52,46.45,46.69,20042456
340.0,48.50,49.20,47.54,47.95,20793808
339.0,47.93,48.91,47.58,48.79,17320345
338.0,47.28,48.26,46.45,48.23,21940562
335.0,46.98,47.64,46.56,47.04,22035902
334.0,45.44,46.66,45.10,46.07,18489681
333.0,46.96,46.99,45.09,45.45,21676340
332.0,45.51,46.77,44.17,46.76,30966593
331.0,46.43,47.28,44.54,44.86,34260884
328.0,47.29,48.17,46.56,46.86,24083199
327.0,47.35,48.12,46.24,47.32,33559561
326.0,45.33,47.88,45.29,47.18,58429168
325.0,55.41,55.59,45.93,46.08,181099968
324.0,48.99,50.77,48.59,50.71,65089920
321.0,47.71,48.07,46.80,47.64,25454926
320.0,46.03,47.17,45.67,47.16,19329877
319.0,45.73,46.50,45.47,46.12,18876487
318.0,46.44,46.76,45.62,45.96,26909701
317.0,44.37,46.47,43.71,46.34,45659733
314.0,43.47,43.94,42.88,42.98,19200349
313.0,43.00,43.92,42.34,43.43,30694699
312.0,42.89,42.94,40.40,41.20,42018781
311.0,45.61,45.93,42.80,43.19,28678307
310.0,46.29,46.71,45.45,45.45,14656425
307.0,46.24,46.90,45.51,46.75,16818179
306.0,47.29,47.79,45.44,45.96,24663604
305.0,46.01,47.66,45.95,47.25,30625980
304.0,44.97,46.39,44.86,46.37,29759240
303.0,43.96,44.59,43.60,44.17,12539485
300.0,44.39,44.79,44.24,44.63,8310988
299.0,44.01,44.93,43.93,44.79,12481042
298.0,44.03,44.40,43.44,43.88,14652281
297.0,43.04,44.20,42.91,43.78,18822328
296.0,45.77,45.77,42.79,43.15,32055023
293.0,43.69,45.13,43.66,44.83,30835889
292.0,44.05,44.11,43.43,43.64,17449061
291.0,42.71,43.95,42.59,43.85,13747762
290.0,43.15,43.32,42.53,42.79,18219208
289.0,44.29,44.31,43.11,43.17,14105161
286.0,43.14,43.71,42.74,43.66,15050770
285.0,43.12,43.78,42.62,43.06,21961212
284.0,44.82,44.88,43.41,44.04,29913954
283.0,42.50,44.75,42.40,44.72,36681428
282.0,41.82,42.19,41.47,42.02,13848709
279.0,42.33,42.36,41.46,41.65,17710224
278.0,42.40,42.70,42.06,42.16,19093025
277.0,41.26,41.87,41.00,41.78,19743983
276.0,41.06,41.53,40.65,41.29,19979456
272.0,41.18,41.26,40.42,40.56,15158388
271.0,40.58,41.46,40.55,41.12,19112100
270.0,39.81,40.71,39.49,40.48,19377750
269.0,39.88,40.84,39.21,39.43,23138325
268.0,39.44,41.42,39.15,40.39,31017357
265.0,38.58,39.77,38.43,39.77,22346387
264.0,38.93,39.07,38.32,38.54,10028389
263.0,38.98,39.24,38.21,38.62,21301826
262.0,37.56,39.08,37.50,39.04,30140600
261.0,36.86,37.64,36.82,37.11,15507583
258.0,36.17,37.16,35.88,36.98,21357553
257.0,37.00,37.21,35.91,36.20,16637824
256.0,36.90,37.68,36.86,37.40,17402882
255.0,36.95,37.46,36.18,37.03,21964313
254.0,35.90,36.71,35.77,36.66,17811696
251.0,35.71,36.24,35.69,36.11,12327525
250.0,35.98,36.27,35.49,35.77,14818461
249.0,36.34,36.78,35.52,35.60,16339498
248.0,36.28,36.80,35.73,36.56,20422633
247.0,34.84,36.27,34.48,36.26,22984878
244.0,35.62,35.62,34.97,35.17,13926143
243.0,35.22,35.71,34.94,35.59,14206626
243.0,34.77,35.30,34.56,34.93,13125910
242.0,35.06,35.42,34.54,34.82,10890306
241.0,35.15,35.81,34.64,34.99,13218429
238.0,34.95,35.28,34.40,35.19,17831842
237.0,34.37,35.38,34.27,35.25,19642952
236.0,35.67,36.04,34.31,34.47,33421535
235.0,35.91,37.46,35.17,35.75,76884269
234.0,38.12,38.39,36.73,37.42,47313574
231.0,38.20,38.28,37.60,37.80,18129195
230.0,38.62,38.62,37.71,38.06,20502538
229.0,37.32,38.32,36.95,38.27,19535901
228.0,36.76,38.05,36.67,37.21,33376273
227.0,37.06,37.12,36.02,36.85,20614797
224.0,35.12,36.78,35.11,36.75,34269746
223.0,35.43,35.60,34.40,34.88,21154763
222.0,35.08,35.27,34.17,34.83,22578024
221.0,33.58,35.34,33.55,35.34,35549934
220.0,32.43,33.61,32.22,33.30,24300010
217.0,31.73,32.18,31.33,32.16,9958459
215.0,31.73,32.00,31.28,31.56,8641451
214.0,32.18,32.50,31.14,31.64,17730678
213.0,30.52,32.19,30.29,32.04,24518284
209.0,30.61,30.90,30.01,30.16,19581436
208.0,30.42,30.96,29.94,30.71,18332594
207.0,30.65,31.18,30.12,30.30,18839520
206.0,30.28,30.50,29.65,30.41,20920060
205.0,30.43,31.30,29.86,30.80,17906742
202.0,32.15,32.34,30.60,30.99,23392124
201.0,32.78,33.00,31.51,31.93,21129108
200.0,32.57,33.70,32.52,33.19,22362025
199.0,32.89,33.00,32.34,32.69,17485622
198.0,32.22,32.93,31.96,32.75,35865284
195.0,30.68,31.04,30.33,30.57,12473769
194.0,29.71,30.79,29.39,30.77,18519606
193.0,30.83,30.83,29.55,29.66,19113941
192.0,31.12,31.47,30.54,30.64,14034293
191.0,31.86,31.90,30.87,31.56,13817566
188.0,31.23,31.55,30.81,31.46,15310029
187.0,31.73,32.20,30.57,31.11,26078941
186.0,31.88,32.57,31.20,31.92,33098037
185.0,31.44,32.51,31.22,32.19,23014362
184.0,32.44,32.50,31.08,31.71,21275394
181.0,32.18,32.80,32.01,32.32,25439386
180.0,30.86,31.86,30.22,31.81,24100580
179.0,30.65,31.63,29.99,30.76,34120156
178.0,33.11,33.71,30.42,30.60,39524912
174.0,32.18,32.71,32.07,32.68,11811807
173.0,32.24,32.60,31.65,32.31,16210523
172.0,33.49,34.03,32.38,32.65,21791427
171.0,34.29,34.41,33.57,33.87,11521573
170.0,34.06,34.52,33.82,34.22,14771645
167.0,34.08,34.68,33.71,34.14,20146525
166.0,35.28,35.55,33.60,33.86,28061894
165.0,34.21,35.06,33.98,34.77,36058498
164.0,33.14,33.80,32.97,33.42,38553956
163.0,31.02,32.81,31.02,32.77,41392743
160.0,30.92,31.39,30.65,31.10,18862879
159.0,29.72,31.27,29.50,30.92,36119461
158.0,29.28,30.06,29.22,29.80,17623928
157.0,29.83,30.07,29.37,29.46,17097185
156.0,29.95,30.35,29.15,30.10,31738812
153.0,30.83,31.18,30.39,30.49,15433593
152.0,30.46,30.78,30.03,30.64,18334449
151.0,30.85,31.06,30.24,30.42,18372095
150.0,30.66,31.39,30.61,30.87,25084255
149.0,30.94,31.10,30.29,30.72,20789748
146.0,31.00,31.02,30.36,30.79,21803362
145.0,31.00,31.26,30.47,30.54,29281168
144.0,31.09,32.04,30.46,30.96,46927909
143.0,-,31.34,29.93,31.00,114860459
142.0,23.67,25.21,23.67,24.91,84870016
139.0,23.64,24.17,23.29,23.34,20166342
138.0,24.43,24.56,23.11,23.40,23130744
137.0,24.91,25.34,24.04,24.19,27555073
136.0,25.00,25.39,24.61,25.12,29733242
135.0,25.08,26.05,24.97,25.21,46551820
132.0,25.28,25.38,24.46,24.74,37817283
131.0,24.12,24.77,24.12,24.72,33055813
130.0,24.00,24.21,23.56,23.72,29731093
129.0,23.36,24.48,23.15,24.19,34083000
128.0,23.69,23.76,22.71,23.29,31758713
125.0,23.36,24.36,23.22,23.52,32517051
124.0,23.91,24.30,23.40,23.81,34464934
123.0,25.29,25.48,23.47,24.25,75401921
122.0,26.27,26.45,25.16,25.24,32292008
121.0,27.28,27.36,25.92,26.06,22966895
117.0,27.25,27.56,26.94,27.04,19595457
116.0,27.09,28.15,26.90,27.18,40485676
115.0,26.29,27.52,26.23,27.23,46825380
114.0,26.06,26.41,25.68,25.83,15032682
111.0,26.16,26.27,25.64,25.90,14207872
110.0,26.06,26.77,26.00,26.00,18807229
109.0,26.09,26.26,25.78,26.15,11139660
108.0,26.57,26.68,25.61,25.91,19881974
107.0,25.91,26.68,25.79,26.51,18083310
104.0,27.04,27.14,26.36,26.41,20673590
103.0,27.53,27.53,26.72,26.91,28483287
102.0,26.77,27.88,26.68,27.48,53898040
101.0,25.62,26.31,25.61,26.02,21160972
100.0,26.29,26.36,25.57,25.78,21023037
97.0,26.06,26.55,25.82,26.39,23523045
96.0,25.71,26.07,25.17,25.94,28715267
95.0,26.02,26.42,25.65,26.13,17460107
94.0,26.38,26.47,25.44,25.96,32352691
93.0,26.95,27.15,25.24,25.89,47845098
90.0,26.73,27.19,26.60,27.05,21452620
87.0,26.26,27.45,26.22,26.87,34302506
86.0,26.23,26.57,25.79,26.33,22646078
85.0,25.80,26.46,25.09,26.30,33895526
84.0,25.86,26.73,25.06,25.62,52199994
81.0,26.25,26.26,25.49,25.69,38970603
80.0,26.57,27.46,26.07,26.74,36893647
79.0,28.23,28.23,26.64,26.73,35027622
78.0,27.29,28.17,27.16,28.06,34152937
74.0,26.94,27.14,26.61,27.07,26664057
73.0,26.76,27.12,26.38,26.77,31995831
72.0,25.84,26.63,25.67,26.61,40928818
71.0,25.81,26.22,25.10,25.42,34403460
70.0,25.57,26.01,24.97,25.41,29364405
67.0,25.96,26.28,25.72,25.85,25674915
66.0,26.54,26.98,25.51,25.99,53106494
65.0,25.00,26.48,24.94,26.34,67236015
64.0,24.63,25.41,24.43,24.91,57090782
63.0,23.25,25.02,23.25,24.96,50968813
60.0,24.29,24.71,23.41,23.54,50410031
59.0,23.87,24.14,22.90,23.61,35632387
58.0,24.78,25.07,23.24,23.96,48089636
57.0,22.59,24.27,22.38,24.16,59608248
56.0,24.64,25.32,22.97,23.16,109159715
53.0,20.81,24.67,20.80,24.22,191445716
52.0,20.57,21.31,19.95,20.98,118805414
51.0,13.88,14.83,13.86,14.75,74238528
50.0,14.24,14.24,13.80,13.97,22781409
46.0,14.34,14.56,14.10,14.17,36011087
45.0,14.01,14.09,13.68,13.96,16225853
44.0,14.55,14.61,13.82,13.93,28049553
43.0,14.72,14.91,14.44,14.53,17075205
42.0,14.43,14.93,14.37,14.78,23477741
39.0,14.03,14.56,14.00,14.47,29854412
38.0,13.80,14.27,13.67,14.00,26123727
37.0,13.87,13.99,13.51,13.70,20225779
36.0,14.29,14.43,13.83,13.88,24725092
35.0,13.77,14.54,13.73,14.17,45569153
32.0,13.79,13.96,13.65,13.71,17769297
31.0,13.14,13.99,13.08,13.80,27932765
30.0,13.60,13.69,12.96,13.14,19492662
365.0,12.77,13.36,12.72,13.23,18078263
362.0,12.83,12.94,12.70,12.76,11130196
361.0,12.94,13.06,12.65,12.93,14899318
360.0,12.83,13.27,12.77,12.95,15171576
358.0,13.08,13.12,12.76,12.89,7222600
355.0,13.15,13.27,13.02,13.05,28438942
354.0,13.48,13.50,13.24,13.36,16642920
353.0,13.80,13.97,13.35,13.43,30684871
352.0,13.57,13.94,13.46,13.66,29351588
351.0,13.28,13.57,13.16,13.53,21665882
348.0,13.24,13.53,13.14,13.33,27707771
347.0,12.98,13.33,12.84,13.22,28870247
346.0,12.32,13.31,12.28,12.96,54945926
345.0,12.19,12.46,12.06,12.30,16039058
344.0,12.30,12.40,12.10,12.10,14326956
341.0,12.61,12.83,12.18,12.28,34785926
340.0,11.74,12.65,11.67,12.31,38143966
339.0,12.37,12.51,11.85,11.91,59371235
338.0,10.79,12.57,10.64,12.38,101802379
337.0,11.69,11.71,10.79,10.86,29234534
364.0,11.50,11.67,11.33,11.67,15002883
363.0,11.77,11.83,11.54,11.63,11475268
362.0,11.82,11.94,11.69,11.75,14514899
361.0,11.72,11.93,11.65,11.87,15543066
360.0,11.80,11.84,11.44,11.72,13499920
357.0,11.92,11.96,11.74,11.85,8396437
355.0,11.79,12.08,11.79,11.86,10900197
354.0,11.64,11.96,11.59,11.77,15340430
353.0,11.72,11.86,11.45,11.62,23278234
350.0,11.61,11.87,11.47,11.56,32171699
349.0,11.44,11.70,11.36,11.64,17403414
348.0,11.43,11.62,11.25,11.40,26913803
347.0,11.12,11.56,11.05,11.37,27173580
346.0,11.29,11.47,11.14,11.17,18369169
343.0,10.90,11.27,10.87,11.13,23317028
342.0,11.16,11.48,10.83,10.85,33427093
341.0,10.92,11.32,10.92,11.10,31117968
340.0,11.01,11.42,10.82,10.91,39121166
339.0,10.65,11.28,10.64,11.18,29044477
336.0,11.04,11.41,10.85,10.99,29650110
335.0,11.12,11.38,10.66,11.10,62688507
334.0,9.49,12.14,9.36,11.32,107308404
329.0,8.79,10.03,8.64,9.94,103433393
328.0,8.58,8.81,8.56,8.79,33081118
327.0,8.26,8.71,8.20,8.59,100076802
326.0,9.61,9.88,9.44,9.75,63498029
325.0,9.19,9.96,9.18,9.70,45693844
322.0,9.60,9.64,9.18,9.28,22892464
321.0,9.78,9.98,9.56,9.62,26803623
320.0,9.43,9.83,9.38,9.79,26486334
319.0,9.27,9.46,9.11,9.44,29317792
318.0,9.31,9.31,9.06,9.25,20782874
315.0,9.40,9.51,9.11,9.19,20731165
314.0,9.56,9.59,9.32,9.43,22029357
313.0,9.40,9.70,9.30,9.36,38783857
312.0,9.84,9.93,9.34,9.36,82180035
311.0,10.20,10.60,10.02,10.50,92337945
308.0,9.58,9.74,9.30,9.51,59179344
307.0,8.95,9.61,8.94,9.52,91616175
306.0,8.34,8.95,8.32,8.94,76064149
305.0,8.06,8.18,7.90,8.07,21602553
304.0,7.80,8.09,7.76,8.01,30765728
301.0,7.86,7.97,7.75,7.78,15941156
300.0,7.98,8.01,7.74,7.94,21362698
299.0,7.71,7.99,7.58,7.88,36636593
298.0,8.11,8.14,7.67,7.69,41867987
297.0,8.13,8.26,8.04,8.06,23667000
294.0,8.49,8.53,8.20,8.26,30075941
293.0,8.06,8.40,8.06,8.39,37234176
292.0,8.11,8.27,7.96,8.15,35349916
291.0,8.18,8.33,7.97,8.01,30312674
290.0,8.43,8.43,8.11,8.15,36306039
287.0,8.36,8.77,8.33,8.65,33074384
286.0,8.12,8.31,8.01,8.29,24505397
285.0,8.21,8.36,8.08,8.17,22108023
284.0,7.99,8.20,7.87,8.17,33050318
283.0,8.05,8.15,7.94,7.99,24898706
280.0,8.10,8.26,7.98,8.09,29623321
279.0,7.94,8.11,7.74,8.09,37301432
278.0,7.94,7.95,7.76,7.85,38594948
277.0,8.29,8.29,7.59,7.99,87421803
273.0,8.76,8.79,8.44,8.53,29574139
272.0,9.02,9.05,8.60,8.64,18684526
271.0,9.01,9.12,8.94,9.06,15662640
270.0,8.89,9.08,8.88,8.99,15858850
269.0,9.05,9.14,8.89,8.91,18047407
266.0,9.01,9.11,8.84,9.02,26165559
265.0,9.43,9.49,9.08,9.15,32590236
264.0,9.30,9.49,9.26,9.34,18036900
263.0,9.31,9.52,9.24,9.37,23370613
262.0,9.09,9.34,8.88,9.18,26668194
259.0,9.27,9.36,9.07,9.10,22418914
258.0,9.07,9.23,8.97,9.19,17640413
257.0,8.86,9.10,8.83,9.04,30847810
256.0,8.66,9.01,8.57,8.82,48125371
255.0,8.75,8.75,8.36,8.56,33334350
252.0,8.24,8.65,8.13,8.56,35055818
251.0,8.23,8.35,8.18,8.27,16497873
250.0,8.22,8.41,8.17,8.26,18230345
249.0,8.14,8.50,8.08,8.27,30784117
248.0,7.79,8.17,7.73,8.11,28530803
245.0,7.84,7.93,7.54,7.70,37302104
244.0,7.75,7.96,7.61,7.70,23947140
243.0,8.20,8.25,7.73,7.79,33846267
243.0,8.21,8.33,8.09,8.12,17324272
242.0,8.42,8.57,8.05,8.25,29941877
239.0,8.19,8.47,8.14,8.42,38032855
238.0,8.47,8.49,8.02,8.14,79781667
237.0,9.17,9.54,8.46,8.61,173469989
236.0,11.58,11.78,11.12,11.48,64699957
235.0,11.53,11.60,11.21,11.42,30994586
232.0,11.81,11.93,11.64,11.69,24373433
231.0,11.71,12.12,11.65,11.87,29132775
230.0,11.61,11.84,11.53,11.61,21581028
229.0,11.89,11.93,11.52,11.68,27821885
228.0,12.16,12.22,11.80,11.85,20950384
225.0,12.25,12.38,11.99,12.13,39052650
224.0,11.65,12.21,11.50,12.14,41493788
223.0,11.44,12.12,11.41,11.66,43049559
222.0,11.96,11.97,11.36,11.46,35250334
221.0,11.85,12.03,11.45,11.86,43278900
218.0,11.96,12.20,11.46,11.70,85301685
217.0,10.62,11.84,10.61,11.67,104497764
215.0,9.78,10.40,9.67,10.29,25261159
214.0,9.82,9.84,9.61,9.69,13003228
210.0,9.76,9.82,9.55,9.78,19992126
209.0,9.44,9.72,9.40,9.62,15151934
208.0,9.58,9.61,9.37,9.50,15393392
207.0,9.60,9.67,9.48,9.54,15630062
206.0,9.69,9.93,9.49,9.58,30751035
203.0,9.46,9.75,9.39,9.69,18074119
202.0,9.75,9.78,9.39,9.41,17695419
201.0,9.93,9.94,9.66,9.74,26650442
200.0,9.56,10.07,9.51,9.98,27708604
199.0,9.29,9.56,9.26,9.53,23015118
196.0,9.04,9.42,8.96,9.40,33069505
195.0,8.97,9.02,8.72,8.95,26168576
194.0,8.94,9.21,8.88,8.98,17937619
193.0,9.04,9.19,8.91,9.00,20799786
192.0,9.48,9.51,9.00,9.00,22956080
189.0,9.20,9.45,9.10,9.38,22016946
188.0,9.51,9.56,9.20,9.23,21050134
187.0,9.38,9.77,9.31,9.41,30689512
186.0,9.29,9.48,9.18,9.26,24070158
185.0,9.04,9.32,8.91,9.29,35297038
182.0,8.71,9.10,8.67,8.99,35596708
181.0,9.53,9.68,8.91,9.06,53846982
180.0,9.78,9.86,9.57,9.62,32924437
179.0,10.15,10.16,9.74,9.92,32014052
175.0,10.09,10.50,9.98,10.03,33387620
174.0,10.22,10.24,9.93,10.04,20745613
173.0,9.64,10.31,9.60,10.27,44137737
172.0,10.26,10.34,9.61,9.67,40053286
171.0,9.98,10.31,9.65,10.25,25149999
168.0,10.33,10.39,9.34,9.99,29424199
167.0,10.61,10.63,10.27,10.28,23787659
166.0,11.08,11.21,10.52,10.60,36717401
165.0,11.11,11.33,11.01,11.07,31329172
164.0,11.02,11.24,10.80,10.99,37892253
161.0,10.41,11.20,10.36,11.05,62260464
160.0,10.69,10.71,10.30,10.35,26424139
159.0,10.30,10.70,10.19,10.62,26137895
158.0,10.44,10.47,10.08,10.40,27244504
157.0,10.36,10.80,10.33,10.49,28726299
154.0,10.83,10.91,10.30,10.45,63677558
153.0,11.69,11.74,10.79,10.85,53021808
152.0,11.53,11.85,11.45,11.75,27386331
151.0,11.47,11.81,11.29,11.62,33002557
150.0,11.80,11.84,11.39,11.45,52691786
147.0,12.24,12.27,11.86,11.96,36061823
146.0,12.23,12.55,11.97,12.15,55986469
145.0,12.66,12.66,11.65,12.34,83460181
144.0,12.36,12.86,12.33,12.53,117448485
143.0,14.98,15.00,14.54,14.55,84273966
140.0,15.36,15.45,15.10,15.16,18293254
139.0,15.01,15.67,14.90,15.30,25097870
138.0,15.21,15.53,15.18,15.28,23514169
137.0,14.53,15.38,14.53,15.29,31131821
136.0,14.94,15.00,14.34,14.45,26744571
133.0,14.99,15.21,14.62,14.88,27703564
132.0,14.47,14.99,14.19,14.89,33903611
131.0,14.75,14.82,14.07,14.26,52332322
130.0,15.33,15.40,14.54,14.56,35114359
129.0,15.54,15.67,15.23,15.24,22659560
125.0,15.71,15.94,15.62,15.79,22734089
124.0,15.95,16.08,15.70,15.75,20777071
123.0,15.83,16.32,15.68,16.14,46012883
122.0,16.40,16.40,16.01,16.28,26652647
119.0,16.50,16.76,16.31,16.43,29272180
118.0,16.85,16.94,16.14,16.44,32638529
117.0,17.18,17.29,16.91,16.97,22899436
116.0,17.45,17.64,17.22,17.24,24416714
115.0,17.37,17.46,17.02,17.43,32443887
112.0,17.06,17.31,16.76,17.17,37751518
111.0,17.15,17.64,16.84,16.96,42773451
110.0,16.57,17.27,16.52,17.16,47346880
109.0,16.27,16.68,16.16,16.43,31515736
108.0,15.64,16.43,15.54,16.33,37108316
105.0,15.75,15.96,15.37,15.71,37201465
104.0,15.05,15.81,15.00,15.74,40889142
103.0,15.12,15.14,14.70,15.04,36224706
102.0,15.41,15.61,15.02,15.19,30746723
101.0,15.39,15.82,15.08,15.17,34606369
98.0,15.29,15.75,15.09,15.59,37166997
97.0,15.14,15.49,14.86,15.44,45752525
96.0,15.92,15.92,14.65,15.03,76838167
95.0,15.64,15.65,15.14,15.30,32221112
94.0,16.39,16.65,15.82,15.83,27614125
91.0,16.07,16.83,15.94,16.44,40670371
90.0,15.59,16.24,15.50,16.11,36906520
88.0,16.15,16.27,15.68,15.82,37591239
87.0,15.49,16.41,15.44,16.19,42226814
86.0,15.44,15.77,15.23,15.63,45104976
83.0,16.13,16.28,15.90,15.95,27095131
82.0,15.94,16.31,15.88,16.14,39799585
81.0,16.42,16.43,15.51,16.06,93245537
80.0,17.69,18.02,16.67,16.77,80490235
76.0,17.45,17.55,17.15,17.41,25945045
75.0,17.46,17.73,17.14,17.42,40594246
74.0,17.66,17.90,17.30,17.44,37149952
73.0,17.00,17.75,16.94,17.58,52488163
72.0,17.85,17.85,16.88,16.90,52598035
69.0,17.72,18.04,17.55,17.70,33918010
68.0,17.77,18.14,17.45,17.83,40541018
67.0,17.98,18.20,17.63,17.71,51038379
66.0,18.39,19.06,18.12,18.27,81435095
65.0,17.60,18.66,17.41,18.46,81648924
62.0,17.86,18.21,17.62,18.06,46830959
61.0,17.64,17.96,17.46,17.71,41155296
60.0,17.34,17.68,16.89,17.57,52355968
59.0,17.86,17.93,16.82,17.17,84312550
58.0,17.82,18.50,17.60,17.92,105888496
55.0,16.54,17.71,16.33,17.68,102228224
54.0,16.27,17.05,16.01,16.57,158944065
53.0,13.24,13.64,13.09,13.58,77952721
52.0,13.16,13.53,13.07,13.24,41937000
51.0,14.10,14.23,13.37,13.42,61086809
48.0,14.66,14.97,14.24,14.32,53874919
47.0,14.24,14.94,14.24,14.78,78835988
46.0,13.31,14.13,13.18,14.08,66132619
45.0,13.71,13.98,13.48,13.53,58864841
41.0,13.07,13.79,12.89,13.48,88838897
40.0,13.21,13.34,12.74,13.16,61292861
39.0,13.57,13.66,13.06,13.16,87206903
38.0,14.26,14.26,13.21,13.69,146334895
37.0,12.80,14.24,12.45,14.03,214072817
34.0,11.30,12.35,11.24,12.35,72538186
33.0,11.35,11.69,11.04,11.33,86608599
32.0,10.34,11.57,10.26,11.49,100553096
31.0,10.04,10.39,10.02,10.32,29219484
364.0,9.87,10.08,9.83,9.90,21818867
363.0,9.85,9.98,9.66,9.90,26163312
362.0,10.07,10.14,9.80,9.89,23603055
361.0,10.33,10.36,10.03,10.08,21940233
357.0,10.59,10.65,10.33,10.37,22568189
356.0,10.16,10.63,10.16,10.55,25878181
355.0,10.18,10.34,10.03,10.14,25393284
354.0,9.81,10.23,9.75,10.20,30910999
353.0,9.97,9.97,9.56,9.59,24233223
350.0,10.03,10.12,9.88,9.97,32565673
349.0,10.23,10.28,9.91,9.96,26269474
348.0,9.94,10.24,9.85,10.15,37203068
347.0,10.78,11.08,10.23,10.30,72661736
346.0,9.96,10.98,9.93,10.75,93400153
343.0,9.93,10.24,9.93,10.13,32921280
342.0,10.22,10.42,9.87,9.92,46231640
341.0,9.76,10.40,9.64,10.28,59082856
340.0,10.01,10.11,9.54,9.73,59495870
339.0,9.56,10.27,9.33,10.02,67905355
336.0,9.46,9.70,9.30,9.48,39740197
335.0,9.20,9.78,9.14,9.60,52460828
364.0,9.86,9.90,8.91,9.22,108367903
363.0,9.90,9.91,9.38,9.65,50113427
362.0,9.60,10.11,9.54,9.99,56525021
359.0,9.74,9.95,8.99,9.12,38044937
357.0,9.95,10.11,9.77,9.79,44662247
356.0,9.89,10.60,9.86,10.06,106754186
355.0,11.00,11.43,10.47,10.64,44407909
352.0,10.96,11.29,10.86,11.15,34732250
351.0,11.54,11.57,10.83,10.92,52846829
350.0,12.35,12.35,11.56,11.60,34581939
349.0,12.16,12.44,12.07,12.33,21378413
348.0,12.57,12.59,12.21,12.25,21820883
345.0,12.27,12.56,11.96,12.54,38154501
344.0,12.76,12.90,12.12,12.16,39680578
343.0,12.71,12.92,12.57,12.58,28792078
342.0,13.03,13.23,12.81,12.92,31916738
341.0,13.00,13.41,12.85,12.98,47526542
338.0,13.07,13.27,12.54,12.86,84502152
337.0,12.02,13.23,11.69,13.18,94724189
336.0,11.53,12.06,11.44,11.91,41432636
335.0,11.44,11.57,11.25,11.44,33029640
334.0,11.95,12.01,11.64,11.73,39663218
331.0,11.47,12.09,11.37,12.02,57794485
330.0,11.74,11.82,11.32,11.55,71216656
329.0,11.25,11.63,10.77,11.34,148733305
328.0,10.70,11.34,10.61,11.05,315541191
327.0,17.01,17.18,16.44,16.98,120459577
324.0,16.24,16.73,15.85,16.72,43986054
323.0,15.72,16.00,15.58,15.93,25591048
322.0,15.81,16.30,15.08,15.63,60466987
321.0,16.75,16.78,15.80,15.96,42028728
320.0,16.56,17.04,16.46,16.76,39354217
317.0,17.35,17.43,16.34,16.58,49341824
316.0,16.09,17.00,15.89,16.72,69115102
315.0,15.63,16.61,15.30,16.23,72214856
314.0,15.62,15.85,14.73,15.52,141112349
313.0,18.22,18.36,15.33,15.95,151806487
310.0,17.57,17.74,16.71,16.74,40419645
309.0,17.10,17.75,16.93,17.61,40517421
308.0,16.51,17.12,16.00,17.11,52452358
307.0,16.38,16.71,15.71,16.41,50547077
306.0,16.45,17.13,16.09,16.18,59155950
303.0,15.60,16.54,15.38,16.18,76898192
302.0,18.30,18.35,15.39,16.17,135943164
301.0,18.36,18.90,18.08,18.16,56031213
300.0,19.20,19.28,18.06,18.21,77808444
299.0,19.46,19.70,18.08,18.89,81014101
296.0,18.29,19.17,18.22,18.48,74523666
295.0,18.88,18.99,17.89,18.36,115100342
294.0,18.63,19.18,17.86,18.36,158463858
293.0,20.20,20.43,18.48,18.58,224341915
292.0,22.38,23.28,20.37,20.54,139804749
289.0,23.97,24.00,22.02,22.17,124970629
288.0,25.35,26.49,24.02,24.18,148811313
287.0,29.87,30.18,29.35,29.82,18291175
286.0,29.99,30.00,29.15,29.82,22007433
285.0,28.76,30.09,28.37,30.01,31915646
282.0,30.03,30.30,29.03,29.14,31882207
281.0,30.58,31.25,29.97,30.17,27607475
280.0,31.64,31.71,30.37,30.86,29748243
279.0,29.87,31.28,29.82,31.25,28163758
275.0,29.82,30.70,29.66,30.44,55642937
274.0,33.50,34.07,33.22,33.32,21085393
273.0,34.13,34.55,32.98,33.57,27598830
272.0,32.07,34.12,31.93,33.75,31521308
271.0,32.42,32.43,31.75,32.15,19526269
268.0,30.63,31.79,30.36,31.70,25618334
267.0,31.11,31.96,30.63,30.83,26060377
266.0,31.29,31.43,29.93,30.86,30874270
265.0,29.57,31.39,29.16,31.36,29540028
264.0,30.34,30.34,29.05,29.32,33571965
261.0,30.62,31.57,29.29,29.32,32877292
260.0,31.91,32.29,30.71,31.07,34996276
259.0,34.37,34.44,32.65,33.18,25798192
258.0,34.90,35.05,33.70,34.15,18447100
257.0,35.10,35.25,33.74,35.18,23192211
254.0,35.29,35.41,34.58,34.86,18054575
253.0,33.59,35.10,33.37,34.73,21583618
252.0,33.36,34.28,33.02,33.20,22082361
251.0,32.45,34.30,32.02,33.97,36946861
250.0,32.85,33.67,31.64,32.38,37298940
247.0,35.51,35.84,33.78,34.44,37884567
246.0,36.72,37.18,34.97,35.11,33234201
245.0,36.59,37.36,35.88,37.14,24941805
244.0,37.39,37.36,35.88,36.61,36188887
243.0,38.36,38.50,36.97,37.63,25896339
241.0,37.30,38.10,37.21,38.00,23360554
240.0,37.76,38.67,37.59,38.09,28328244
239.0,38.51,39.14,38.17,38.49,38245592
238.0,36.51,38.33,35.92,38.13,97068272
237.0,40.08,40.79,39.63,40.22,52707914
234.0,39.00,39.81,38.65,39.51,23770390
233.0,40.21,40.68,39.30,39.40,22684032
232.0,40.43,40.70,39.72,40.20,19923827
231.0,40.57,41.33,40.56,41.04,19161184
230.0,40.35,40.35,39.18,39.86,28862736
227.0,41.14,41.39,40.23,40.99,28473060
226.0,42.79,42.86,40.75,40.95,40918689
225.0,42.96,43.54,42.37,42.68,49244783
224.0,41.70,42.33,40.97,41.61,36361773
223.0,42.12,43.07,40.99,41.53,36932777
220.0,41.18,42.26,41.02,42.16,20758836
219.0,41.92,42.48,41.66,41.77,26787376
218.0,40.95,41.68,40.64,41.57,32642848
217.0,39.43,41.60,39.39,41.38,62940164
213.0,37.44,38.32,37.44,38.28,27943888
211.0,37.81,37.86,37.26,37.53,17969560
210.0,38.14,38.39,37.57,37.85,18241293
209.0,37.42,38.08,37.22,37.87,16502864
208.0,36.41,37.49,35.95,37.16,23161964
205.0,36.71,37.21,36.30,36.71,34069994
204.0,35.02,37.26,34.96,36.53,36752492
203.0,35.97,36.18,35.38,35.52,21895580
202.0,35.10,36.40,34.69,36.24,21631554
201.0,34.55,35.40,34.30,35.09,19657967
198.0,35.86,35.98,34.96,35.10,28557137
197.0,36.64,37.23,34.89,35.61,39382504
196.0,37.07,37.54,36.61,36.73,22259195
195.0,37.11,37.37,36.56,37.30,21339493
194.0,37.11,37.57,36.39,36.75,23251361
191.0,37.37,37.80,36.83,36.95,30520609
190.0,37.46,37.78,36.89,37.51,21592382
189.0,37.61,37.92,36.93,37.47,27865474
188.0,37.54,38.21,37.25,37.67,36416212
187.0,39.41,39.67,37.23,37.51,45927966
184.0,38.57,39.46,38.50,39.10,34971223
183.0,38.01,39.00,37.73,38.81,30079504
182.0,38.50,39.09,37.93,38.18,41711075
181.0,38.18,38.69,37.77,38.69,33698392
177.0,37.79,37.87,37.36,37.79,19648552
176.0,37.04,37.98,36.94,37.68,41717592
175.0,35.42,37.13,35.31,37.07,55647480
174.0,35.70,36.10,35.23,35.37,31812991
173.0,34.72,35.70,34.29,35.40,34840715
170.0,34.51,35.27,34.45,35.13,30808127
169.0,34.79,35.06,34.44,34.68,23747927
168.0,33.91,34.81,33.89,34.65,30951809
167.0,33.57,34.01,33.02,33.85,29666385
166.0,35.14,35.15,33.47,33.87,33967780
163.0,34.88,35.66,34.76,35.22,35331618
162.0,34.46,35.25,34.20,35.11,36643642
161.0,34.15,34.64,34.00,34.38,33368237
160.0,33.88,34.21,33.57,33.95,26876227
159.0,33.12,33.83,33.05,33.77,28883148
156.0,33.25,33.31,32.71,32.78,22140342
155.0,32.34,33.40,32.32,32.90,27497855
154.0,33.11,33.14,32.19,32.74,33529384
153.0,33.67,33.71,32.57,33.03,32483094
152.0,34.03,34.27,33.49,33.88,35563528
149.0,33.26,33.64,33.10,33.24,21411810
148.0,33.29,34.21,33.23,33.48,30859857
147.0,32.67,33.80,32.16,33.71,56493213
146.0,33.87,34.60,32.47,32.70,110739013
145.0,36.39,36.43,35.43,35.95,71051211
141.0,34.88,36.05,34.80,36.03,36958040
140.0,34.77,35.07,34.20,34.92,29559124
139.0,33.40,34.61,33.12,34.51,36101247
138.0,33.14,33.45,32.57,33.33,21781641
135.0,33.80,33.85,33.32,33.64,21943803
134.0,34.00,34.35,33.39,33.82,35977795
133.0,33.78,34.12,33.18,34.11,30452646
132.0,32.12,33.42,32.06,33.42,40502287
131.0,33.25,33.67,32.35,32.59,31343256
128.0,33.71,34.24,33.24,33.55,38625671
127.0,33.63,33.78,33.00,33.42,41878984
126.0,35.43,35.55,34.05,34.28,40306462
125.0,34.94,35.52,34.61,34.89,26595058
124.0,34.98,35.32,34.68,34.96,24065188
121.0,34.43,34.92,34.34,34.58,37817605
120.0,33.90,34.24,33.58,33.97,24839157
119.0,34.10,34.60,33.87,33.99,27042645
118.0,34.00,34.13,33.57,33.91,26885600
117.0,33.36,34.47,33.33,33.90,51343369
114.0,32.42,33.14,32.37,32.86,30238474
113.0,33.14,33.30,32.33,32.73,44017218
112.0,31.72,32.86,31.23,32.72,57913275
111.0,31.54,31.81,31.14,31.63,47282564
110.0,30.26,30.95,29.65,30.41,32568529
107.0,30.51,30.63,29.62,29.91,38372642
106.0,30.99,31.38,30.41,30.56,28751660
105.0,31.58,31.91,30.32,30.55,59553151
104.0,28.93,31.31,28.86,31.02,76734994
103.0,29.03,29.57,28.40,28.74,30170910
100.0,28.89,29.32,28.59,29.22,36008140
99.0,27.30,29.11,26.98,28.57,69931141
98.0,27.90,28.49,27.30,27.57,50266517
97.0,28.60,28.89,27.77,27.92,67999631
96.0,30.68,30.70,29.18,29.63,37138521
93.0,29.11,30.18,29.11,30.10,44178302
92.0,29.50,29.58,28.62,29.05,35295421
91.0,29.29,29.64,28.82,29.18,33036500
90.0,29.46,29.64,28.68,29.23,39871552
87.0,30.55,30.62,29.00,29.52,40545330
84.0,30.66,31.07,30.15,30.35,29502599
83.0,30.36,30.91,30.04,30.74,31639230
82.0,30.79,31.13,29.34,30.17,68992910
81.0,32.20,32.77,31.53,31.66,55435842
77.0,33.97,34.05,33.06,33.64,32140185
76.0,33.70,34.54,33.44,33.66,39497850
75.0,34.67,34.98,33.76,33.96,45603159
74.0,34.78,34.95,34.00,34.40,48073774
73.0,33.67,35.36,33.51,35.36,78523515
70.0,32.03,33.09,31.99,33.01,46342198
69.0,31.57,32.14,31.47,31.89,21802774
68.0,31.04,32.00,31.04,31.76,28993846
67.0,31.18,31.20,30.88,31.09,17382932
66.0,31.83,31.83,31.12,31.15,25438455
63.0,30.42,31.57,30.29,31.44,44269988
62.0,30.15,30.47,29.96,30.21,21255262
61.0,29.82,30.52,29.75,30.18,33359221
60.0,30.66,30.97,30.29,30.41,28722764
59.0,30.44,30.93,30.04,30.58,41063421
56.0,30.24,31.14,29.81,31.14,62833778
55.0,29.59,30.26,29.23,30.12,129041535
54.0,26.77,26.80,25.98,26.15,59841313
53.0,26.14,26.69,25.94,26.68,21510090
52.0,25.71,26.35,25.15,26.28,26977391
49.0,26.41,26.51,25.96,26.01,24919993
48.0,26.69,26.89,25.90,26.43,38249575
47.0,27.54,27.69,27.00,27.27,21779142
46.0,27.35,27.83,27.08,27.67,18590278
42.0,27.26,27.61,26.97,27.35,19593784
41.0,26.92,27.48,26.71,27.36,29963752
40.0,26.86,27.00,26.39,26.99,21112553
39.0,27.06,27.33,26.54,26.66,32548243
38.0,25.67,26.85,25.60,26.84,43721769
35.0,25.52,25.79,25.20,25.61,22156596
34.0,25.17,25.67,25.09,25.43,32014752
33.0,25.88,26.11,25.53,25.68,31852758
32.0,25.91,26.41,25.47,25.91,44080946
31.0,25.00,25.84,24.79,25.49,39959612
365.0,25.58,25.68,25.08,25.10,21584416
364.0,25.71,25.76,25.53,25.69,14760620
363.0,26.29,26.36,25.74,25.75,19413947
362.0,25.59,26.34,25.50,26.24,27251266
361.0,25.74,25.83,25.39,25.72,26210254
357.0,26.48,26.48,25.94,26.37,21024192
356.0,26.73,27.11,26.37,26.48,29206086
355.0,25.81,26.64,25.64,26.61,40630814
354.0,25.83,25.86,25.22,25.44,32995893
351.0,26.15,26.36,25.66,25.72,103407227
350.0,25.51,26.10,25.47,25.95,34105764
349.0,25.47,25.92,25.08,25.50,44510949
348.0,25.88,26.10,25.30,25.49,63535563
347.0,27.51,27.52,26.07,26.26,50046654
344.0,28.20,28.28,27.50,27.80,47543132
343.0,27.14,27.45,26.51,27.29,47335295
342.0,26.44,26.93,25.91,26.89,73391556
341.0,28.18,28.49,27.07,27.12,49304934
340.0,26.70,27.67,26.61,27.64,47838777
337.0,27.82,27.89,26.37,26.49,62869289
336.0,27.75,28.06,27.33,27.63,59856090
335.0,29.69,29.89,28.27,28.59,74986632
364.0,28.29,29.54,27.94,29.41,83219255
363.0,27.72,28.57,27.50,28.42,49387219
360.0,26.91,27.50,26.83,27.41,21293349
358.0,27.27,27.40,26.69,26.97,28205485
357.0,26.60,27.44,26.58,26.82,47735184
356.0,25.87,26.96,25.86,26.90,71804285
353.0,24.05,24.75,23.97,24.72,22609146
352.0,24.23,24.40,24.00,24.05,17797304
351.0,23.53,24.07,23.43,23.81,18836412
350.0,23.82,24.18,23.37,23.63,27373542
349.0,24.56,24.79,23.96,24.04,32002327
346.0,24.94,25.27,24.30,24.71,29193367
345.0,24.99,25.53,24.79,25.02,29440936
344.0,24.29,25.32,24.09,25.27,38577784
343.0,24.25,24.99,24.20,24.35,40327826
342.0,23.83,24.36,23.61,24.16,28815878
339.0,24.41,24.42,23.84,24.01,22007027
338.0,24.76,24.78,23.80,23.97,41218492
337.0,24.66,24.86,24.15,24.49,27396215
336.0,23.81,24.77,23.79,24.52,38243695
335.0,24.85,24.86,23.67,23.91,34552742
332.0,24.99,25.11,24.19,24.80,41610212
331.0,25.57,25.60,24.72,25.10,26418203
330.0,25.61,26.39,25.08,25.50,64831144
329.0,23.87,25.65,23.86,25.37,73696833
328.0,24.18,24.26,23.58,23.83,25863887
325.0,23.87,24.50,23.71,24.01,49300300
324.0,24.22,24.99,23.80,24.67,111768944
323.0,21.43,22.25,21.14,21.88,63281568
322.0,21.47,21.78,21.05,21.33,25644129
321.0,22.34,22.38,21.72,21.86,19988465
318.0,21.93,22.26,21.72,22.25,24092824
317.0,21.99,22.39,21.65,21.83,21965867
316.0,22.59,22.79,22.00,22.09,22968897
315.0,21.96,22.26,21.64,22.20,25467827
314.0,21.53,22.35,21.46,21.96,28622062
311.0,21.72,21.86,21.15,21.38,24392739
310.0,21.52,22.01,21.26,21.63,28792897
309.0,22.07,22.68,21.21,21.47,47542614
308.0,22.79,22.86,22.03,22.31,41098267
307.0,21.86,22.68,21.65,22.34,47441254
304.0,22.94,22.96,21.97,22.09,58960832
303.0,24.55,24.91,23.13,23.17,72058126
302.0,22.91,24.39,22.89,24.38,54537861
301.0,23.55,23.57,22.78,23.12,38316544
300.0,22.93,23.74,22.77,23.57,41705132
297.0,23.45,23.87,23.00,23.17,65346848
296.0,22.68,23.39,22.63,22.92,82020134
295.0,21.44,22.42,21.33,22.42,62444536
294.0,20.50,21.23,20.44,21.03,32507678
293.0,20.29,20.57,20.00,20.41,37019850
290.0,20.34,20.35,20.00,20.07,23199435
289.0,20.39,20.50,20.02,20.07,28540309
288.0,20.94,20.94,20.37,20.45,24124667
287.0,21.10,21.27,20.87,20.95,20414723
286.0,21.34,21.42,21.00,21.13,23419844
283.0,20.95,20.98,20.63,20.88,18477991
282.0,21.19,21.39,20.69,20.81,27970950
281.0,20.51,21.11,20.48,20.86,38993276
280.0,19.70,20.42,19.66,20.26,32411274
276.0,20.00,20.36,19.72,19.78,34819141
275.0,19.19,19.80,18.94,19.71,36827966
274.0,18.70,19.46,18.44,19.27,58300326
273.0,17.41,18.14,17.40,17.93,24219279
272.0,17.89,17.96,17.51,17.59,18648105
269.0,18.05,18.23,17.55,18.01,21135282
268.0,17.98,18.24,17.77,17.98,28521486
267.0,17.14,17.84,17.09,17.75,20066795
266.0,17.94,17.95,17.29,17.33,36499589
265.0,18.64,18.93,18.07,18.13,26880343
262.0,18.24,18.68,18.22,18.57,24225985
261.0,17.68,18.54,17.66,18.32,46581724
260.0,18.43,18.59,17.91,17.96,59725204
259.0,19.93,20.13,18.94,19.00,59532095
258.0,18.81,19.70,18.67,19.60,42678832
255.0,18.92,19.20,18.61,18.89,47231128
254.0,17.78,19.11,17.72,19.01,71980839
253.0,17.43,18.35,17.34,18.07,71393063
252.0,16.20,18.07,16.17,17.86,91018802
251.0,16.86,16.99,16.37,16.70,21489972
248.0,15.53,16.96,15.41,16.90,48703452
247.0,15.32,15.81,15.07,15.79,24301011
246.0,15.00,15.50,14.96,15.45,24270582
245.0,14.44,14.96,14.10,14.92,30141412
244.0,14.86,15.00,14.42,14.55,24311238
242.0,14.24,14.74,14.08,14.65,30706669
241.0,14.36,14.45,13.62,14.00,35403424
240.0,14.83,14.91,14.24,14.33,34648285
239.0,15.00,15.07,14.65,14.87,22707300
238.0,15.50,15.57,14.51,14.68,32959346
235.0,15.00,15.54,14.60,15.39,33513970
234.0,15.64,16.07,14.54,14.79,95617781
233.0,17.44,17.66,16.98,17.09,33055183
232.0,16.74,17.27,16.36,17.20,17632755
231.0,16.82,17.16,16.45,16.99,13238925
228.0,17.24,17.28,16.82,16.91,14472675
227.0,17.38,17.46,17.03,17.30,15297898
226.0,17.22,17.71,17.01,17.57,13665092
225.0,17.35,17.39,16.84,17.27,17580759
224.0,16.85,17.21,16.73,17.05,13426497
221.0,16.60,16.83,16.33,16.79,12737459
220.0,17.15,17.54,16.46,16.71,26285980
219.0,15.55,16.93,15.33,16.93,28489335
218.0,15.63,15.92,15.18,15.32,15774465
214.0,15.81,15.92,15.19,15.30,11221616
213.0,15.54,15.78,14.75,15.67,22770349
211.0,15.71,16.18,15.43,15.52,26111463
210.0,16.49,16.55,16.01,16.08,20429388
209.0,16.95,17.13,16.60,16.80,11554025
206.0,16.49,16.95,16.07,16.85,18132086
205.0,16.70,16.84,16.37,16.46,13642300
204.0,16.82,17.00,16.29,16.82,14742567
203.0,17.07,17.20,16.30,16.63,27766795
202.0,18.01,18.10,16.77,17.00,26101558
199.0,17.99,18.16,17.79,18.06,17450419
198.0,17.94,18.26,17.77,17.98,18619104
197.0,17.54,18.00,17.15,17.81,30644075
196.0,17.86,17.88,17.46,17.64,31729145
195.0,17.63,18.28,17.54,18.12,34783903
192.0,16.78,17.36,16.66,17.24,28701015
191.0,16.86,17.13,16.62,16.95,24771964
190.0,16.14,16.84,16.03,16.49,39739875
189.0,15.87,16.07,15.33,15.76,24122266
188.0,15.69,16.18,15.32,15.59,26230715
185.0,15.70,16.39,15.36,15.68,21745143
184.0,15.99,16.38,15.70,15.98,18263910
183.0,15.56,15.87,14.97,15.83,18493797
182.0,15.61,15.88,15.30,15.33,15898288
178.0,15.55,16.28,15.46,15.88,28195167
177.0,15.43,15.57,15.07,15.55,19632235
176.0,15.35,15.55,14.80,14.97,33469065
175.0,13.90,15.00,13.90,15.00,23362311
174.0,14.48,14.91,14.29,14.52,18448325
171.0,13.06,14.28,12.97,14.21,30018338
170.0,13.82,14.00,13.28,13.57,28937426
169.0,14.43,14.93,13.91,14.37,22931671
168.0,15.06,15.39,14.37,14.57,27513269
167.0,14.50,15.29,14.47,15.19,31601528
164.0,15.07,15.14,14.29,14.37,34972868
163.0,15.49,17.07,15.32,15.72,71568483
162.0,14.53,15.42,14.49,15.40,27250489
161.0,13.66,14.59,13.65,14.26,23127202
160.0,13.75,13.99,13.57,13.93,18570195
157.0,13.86,14.29,12.92,13.01,25914336
156.0,13.87,14.43,12.86,13.85,24458217
155.0,13.93,14.53,13.74,14.03,14750701
154.0,14.29,14.41,13.98,14.19,15383907
153.0,14.28,14.83,14.14,14.57,13974177
150.0,14.84,14.84,14.08,14.13,13062035
149.0,14.40,14.85,14.19,14.74,18083450
148.0,14.50,14.68,13.97,14.20,22774864
147.0,15.01,15.15,14.52,14.58,34268535
146.0,14.36,15.67,14.35,15.45,47215000
143.0,14.29,14.37,13.77,14.25,29832628
142.0,13.00,14.64,12.95,14.32,90485206
141.0,12.64,12.71,12.20,12.43,24311203
140.0,12.15,12.49,12.12,12.44,12434947
139.0,12.18,12.37,11.82,12.11,13470401
136.0,12.35,12.41,12.03,12.19,10971359
135.0,12.46,12.55,12.21,12.40,12000310
134.0,12.42,12.73,12.26,12.51,18056521
133.0,11.90,12.38,11.86,12.34,17424295
132.0,11.76,11.89,11.65,11.88,9454158
129.0,11.58,11.79,11.49,11.77,11563706
128.0,11.32,11.71,11.32,11.69,13913613
127.0,11.73,11.77,11.31,11.39,25215358
126.0,11.49,12.00,11.41,11.91,27462113
125.0,10.80,11.44,10.80,11.43,16667469
120.0,10.61,10.72,10.53,10.53,5714618
119.0,10.70,10.81,10.63,10.72,7661913
118.0,10.70,10.71,10.52,10.56,5601925
115.0,10.50,10.70,10.48,10.61,5427310
114.0,10.38,10.71,10.37,10.51,8349383
113.0,10.42,10.45,10.32,10.34,3399340
112.0,10.43,10.50,10.29,10.42,4978645
111.0,10.05,10.43,10.01,10.41,7219996
108.0,10.10,10.13,10.01,10.06,9907086
107.0,10.10,10.16,10.06,10.08,3592911
106.0,10.13,10.25,10.06,10.13,4390981
105.0,9.94,10.12,9.94,10.09,8503516
104.0,10.00,10.00,9.88,9.94,7013132
101.0,10.02,10.07,9.90,10.00,9372195
100.0,10.16,10.23,10.06,10.17,8457281
99.0,10.04,10.22,10.01,10.18,7744289
98.0,9.74,10.19,9.74,9.99,14181307
97.0,9.71,9.82,9.69,9.81,6064772
94.0,9.75,9.81,9.58,9.66,9117416
93.0,9.60,9.80,9.59,9.72,7062972
92.0,9.45,9.77,9.37,9.65,22049727
91.0,10.00,10.00,9.83,9.85,11958877
90.0,9.43,9.96,9.43,9.96,12867561
85.0,9.38,9.55,9.33,9.44,8621725
84.0,9.14,9.37,9.01,9.37,10717679
83.0,9.24,9.34,9.17,9.24,12007100
82.0,9.27,9.32,9.17,9.19,13048882
81.0,9.58,9.61,9.12,9.32,35298662
78.0,9.41,9.58,9.36,9.52,8812328
77.0,9.13,9.47,9.13,9.44,8813056
76.0,9.26,9.26,9.06,9.22,8190175
75.0,9.09,9.29,9.07,9.27,9922374
71.0,9.00,9.03,8.87,9.03,8407763
70.0,8.74,9.07,8.73,9.05,7204512
69.0,8.87,8.92,8.72,8.78,5807319
68.0,8.72,8.88,8.71,8.88,8814715
67.0,8.71,8.82,8.57,8.70,9345896
64.0,8.60,8.72,8.47,8.69,11099284
63.0,8.76,8.89,8.59,8.62,11026666
62.0,8.84,8.98,8.76,8.85,8760556
61.0,8.70,8.88,8.70,8.84,10242092
60.0,8.83,8.98,8.53,8.72,18920559
57.0,8.96,9.22,8.79,8.89,24607324
56.0,8.81,9.12,8.68,9.01,77389984
55.0,7.14,7.31,6.99,7.28,23346981
54.0,6.96,7.18,6.94,7.14,11344116
53.0,7.29,7.36,6.93,7.02,13792142
50.0,7.30,7.48,7.21,7.27,9395841
49.0,7.22,7.45,7.21,7.31,8642039
48.0,7.27,7.49,7.22,7.32,9694580
47.0,7.25,7.38,7.24,7.31,5302122
43.0,7.25,7.41,7.23,7.28,13030556
42.0,7.52,7.58,7.27,7.28,17685654
41.0,7.61,7.75,7.56,7.71,14421554
40.0,7.53,7.58,7.45,7.48,6329505
39.0,7.66,7.70,7.53,7.60,6783308
36.0,7.50,7.74,7.47,7.61,8180697
35.0,7.73,7.76,7.46,7.49,9955204
34.0,7.36,7.67,7.20,7.62,23294558
33.0,7.65,7.66,7.26,7.36,23753443
32.0,7.93,7.96,7.57,7.64,17240076
365.0,7.95,8.01,7.86,7.87,5291237
364.0,8.14,8.14,7.89,7.95,4636863
363.0,8.26,8.28,8.13,8.14,4839625
362.0,8.10,8.29,8.10,8.19,6005482
358.0,8.14,8.24,8.08,8.13,3035074
357.0,7.74,8.13,7.73,8.12,10459183
356.0,7.71,7.89,7.63,7.66,11728724
355.0,7.60,7.75,7.58,7.71,6855009
352.0,7.70,7.71,7.57,7.61,10441529
351.0,7.79,7.83,7.67,7.68,10090619
350.0,8.10,8.13,7.81,7.87,17008383
349.0,8.02,8.21,7.99,8.13,5581779
348.0,8.06,8.07,7.93,8.06,4818121
345.0,8.12,8.14,7.91,7.96,5078052
344.0,7.95,8.16,7.95,8.11,5913544
343.0,8.01,8.03,7.84,7.99,5146330
342.0,7.92,8.02,7.82,7.99,7777308
341.0,8.14,8.14,7.93,7.99,9403947
338.0,8.29,8.35,7.87,8.03,11601303
337.0,8.44,8.50,8.25,8.28,8533777
336.0,8.34,8.54,8.29,8.43,9093546
335.0,8.22,8.40,8.10,8.32,13823236
364.0,8.28,8.40,8.13,8.38,9074296
361.0,8.19,8.36,7.82,8.26,5754658
359.0,8.52,8.55,8.40,8.46,7613802
358.0,8.35,8.63,8.30,8.52,10400138
357.0,8.64,8.71,8.58,8.63,4852883
354.0,8.52,8.58,8.33,8.57,7789397
353.0,8.67,8.71,8.56,8.61,4040372
352.0,8.69,8.81,8.61,8.73,6592509
351.0,8.52,8.71,8.43,8.68,9716532
350.0,8.51,8.63,8.46,8.49,8025696
347.0,8.32,8.49,8.22,8.48,5476996
346.0,8.49,8.55,8.29,8.31,5187189
345.0,8.44,8.56,8.35,8.49,10471832
344.0,8.13,8.48,8.11,8.34,13188567
343.0,7.95,8.21,7.93,8.17,8538978
340.0,7.85,8.00,7.71,7.98,12006428
339.0,7.71,8.12,7.66,8.06,13414471
338.0,7.73,7.86,7.71,7.74,7727790
337.0,7.60,7.76,7.52,7.68,10743152
336.0,7.60,7.77,7.51,7.69,5878530
333.0,7.86,8.00,7.62,7.64,9432206
332.0,7.67,7.91,7.57,7.90,9852402
331.0,7.83,7.91,7.57,7.65,11096127
330.0,7.89,7.92,7.73,7.75,9258627
329.0,7.97,8.11,7.86,7.88,11316123
326.0,7.12,8.21,7.10,7.84,50789494
325.0,6.87,7.10,6.79,7.09,8806896
324.0,7.01,7.07,6.83,6.84,6847309
323.0,7.23,7.25,6.97,6.99,7755370
322.0,7.12,7.20,7.01,7.11,5579791
319.0,7.08,7.12,6.86,7.00,8268939
318.0,6.75,7.28,6.75,7.19,18520040
317.0,6.70,6.87,6.65,6.87,7654773
316.0,6.58,6.71,6.56,6.64,4513971
315.0,6.71,6.83,6.57,6.58,7389991
312.0,6.62,6.70,6.59,6.70,4810274
311.0,6.59,6.70,6.55,6.58,6748637
310.0,6.57,6.66,6.55,6.61,3904425
309.0,6.50,6.61,6.49,6.60,6304704
308.0,6.43,6.53,6.39,6.49,8049790
305.0,6.36,6.55,6.33,6.39,5773180
304.0,6.54,6.56,6.33,6.37,8479366
303.0,6.69,6.73,6.50,6.60,6713994
302.0,6.57,6.74,6.53,6.61,9739149
301.0,6.59,6.70,6.50,6.57,9012367
298.0,6.61,6.71,6.57,6.61,4308500
297.0,6.74,6.74,6.60,6.66,3734675
296.0,6.85,6.86,6.69,6.69,5079249
295.0,6.84,6.89,6.76,6.82,6386562
294.0,6.67,6.84,6.65,6.79,8175118
291.0,6.59,6.78,6.53,6.77,12327224
290.0,6.62,6.72,6.58,6.63,6532645
289.0,6.47,6.71,6.46,6.69,12695823
288.0,6.28,6.43,6.17,6.42,10294585
287.0,6.08,6.19,5.98,6.18,5660109
284.0,6.25,6.26,6.07,6.09,6797497
283.0,6.14,6.39,6.14,6.21,10403596
282.0,5.91,6.28,5.91,6.18,17747590
281.0,5.90,5.98,5.83,5.93,7307727
277.0,5.73,5.88,5.71,5.85,8541603
276.0,5.90,5.93,5.61,5.76,19494839
275.0,5.96,6.06,5.95,5.97,6498709
274.0,6.17,6.34,5.95,6.02,10958941
273.0,6.31,6.38,6.17,6.23,5685498
270.0,6.36,6.41,6.29,6.32,7204512
269.0,6.24,6.29,6.12,6.25,9685949
268.0,6.33,6.39,6.25,6.28,5680472
267.0,6.40,6.41,6.32,6.35,7182343
266.0,6.47,6.55,6.33,6.33,7902496
263.0,6.49,6.51,6.42,6.44,8525412
262.0,6.38,6.51,6.37,6.43,6899368
261.0,6.26,6.54,6.25,6.41,9780113
260.0,6.15,6.23,6.12,6.22,4277875
259.0,6.26,6.26,6.07,6.16,6271440
256.0,6.58,6.59,6.31,6.36,7934668
255.0,6.57,6.67,6.45,6.61,5262719
254.0,6.59,6.66,6.48,6.61,6156612
253.0,6.55,6.62,6.51,6.58,5896583
252.0,6.41,6.56,6.37,6.54,7542444
249.0,6.33,6.46,6.26,6.43,9181137
248.0,6.29,6.36,6.20,6.21,7715960
247.0,6.34,6.36,6.25,6.33,6419119
246.0,6.40,6.41,6.24,6.31,8518139
245.0,6.34,6.42,6.26,6.42,8445976
243.0,6.19,6.35,6.19,6.28,7649033
242.0,6.08,6.30,6.08,6.23,10229275
241.0,6.01,6.17,6.00,6.10,8587992
240.0,5.84,6.07,5.82,6.05,11685317
239.0,6.02,6.04,5.85,5.96,15532363
236.0,6.32,6.37,5.98,6.03,35727125
235.0,6.55,6.81,6.51,6.64,20070827
234.0,6.38,6.55,6.36,6.47,9840852
233.0,6.40,6.43,6.19,6.40,9130863
232.0,6.36,6.43,6.23,6.40,9680734
229.0,6.30,6.38,6.25,6.31,8305955
228.0,6.26,6.32,6.16,6.30,8621711
227.0,6.26,6.35,6.19,6.34,9424674
226.0,6.06,6.22,5.97,6.19,13967289
225.0,5.71,6.15,5.69,6.03,29693699
222.0,5.63,5.77,5.63,5.72,5254284
221.0,5.62,5.73,5.59,5.71,12083806
220.0,5.52,5.55,5.42,5.53,7617743
219.0,5.68,5.75,5.53,5.54,7216265
218.0,5.64,5.77,5.59,5.68,7911575
214.0,5.85,5.86,5.67,5.70,7030289
213.0,5.94,6.07,5.78,5.80,8613255
211.0,5.93,5.97,5.70,5.91,11391219
210.0,5.80,5.97,5.74,5.89,8627815
207.0,5.90,6.10,5.76,5.77,48480201
206.0,5.63,5.88,5.59,5.87,9096997
205.0,5.68,5.75,5.62,5.66,8350825
204.0,5.71,5.74,5.57,5.65,7968359
203.0,5.91,5.91,5.65,5.79,12357443
200.0,5.92,6.12,5.92,5.94,15914920
199.0,5.86,5.94,5.74,5.90,12372514
198.0,5.64,5.87,5.59,5.77,21558257
197.0,5.47,5.50,5.36,5.40,11969853
196.0,5.35,5.51,5.29,5.45,14079569
193.0,5.36,5.42,5.29,5.41,7498085
192.0,5.40,5.55,5.35,5.39,8565130
191.0,5.65,5.66,5.37,5.41,13949152
190.0,5.61,5.66,5.56,5.57,8011136
189.0,5.55,5.60,5.43,5.54,8421889
186.0,5.76,5.76,5.52,5.60,10232586
185.0,5.76,5.85,5.64,5.82,9467220
184.0,5.84,5.89,5.69,5.79,7412174
183.0,5.83,5.99,5.73,5.88,9578002
182.0,5.71,5.89,5.68,5.85,9743209
179.0,5.54,5.66,5.44,5.63,13691433
178.0,5.53,5.61,5.38,5.51,8086358
177.0,5.72,5.77,5.55,5.56,9294180
176.0,5.51,5.77,5.50,5.73,8135659
172.0,5.65,5.69,5.51,5.54,4261292
171.0,5.71,5.81,5.51,5.59,9964864
170.0,5.74,5.97,5.71,5.75,15792560
169.0,5.59,5.76,5.55,5.66,13829249
168.0,5.57,5.63,5.43,5.54,12097834
165.0,5.38,5.63,5.22,5.50,16592786
164.0,5.35,5.36,5.18,5.30,14256081
163.0,5.71,5.71,5.26,5.38,20459103
162.0,5.66,5.81,5.54,5.76,13068118
161.0,5.65,5.71,5.45,5.66,12990824
158.0,5.72,5.80,5.40,5.75,24914869
157.0,6.08,6.19,5.53,5.71,25179399
156.0,6.45,6.50,5.96,6.14,16351384
155.0,6.42,6.50,6.36,6.44,7007686
154.0,6.36,6.55,6.31,6.42,7936502
151.0,6.46,6.49,6.32,6.35,7327691
150.0,6.47,6.71,6.45,6.47,12255670
149.0,6.50,6.57,6.42,6.46,17892070
148.0,6.54,6.80,6.43,6.60,16545277
147.0,6.28,6.69,6.23,6.62,29344182
144.0,6.22,6.26,6.01,6.10,30086700
143.0,6.54,6.57,6.22,6.47,24747107
142.0,6.58,6.83,6.48,6.55,12685414
141.0,7.06,7.07,6.40,6.66,24562762
140.0,6.97,7.10,6.85,7.09,10660258
137.0,6.87,7.02,6.79,6.98,8985585
136.0,6.68,6.95,6.61,6.90,9829463
135.0,6.76,6.81,6.52,6.66,10912832
134.0,6.95,6.97,6.78,6.83,16958060
133.0,6.71,7.18,6.63,7.06,26653893
129.0,6.36,6.71,6.31,6.71,13816292
128.0,6.30,6.38,6.27,6.33,6576423
127.0,6.35,6.41,6.23,6.24,8217783
126.0,6.14,6.38,6.10,6.36,12520634
123.0,6.15,6.26,6.08,6.15,7215152
122.0,6.25,6.28,6.14,6.16,11049318
121.0,6.11,6.28,6.02,6.12,10427396
120.0,6.03,6.28,5.95,6.13,12717852
119.0,5.64,6.05,5.58,6.00,19397721
116.0,5.89,5.89,5.63,5.67,11035500
115.0,5.96,6.06,5.91,5.96,14459767
114.0,6.18,6.26,5.77,5.94,18687123
113.0,6.15,6.35,6.14,6.20,12205235
112.0,5.95,6.20,5.80,6.20,14640766
109.0,5.97,6.04,5.82,5.95,13116894
108.0,6.06,6.06,5.89,5.93,12115488
107.0,5.81,6.06,5.74,5.95,16355360
106.0,5.54,5.83,5.44,5.83,11903255
105.0,5.67,5.76,5.51,5.52,12023298
102.0,5.70,5.71,5.54,5.62,9539383
101.0,5.26,5.71,5.21,5.71,14090622
100.0,5.51,5.55,5.29,5.36,11042941
99.0,5.60,5.68,5.46,5.50,16356172
98.0,5.46,5.70,5.43,5.50,11881499
95.0,5.50,5.54,5.27,5.45,8729644
94.0,5.25,5.52,5.24,5.41,11345565
93.0,5.30,5.46,5.16,5.39,14489405
92.0,4.90,5.59,4.87,5.19,51745225
91.0,5.06,5.14,4.86,4.91,15885737
86.0,5.11,5.26,5.04,5.18,8995595
85.0,5.07,5.25,4.99,5.11,10766119
84.0,5.23,5.31,5.05,5.11,15887221
83.0,5.09,5.19,5.06,5.15,14244125
82.0,5.27,5.27,5.05,5.08,14434196
79.0,5.23,5.40,5.22,5.26,11410329
78.0,5.24,5.48,5.24,5.30,14897267
77.0,5.34,5.38,5.19,5.29,13208832
76.0,5.43,5.49,5.28,5.32,15199121
72.0,5.43,5.55,5.38,5.51,20014442
71.0,5.24,5.43,5.23,5.42,20512548
70.0,5.14,5.21,4.97,5.17,13301862
69.0,5.23,5.36,5.15,5.17,16383696
68.0,5.26,5.29,5.13,5.28,10991995
65.0,5.26,5.30,5.10,5.29,21145789
64.0,5.09,5.36,5.09,5.35,14301315
63.0,5.29,5.42,5.17,5.26,14554218
62.0,5.27,5.32,5.14,5.25,17174542
61.0,5.08,5.37,5.08,5.28,15443267
58.0,5.14,5.25,5.05,5.16,18736424
57.0,5.06,5.41,5.04,5.27,24273998
56.0,5.00,5.17,4.99,5.17,18396889
55.0,4.72,5.05,4.70,4.97,60162459
54.0,4.34,4.46,4.16,4.31,15763762
51.0,4.33,4.43,4.30,4.35,9474360
50.0,4.26,4.47,4.21,4.41,7172256
49.0,4.33,4.41,4.19,4.38,8063454
48.0,4.43,4.49,4.24,4.26,5605656
44.0,4.56,4.56,4.32,4.47,6655243
43.0,4.18,4.62,4.12,4.52,7407981
42.0,4.36,4.42,4.11,4.22,9044910
41.0,4.43,4.53,4.32,4.42,7822542
40.0,4.60,4.65,4.43,4.46,6524686
37.0,4.77,4.77,4.59,4.61,5687920
36.0,4.62,4.80,4.49,4.74,8174950
35.0,4.72,4.73,4.57,4.67,10133242
34.0,4.59,4.75,4.59,4.71,12065368
33.0,4.33,4.56,4.30,4.56,13050072
30.0,4.22,4.36,4.20,4.27,6604997
